{
  "type": "FeatureCollection",
  "features": [
    {
      "type": "Feature",
      "geometry": {
        "type": "Point",
        "coordinates": [
          -58.9727969739297,
          -26.3839423424421
        ]
      },
      "properties": {
        "numero": "EM2-",
        "ubicacion": "COLONIA NUEVA ESPERANZA",
        "tipo secc.": "XS",
        "tension": "13.2",
        "LOCALIDAD": "VILLA ESCOLAR"
      }
    },
    {
      "type": "Feature",
      "geometry": {
        "type": "Point",
        "coordinates": [
          -58.6285086860678,
          -26.6550604169918
        ]
      },
      "properties": {
        "numero": "EM2-MAN-001",
        "ubicacion": "AV. SAN MARTIN ESQUINA MITRE",
        "tipo secc.": "XS",
        "tension": "13.2"
      }
    },
    {
      "type": "Feature",
      "geometry": {
        "type": "Point",
        "coordinates": [
          -58.6625137161948,
          -26.6260473324143
        ]
      },
      "properties": {
        "numero": "EM2-ESC-001",
        "ubicacion": "SOBRE RUTA PROVINCIAL Nº 1",
        "tipo secc.": "XS",
        "tension": "13.2"
      }
    },
    {
      "type": "Feature",
      "geometry": {
        "type": "Point",
        "coordinates": [
          -58.972600019,
          -26.3835299796
        ]
      },
      "properties": {
        "ubicacion": "KM 128",
        "tension": "7.62/0.231",
        "LOCALIDAD": "VILLA ESCOLAR"
      }
    },
    {
      "type": "Feature",
      "geometry": {
        "type": "Point",
        "coordinates": [
          -58.7266353352569,
          -26.5860154528418
        ]
      },
      "properties": {
        "numero": "EM2-",
        "tipo secc.": "XS",
        "tension": "13.2",
        "LOCALIDAD": "VILLA ESCOLAR"
      }
    },
    {
      "type": "Feature",
      "geometry": {
        "type": "Point",
        "coordinates": [
          -58.2022889684225,
          -26.1287712280819
        ]
      },
      "properties": {
        "numero": "EM2-FMA-586",
        "ubicacion": "DERIVACION A LOTEO DOÑA VALENTINA - L.R. N° 30",
        "tipo secc.": "XS",
        "tension": "13.2",
        "LOCALIDAD": "FORMOSA"
      }
    },
    {
      "type": "Feature",
      "geometry": {
        "type": "Point",
        "coordinates": [
          -58.3682954315805,
          -26.4030448448552
        ]
      },
      "properties": {
        "numero": "EM2-TAT-S/N",
        "tipo secc.": "XS",
        "tension": "13.2"
      }
    },
    {
      "type": "Feature",
      "geometry": {
        "type": "Point",
        "coordinates": [
          -58.2096477515255,
          -26.1774734316084
        ]
      },
      "properties": {
        "numero": "EM1-FMA-0339",
        "ubicacion": "AV. CIRCUNVALACION Y MOREAU DE JUSTO",
        "tipo secc.": "A CUCHILLA",
        "tension": "33",
        "LOCALIDAD": "FORMOSA"
      }
    },
    {
      "type": "Feature",
      "geometry": {
        "type": "Point",
        "coordinates": [
          -58.1633963733503,
          -26.1316871911636
        ]
      },
      "properties": {
        "numero": "EM2-FMA-558",
        "ubicacion": "MZ 11",
        "tipo secc.": "XS",
        "tension": "13.2",
        "LOCALIDAD": "FORMOSA"
      }
    },
    {
      "type": "Feature",
      "geometry": {
        "type": "Point",
        "coordinates": [
          -58.162099470119,
          -26.1313788988356
        ]
      },
      "properties": {
        "numero": "EM2-FMA-564",
        "ubicacion": "SALIDA C.D. N°5",
        "tipo secc.": "A CUERNOS",
        "tension": "13.2",
        "LOCALIDAD": "FORMOSA"
      }
    },
    {
      "type": "Feature",
      "geometry": {
        "type": "Point",
        "coordinates": [
          -58.2385634183395,
          -25.1283234312308
        ]
      },
      "properties": {
        "numero": "EM2-LBL-",
        "ubicacion": "25 DE MAYO Y SARMIENTO",
        "tipo secc.": "A CUCHILLA",
        "tension": "13.2",
        "LOCALIDAD": "LAGUNA BLANCA"
      }
    },
    {
      "type": "Feature",
      "geometry": {
        "type": "Point",
        "coordinates": [
          -58.237836,
          -25.12903
        ]
      },
      "properties": {
        "numero": "EM2-LBL-010",
        "ubicacion": "SARMIENTO Y FORMOSA",
        "tipo secc.": "XS",
        "tension": "13.2",
        "LOCALIDAD": "LAGUNA BLANCA"
      }
    },
    {
      "type": "Feature",
      "geometry": {
        "type": "Point",
        "coordinates": [
          -57.7301749342951,
          -25.2881903374269
        ]
      },
      "properties": {
        "numero": "EM2-CLO-000",
        "ubicacion": "SAN NICOLAS Y SARGENTO CABRAL",
        "tipo secc.": "XS TRIFASICO",
        "tension": "13.2",
        "LOCALIDAD": "CLORINDA"
      }
    },
    {
      "type": "Feature",
      "geometry": {
        "type": "Point",
        "coordinates": [
          -57.7346648606056,
          -25.2917079999365
        ]
      },
      "properties": {
        "numero": "EM2-CLO-000",
        "ubicacion": "AV. LARRABURE Y RUTA NACIONAL N°86",
        "tipo secc.": "A CUERNOS",
        "tension": "13.2",
        "LOCALIDAD": "CLORINDA"
      }
    },
    {
      "type": "Feature",
      "geometry": {
        "type": "Point",
        "coordinates": [
          -57.73698040347,
          -25.2885698449005
        ]
      },
      "properties": {
        "numero": "EM2-CLO-000",
        "ubicacion": "AV. NESTOR KIRCHNER Y MARIO BERGOGLIO",
        "tipo secc.": "A CUCHILLA",
        "tension": "13.2",
        "LOCALIDAD": "CLORINDA"
      }
    },
    {
      "type": "Feature",
      "geometry": {
        "type": "Point",
        "coordinates": [
          -57.7449342176127,
          -25.2913582808607
        ]
      },
      "properties": {
        "numero": "EM2-CLO-000",
        "ubicacion": "AV NESTOR KIRCHNER Y VIRGEN DE ITATI",
        "tipo secc.": "XS TRIFASICO",
        "tension": "13.2",
        "LOCALIDAD": "CLORINDA"
      }
    },
    {
      "type": "Feature",
      "geometry": {
        "type": "Point",
        "coordinates": [
          -58.6301612486961,
          -26.2434775882063
        ]
      },
      "properties": {
        "numero": "EM2-LAH-004",
        "ubicacion": "SAN MARTIN ESQUINA ITURALDE",
        "tipo secc.": "CUCHILLA",
        "tension": "13.2",
        "LOCALIDAD": "MISION LAISHI"
      }
    },
    {
      "type": "Feature",
      "geometry": {
        "type": "Point",
        "coordinates": [
          -58.48710882945,
          -26.1110334510017
        ]
      },
      "properties": {
        "numero": "EM2-MBO-002",
        "ubicacion": "VIA FERREA Y AV PRINCIPAL",
        "tipo secc.": "XS",
        "tension": "13.2",
        "LOCALIDAD": "MARIANO BOEDO"
      }
    },
    {
      "type": "Feature",
      "geometry": {
        "type": "GeometryCollection",
        "geometries": []
      },
      "properties": {}
    },
    {
      "type": "Feature",
      "geometry": {
        "type": "Point",
        "coordinates": [
          -58.2171268681343,
          -26.1601896111621
        ]
      },
      "properties": {
        "numero": "EM2-FMA-0283",
        "ubicacion": "AV. ALICIA MOREAU DE JUSTO Y VIA FERREA",
        "tipo secc.": "XS APAGACHISPAS",
        "tension": "13.2",
        "LOCALIDAD": "FORMOSA"
      }
    },
    {
      "type": "Feature",
      "geometry": {
        "type": "Point",
        "coordinates": [
          -58.3298911829533,
          -25.2040963690566
        ]
      },
      "properties": {
        "tipo secc.": "XS"
      }
    },
    {
      "type": "Feature",
      "geometry": {
        "type": "Point",
        "coordinates": [
          -58.2150616904633,
          -26.1970538962538
        ]
      },
      "properties": {
        "numero": "EM2-FMA-0254",
        "ubicacion": "JUAN LUIS DIAZ Y ESPAÑA",
        "tipo secc.": "A CUERNOS",
        "tension": "13.2",
        "LOCALIDAD": "FORMOSA"
      }
    },
    {
      "type": "Feature",
      "geometry": {
        "type": "Point",
        "coordinates": [
          -59.578416314861,
          -25.3943219415736
        ]
      },
      "properties": {
        "numero": "EM2-FON-008",
        "ubicacion": "RUTA NACIONAL N° 81 - A LA ALTURA DE COLONIA ABORIGEN BARTOLOME DE LAS CASAS",
        "tipo secc.": "A CUERNOS",
        "tension": "13.2",
        "LOCALIDAD": "COMANDANTE FONTANA"
      }
    },
    {
      "type": "Feature",
      "geometry": {
        "type": "Point",
        "coordinates": [
          -59.371441774095,
          -26.3076624714201
        ]
      },
      "properties": {
        "numero": "EM2-COL-020",
        "ubicacion": "AV. 25 DE MAYO Y TUCUMAN",
        "tipo secc.": "BAJO CARGA",
        "tension": "13.2"
      }
    },
    {
      "type": "Feature",
      "geometry": {
        "type": "Point",
        "coordinates": [
          -58.524784,
          -25.9295
        ]
      },
      "properties": {
        "ubicacion": "SOBRE RUTA NACIONAL 81 KM1220.6",
        "tipo secc.": "XS",
        "tension": "13.2",
        "LOCALIDAD": "FORMOSA"
      }
    },
    {
      "type": "Feature",
      "geometry": {
        "type": "Point",
        "coordinates": [
          -59.3618164881371,
          -26.3109429094088
        ]
      },
      "properties": {
        "numero": "EM2-COL-021",
        "ubicacion": "AV. KIRCHNER Y C. POURCEL",
        "tipo secc.": "XS",
        "tension": "13.2"
      }
    },
    {
      "type": "Feature",
      "geometry": {
        "type": "Point",
        "coordinates": [
          -58.2428349958,
          -26.2305730044
        ]
      },
      "properties": {
        "numero": "EM2-FMA-408",
        "ubicacion": "RUTA NACIONAL N° 11 - ACCESO A BARRIO DON JUAN",
        "tipo secc.": "A CUCHILLA",
        "tension": "13.2",
        "LOCALIDAD": "FORMOSA"
      }
    },
    {
      "type": "Feature",
      "geometry": {
        "type": "Point",
        "coordinates": [
          -58.1792529648802,
          -26.1673414224547
        ]
      },
      "properties": {
        "numero": "EM2-FMA-182",
        "ubicacion": "AV. GORLERI (ESQUINA EDIFICIO DE OBRAS PUBLICAS)",
        "tipo secc.": "A CUERNOS",
        "tension": "13.2",
        "LOCALIDAD": "FORMOSA"
      }
    },
    {
      "type": "Feature",
      "geometry": {
        "type": "Point",
        "coordinates": [
          -57.7392370670048,
          -25.2859242381021
        ]
      },
      "properties": {
        "numero": "EM2-CLO-000",
        "ubicacion": "AV. ROSA SHIPPER",
        "tipo secc.": "A CUERNOS",
        "tension": "13.2",
        "LOCALIDAD": "CLORINDA"
      }
    },
    {
      "type": "Feature",
      "geometry": {
        "type": "Point",
        "coordinates": [
          -57.7387297989348,
          -25.2838476094403
        ]
      },
      "properties": {
        "numero": "EM2-CLO-000",
        "ubicacion": "AV. ROSA SHIPPER",
        "tipo secc.": "A CUERNOS",
        "tension": "13.2",
        "LOCALIDAD": "CLORINDA"
      }
    },
    {
      "type": "Feature",
      "geometry": {
        "type": "Point",
        "coordinates": [
          -57.7382879208894,
          -25.2828792143133
        ]
      },
      "properties": {
        "numero": "EM2-CLO-000",
        "ubicacion": "AV. ROSA SHIPPER",
        "tipo secc.": "A CUERNOS",
        "tension": "13.2",
        "LOCALIDAD": "CLORINDA"
      }
    },
    {
      "type": "Feature",
      "geometry": {
        "type": "Point",
        "coordinates": [
          -59.8616223508387,
          -25.2159091302674
        ]
      },
      "properties": {}
    },
    {
      "type": "Feature",
      "geometry": {
        "type": "Point",
        "coordinates": [
          -61.7472585062788,
          -23.6043904675781
        ]
      },
      "properties": {
        "numero": "EM2-PM-S/N",
        "ubicacion": "LA TUSCA",
        "tipo secc.": "XS",
        "tension": "13.2 KV",
        "LOCALIDAD": "POZO DE MAZA"
      }
    },
    {
      "type": "Feature",
      "geometry": {
        "type": "Point",
        "coordinates": [
          -62.0289919898,
          -23.1776973233
        ]
      },
      "properties": {
        "numero": "EM2-PL-",
        "ubicacion": "BARRIO EL FAVORITO",
        "tipo secc.": "XS",
        "tension": "13.2 KV",
        "LOCALIDAD": "EL POTRILLO"
      }
    },
    {
      "type": "Feature",
      "geometry": {
        "type": "Point",
        "coordinates": [
          -62.0477814337824,
          -23.1930957065792
        ]
      },
      "properties": {
        "numero": "EM-PL-"
      }
    },
    {
      "type": "Feature",
      "geometry": {
        "type": "Point",
        "coordinates": [
          -61.6079758989693,
          -23.4933703253011
        ]
      },
      "properties": {
        "numero": "EM2-PM-007",
        "ubicacion": "DESVIO A EL CHURCAL",
        "tipo secc.": "XS",
        "tension": "13.2 KV",
        "LOCALIDAD": "POZO DE MAZA"
      }
    },
    {
      "type": "Feature",
      "geometry": {
        "type": "Point",
        "coordinates": [
          -61.6309473853266,
          -23.4965537331901
        ]
      },
      "properties": {
        "numero": "EM2-PM-006",
        "ubicacion": "COMUNIDAD LA MOCHA",
        "tipo secc.": "XS",
        "tension": "13.2 KV",
        "LOCALIDAD": "POZO DE MAZA"
      }
    },
    {
      "type": "Feature",
      "geometry": {
        "type": "Point",
        "coordinates": [
          -58.2334203336,
          -26.2161144273
        ]
      },
      "properties": {
        "numero": "EM2-FMA-342",
        "ubicacion": "RUTA NACIONAL N° 11 FRENTE A AEROPUERTO",
        "tipo secc.": "A CUCHILLA",
        "tension": "13.2",
        "LOCALIDAD": "FORMOSA"
      }
    },
    {
      "type": "Feature",
      "geometry": {
        "type": "Point",
        "coordinates": [
          -61.7080256157,
          -23.5245659575
        ]
      },
      "properties": {
        "numero": "EM2-PM-003",
        "ubicacion": "EL QUIMIL - DESVIO A EL QUEBRACHO",
        "tipo secc.": "XS",
        "tension": "13.2 KV",
        "LOCALIDAD": "POZO DE MAZA"
      }
    },
    {
      "type": "Feature",
      "geometry": {
        "type": "Point",
        "coordinates": [
          -61.7065634249568,
          -23.5244268089032
        ]
      },
      "properties": {
        "numero": "EM2-PM-004",
        "ubicacion": "EL QUIMIL - DESVIO A VACA PERDIDA",
        "tipo secc.": "XS",
        "tension": "13.2 KV",
        "LOCALIDAD": "POZO DE MAZA"
      }
    },
    {
      "type": "Feature",
      "geometry": {
        "type": "Point",
        "coordinates": [
          -59.348080548589,
          -26.3111744486544
        ]
      },
      "properties": {
        "numero": "EM2-COL-022",
        "ubicacion": "AV. KIRCHNER Y RUTA Nº 1",
        "tipo secc.": "XS",
        "tension": "13.2"
      }
    },
    {
      "type": "Feature",
      "geometry": {
        "type": "Point",
        "coordinates": [
          -61.7071081809481,
          -23.5670231855768
        ]
      },
      "properties": {
        "numero": "EM2-PM-002",
        "ubicacion": "ACCESO A LOCALIDAD POZO DE MAZA",
        "tipo secc.": "XS",
        "tension": "13.2 KV",
        "LOCALIDAD": "POZO DE MAZA"
      }
    },
    {
      "type": "Feature",
      "geometry": {
        "type": "Point",
        "coordinates": [
          -58.2282437310275,
          -26.2081557883183
        ]
      },
      "properties": {
        "numero": "EM2-FMA-340",
        "ubicacion": "SOBRE RUTA NACIONAL N° 11 - FRENTE AL OBISPADO",
        "tipo secc.": "A CUERNO",
        "tension": "13.2",
        "LOCALIDAD": "FORMOSA"
      }
    },
    {
      "type": "Feature",
      "geometry": {
        "type": "Point",
        "coordinates": [
          -58.2326939724,
          -26.2150151692
        ]
      },
      "properties": {
        "numero": "EM2-FMA-341",
        "ubicacion": "ACOMETIDA A SETIN AEROPUERTO",
        "tipo secc.": "A CUCHILLA",
        "tension": "13.2",
        "LOCALIDAD": "FORMOSA"
      }
    },
    {
      "type": "Feature",
      "geometry": {
        "type": "Point",
        "coordinates": [
          -58.191148847108,
          -26.181078250565
        ]
      },
      "properties": {
        "numero": "EM2-FMA-132",
        "ubicacion": "AV. KIRCHNER N° 2045",
        "tipo secc.": "A CUERNO",
        "tension": "13.2",
        "LOCALIDAD": "FORMOSA"
      }
    },
    {
      "type": "Feature",
      "geometry": {
        "type": "Point",
        "coordinates": [
          -58.1915230828739,
          -26.1816344541805
        ]
      },
      "properties": {
        "numero": "EM2-FMA-133",
        "ubicacion": "AV. KIRCHNER Y TRINIDAD GONZALEZ",
        "tipo secc.": "A CUERNO",
        "tension": "13.2",
        "LOCALIDAD": "FORMOSA"
      }
    },
    {
      "type": "Feature",
      "geometry": {
        "type": "Point",
        "coordinates": [
          -58.6658605576939,
          -26.622027761809
        ]
      },
      "properties": {
        "numero": "EM2-ESC-002",
        "ubicacion": "SOBRE RUTA PROVINCIAL N° 9",
        "tipo secc.": "CUCHILLA",
        "tension": "13.2",
        "LOCALIDAD": "VILLA ESCOLAR"
      }
    },
    {
      "type": "Feature",
      "geometry": {
        "type": "Point",
        "coordinates": [
          -58.2734442157321,
          -25.205181887657
        ]
      },
      "properties": {
        "ubicacion": "RUTA PROVINCIAL N°8",
        "tipo secc.": "XS",
        "tension": "7.62",
        "LOCALIDAD": "SIETE PALMAS"
      }
    },
    {
      "type": "Feature",
      "geometry": {
        "type": "Point",
        "coordinates": [
          -58.1621967765,
          -26.1906065394
        ]
      },
      "properties": {
        "numero": "EM2-FMA-0053",
        "ubicacion": "Av. Napoleón Uriburu Nº 125",
        "tipo secc.": "A CUERNOS",
        "tension": "13.2",
        "LOCALIDAD": "FORMOSA"
      }
    },
    {
      "type": "Feature",
      "geometry": {
        "type": "Point",
        "coordinates": [
          -58.1678024817,
          -26.1924397581
        ]
      },
      "properties": {
        "numero": "EM2-FMA-0054",
        "ubicacion": "Av. Napoleón Uriburu Nº 625",
        "tipo secc.": "A CUERNOS",
        "tension": "13.2",
        "LOCALIDAD": "FORMOSA"
      }
    },
    {
      "type": "Feature",
      "geometry": {
        "type": "Point",
        "coordinates": [
          -58.5137504345279,
          -25.1871760145457
        ]
      },
      "properties": {
        "ubicacion": "RUTA PROVINCIAL N°8",
        "tipo secc.": "XS",
        "tension": "7.62",
        "LOCALIDAD": "SIETE PALMAS"
      }
    },
    {
      "type": "Feature",
      "geometry": {
        "type": "Point",
        "coordinates": [
          -58.5145857376821,
          -25.1895791174661
        ]
      },
      "properties": {
        "ubicacion": "RUTA PROVINCIAL N°8",
        "tipo secc.": "XS",
        "tension": "7.62",
        "LOCALIDAD": "SIETE PALMAS"
      }
    },
    {
      "type": "Feature",
      "geometry": {
        "type": "Point",
        "coordinates": [
          -58.1776870121,
          -26.1956685972
        ]
      },
      "properties": {
        "numero": "EM2-FMA-0056",
        "ubicacion": "Av. Napoleón Uriburu Nº 1418",
        "tipo secc.": "A CUERNOS",
        "tension": "13.2",
        "LOCALIDAD": "FORMOSA"
      }
    },
    {
      "type": "Feature",
      "geometry": {
        "type": "Point",
        "coordinates": [
          -58.1670323686,
          -26.1887181704
        ]
      },
      "properties": {
        "numero": "EM2-FMA-0083",
        "ubicacion": "SALTA N° 442",
        "tipo secc.": "A CUERNOS",
        "tension": "13.2",
        "LOCALIDAD": "FORMOSA"
      }
    },
    {
      "type": "Feature",
      "geometry": {
        "type": "Point",
        "coordinates": [
          -60.634607,
          -24.343101
        ]
      },
      "properties": {}
    },
    {
      "type": "Feature",
      "geometry": {
        "type": "Point",
        "coordinates": [
          -60.669488,
          -24.354527
        ]
      },
      "properties": {}
    },
    {
      "type": "Feature",
      "geometry": {
        "type": "Point",
        "coordinates": [
          -58.5248214140247,
          -25.1928127044839
        ]
      },
      "properties": {
        "ubicacion": "RUTA PROVINCIAL N°8",
        "tipo secc.": "XS",
        "tension": "7.62",
        "LOCALIDAD": "SIETE PALMAS"
      }
    },
    {
      "type": "Feature",
      "geometry": {
        "type": "Point",
        "coordinates": [
          -58.3337829801656,
          -25.2012417338496
        ]
      },
      "properties": {
        "tipo secc.": "XS"
      }
    },
    {
      "type": "Feature",
      "geometry": {
        "type": "Point",
        "coordinates": [
          -58.2166250073679,
          -26.1931387461722
        ]
      },
      "properties": {
        "numero": "EM2-FMA-646",
        "ubicacion": "JUAN LUIS DIAZ Y JUAN JOSE SILVA - Bº LIBORSI",
        "tipo secc.": "A CUCHILLA",
        "tension": "13.2",
        "LOCALIDAD": "FORMOSA"
      }
    },
    {
      "type": "Feature",
      "geometry": {
        "type": "Point",
        "coordinates": [
          -59.121482,
          -25.725619
        ]
      },
      "properties": {
        "numero": "EM2-PIR-011",
        "ubicacion": "MANUEL SAVIO",
        "tipo secc.": "XS",
        "tension": "13.2",
        "LOCALIDAD": "PIRANE"
      }
    },
    {
      "type": "Feature",
      "geometry": {
        "type": "Point",
        "coordinates": [
          -58.1498899492557,
          -26.1309907789672
        ]
      },
      "properties": {
        "numero": "EM2-FMA-657",
        "ubicacion": "MZ 21 - Bº 20 DE JUNIO",
        "tipo secc.": "XS APAGACHISPAS",
        "tension": "13.2",
        "LOCALIDAD": "FORMOSA"
      }
    },
    {
      "type": "Feature",
      "geometry": {
        "type": "Point",
        "coordinates": [
          -57.7410202749282,
          -25.2874555476267
        ]
      },
      "properties": {
        "numero": "EM2-CLO-000",
        "ubicacion": "AV. LUIS PIAMONTE Y FRANCISCO RAMIREZ",
        "tipo secc.": "A CUERNOS",
        "tension": "13.2",
        "LOCALIDAD": "CLORINDA"
      }
    },
    {
      "type": "Feature",
      "geometry": {
        "type": "Point",
        "coordinates": [
          -58.2689978890868,
          -25.6798982206283
        ]
      },
      "properties": {
        "numero": "EM2-PAS-XX",
        "ubicacion": "CAMINO A CAMPING PASTORIL",
        "tipo secc.": "XS",
        "tension": "7.62",
        "LOCALIDAD": "PASTORIL"
      }
    },
    {
      "type": "Feature",
      "geometry": {
        "type": "Point",
        "coordinates": [
          -58.166582731,
          -26.1885710947
        ]
      },
      "properties": {
        "numero": "EM2-FMA-0084",
        "ubicacion": "SALTA N° 414",
        "tipo secc.": "XS TRIFASICO",
        "tension": "13.2",
        "LOCALIDAD": "FORMOSA"
      }
    },
    {
      "type": "Feature",
      "geometry": {
        "type": "Point",
        "coordinates": [
          -58.628124,
          -26.658279
        ]
      },
      "properties": {
        "numero": "EM2-MAN-002",
        "ubicacion": "J.D. PERON E/ URQUIZA Y MITRE",
        "tipo secc.": "XS",
        "tension": "13.2"
      }
    },
    {
      "type": "Feature",
      "geometry": {
        "type": "Point",
        "coordinates": [
          -58.624681,
          -26.652927
        ]
      },
      "properties": {
        "numero": "EM2-MAN-003",
        "ubicacion": "CALLE CORRIENTES ENTRE URQUIZA Y ENCINA",
        "tipo secc.": "XS",
        "tension": "13.2"
      }
    },
    {
      "type": "Feature",
      "geometry": {
        "type": "Point",
        "coordinates": [
          -60.6825914499929,
          -24.3342309521693
        ]
      },
      "properties": {}
    },
    {
      "type": "Feature",
      "geometry": {
        "type": "Point",
        "coordinates": [
          -58.1778248361,
          -26.1962484574
        ]
      },
      "properties": {
        "numero": "EM2-FMA-0530",
        "ubicacion": "JUJUY Y NAPOLEON URIBURU",
        "tipo secc.": "XS TRIFASICO",
        "tension": "13.2",
        "LOCALIDAD": "FORMOSA"
      }
    },
    {
      "type": "Feature",
      "geometry": {
        "type": "Point",
        "coordinates": [
          -58.1685040748,
          -26.1931601681
        ]
      },
      "properties": {
        "numero": "EM2-FMA-0146",
        "ubicacion": "Av. Napoleón Uriburu y Eva Perón (lado Bº San Obrero)",
        "tipo secc.": "A CUCHILLA",
        "tension": "13.2",
        "LOCALIDAD": "FORMOSA"
      }
    },
    {
      "type": "Feature",
      "geometry": {
        "type": "Point",
        "coordinates": [
          -58.1647627986916,
          -26.2084454491021
        ]
      },
      "properties": {
        "numero": "EM2-FMA-0579",
        "ubicacion": "FRENTE A PLANTA DE TRATAMINETOS DE LIQUIDOS CLOACALES",
        "tipo secc.": "XS",
        "tension": "7.62",
        "LOCALIDAD": "FORMOSA"
      }
    },
    {
      "type": "Feature",
      "geometry": {
        "type": "Point",
        "coordinates": [
          -58.1713880037,
          -26.193614997
        ]
      },
      "properties": {
        "numero": "EM2-FMA-0055",
        "ubicacion": "Av. Napoleón Uriburu Nº 913",
        "tipo secc.": "BAJO CARGA",
        "tension": "13.2",
        "LOCALIDAD": "FORMOSA"
      }
    },
    {
      "type": "Feature",
      "geometry": {
        "type": "Point",
        "coordinates": [
          -58.1789933347,
          -26.1965439227
        ]
      },
      "properties": {
        "numero": "EM2-FMA-0091",
        "ubicacion": "Av. Napoleón Uriburu y Padre Grotti (Villa Hermosa)",
        "tipo secc.": "XS TRIFASICO",
        "tension": "13.2",
        "LOCALIDAD": "FORMOSA"
      }
    },
    {
      "type": "Feature",
      "geometry": {
        "type": "Point",
        "coordinates": [
          -58.1793605184,
          -26.1962141338
        ]
      },
      "properties": {
        "numero": "EM2-FMA-0531",
        "ubicacion": "AV. NAPOLEON URIBURU Y PADRE GROTTI",
        "tipo secc.": "A CUCHILLA",
        "tension": "13.2",
        "LOCALIDAD": "FORMOSA"
      }
    },
    {
      "type": "Feature",
      "geometry": {
        "type": "Point",
        "coordinates": [
          -58.1801587477,
          -26.1964756764
        ]
      },
      "properties": {
        "numero": "EM2-FMA-0542",
        "ubicacion": "AV. PAMTALEON GOMEZ Y NAPOLEON URIBURU",
        "tipo secc.": "A CUERNOS",
        "tension": "13.2",
        "LOCALIDAD": "FORMOSA"
      }
    },
    {
      "type": "Feature",
      "geometry": {
        "type": "Point",
        "coordinates": [
          -58.1806355142,
          -26.1966382657
        ]
      },
      "properties": {
        "numero": "EM2-FMA-0057",
        "ubicacion": "Av. Napoleón Uriburu Nº 1715",
        "tipo secc.": "A CUERNOS",
        "tension": "13.2",
        "LOCALIDAD": "FORMOSA"
      }
    },
    {
      "type": "Feature",
      "geometry": {
        "type": "Point",
        "coordinates": [
          -58.2616058396,
          -26.2375696359
        ]
      },
      "properties": {
        "numero": "EM2-FMA-414",
        "ubicacion": "CAMINO A PATRONATO",
        "tipo secc.": "XS",
        "tension": "13.2",
        "LOCALIDAD": "FORMOSA"
      }
    },
    {
      "type": "Feature",
      "geometry": {
        "type": "Point",
        "coordinates": [
          -58.5515574801499,
          -24.9832845453386
        ]
      },
      "properties": {
        "numero": "EM2-ESP-002",
        "ubicacion": "C.D. EL ESPINILLO",
        "tipo secc.": "A CUCHILLA",
        "tension": "13.2",
        "LOCALIDAD": "EL ESPINILLO"
      }
    },
    {
      "type": "Feature",
      "geometry": {
        "type": "Point",
        "coordinates": [
          -58.2564175934984,
          -25.6759609108546
        ]
      },
      "properties": {
        "numero": "EM2-PAS-002",
        "tipo secc.": "XS",
        "tension": "13.2",
        "LOCALIDAD": "PASTORIL"
      }
    },
    {
      "type": "Feature",
      "geometry": {
        "type": "Point",
        "coordinates": [
          -58.1427896595418,
          -25.7728223762731
        ]
      },
      "properties": {
        "numero": "EM2-PAS-008",
        "ubicacion": "SOBRE RUTA PROVINCIAL N° 2",
        "tipo secc.": "XS",
        "tension": "13.2",
        "LOCALIDAD": "PASTORIL"
      }
    },
    {
      "type": "Feature",
      "geometry": {
        "type": "Point",
        "coordinates": [
          -60.317445,
          -24.89088
        ]
      },
      "properties": {
        "numero": "EM2-TIG-001",
        "ubicacion": "ZOBRE RUTA Nº 81 (C.D. POZO DEL TIGRE)",
        "tipo secc.": "XS",
        "tension": "13.2"
      }
    },
    {
      "type": "Feature",
      "geometry": {
        "type": "Point",
        "coordinates": [
          -60.317665,
          -24.890935
        ]
      },
      "properties": {
        "numero": "EM2-TIG-002",
        "tipo secc.": "XS",
        "tension": "13.2"
      }
    },
    {
      "type": "Feature",
      "geometry": {
        "type": "Point",
        "coordinates": [
          -58.1793763908688,
          -26.1218534192957
        ]
      },
      "properties": {
        "numero": "EM2-S/N",
        "ubicacion": "LOTEO DON JOAQUIN",
        "tipo secc.": "XS",
        "tension": "7.62",
        "LOCALIDAD": "FORMOSA"
      }
    },
    {
      "type": "Feature",
      "geometry": {
        "type": "Point",
        "coordinates": [
          -58.2310951139503,
          -26.1787158431598
        ]
      },
      "properties": {
        "numero": "EM2-FMA-587",
        "ubicacion": "MANZANA 5 - LOTE 111",
        "tipo secc.": "A CUCHILLA",
        "tension": "13.2",
        "LOCALIDAD": "FORMOSA"
      }
    },
    {
      "type": "Feature",
      "geometry": {
        "type": "Point",
        "coordinates": [
          -61.0557475292594,
          -24.0430731855266
        ]
      },
      "properties": {
        "numero": "EM2-YEM-014",
        "ubicacion": "RUTA PROVINCIAL 37 - DESVIO A EL CAÑON",
        "tipo secc.": "XS TRIFASICO",
        "tension": "13.2",
        "LOCALIDAD": "LAGUNA YEMA"
      }
    },
    {
      "type": "Feature",
      "geometry": {
        "type": "Point",
        "coordinates": [
          -58.1504398087283,
          -26.1296660600541
        ]
      },
      "properties": {
        "numero": "EM2-FMA-436",
        "ubicacion": "MZ 17 - Bº 20 DE JUNIO",
        "tipo secc.": "A CUCHILLA",
        "tension": "13.2",
        "LOCALIDAD": "FORMOSA"
      }
    },
    {
      "type": "Feature",
      "geometry": {
        "type": "Point",
        "coordinates": [
          -58.1497588722754,
          -26.131511174143
        ]
      },
      "properties": {
        "numero": "EM2-FMA-659",
        "ubicacion": "MZ 25 - Bº 20 DE JUNIO",
        "tipo secc.": "A CUCHILLA",
        "tension": "13.2",
        "LOCALIDAD": "FORMOSA"
      }
    },
    {
      "type": "Feature",
      "geometry": {
        "type": "Point",
        "coordinates": [
          -58.237247211614,
          -26.1084985403022
        ]
      },
      "properties": {
        "numero": "EM2-FMA-529",
        "ubicacion": "SOBRA RUTA NACIONAL N° 81 - RIACHO EL PERDIDO",
        "tipo secc.": "XS",
        "tension": "13.2",
        "LOCALIDAD": "FORMOSA"
      }
    },
    {
      "type": "Feature",
      "geometry": {
        "type": "Point",
        "coordinates": [
          -61.1224823798982,
          -24.112695374626
        ]
      },
      "properties": {
        "numero": "EM2-YEM-013",
        "ubicacion": "RUTA PROVINCIAL 37 - 19KM AL NORTE",
        "tipo secc.": "XS TRIFASICO",
        "tension": "13.2",
        "LOCALIDAD": "LAGUNA YEMA"
      }
    },
    {
      "type": "Feature",
      "geometry": {
        "type": "Point",
        "coordinates": [
          -61.0472855640601,
          -24.0353641651087
        ]
      },
      "properties": {
        "numero": "EM2-YEM-015",
        "ubicacion": "RUTA PROVINCIAL 37 - EL QUEMADO NUEVO",
        "tipo secc.": "XS TRIFASICO",
        "tension": "13.2",
        "LOCALIDAD": "LAGUNA YEMA"
      }
    },
    {
      "type": "Feature",
      "geometry": {
        "type": "Point",
        "coordinates": [
          -61.2383287627378,
          -24.2520421407135
        ]
      },
      "properties": {
        "numero": "EM2-YEM-016",
        "ubicacion": "RUTA PROVINCIAL 37 Y RUTA NACIONAL N°81",
        "tipo secc.": "A CUCHILLA",
        "tension": "13.2",
        "LOCALIDAD": "LAGUNA YEMA"
      }
    },
    {
      "type": "Feature",
      "geometry": {
        "type": "Point",
        "coordinates": [
          -61.2421045130324,
          -24.2565377566254
        ]
      },
      "properties": {
        "numero": "EM2-YEM-001",
        "ubicacion": "RUTA PROVINCIAL 37 Y AV. 25 DE MAYO",
        "tipo secc.": "A CUCHILLA",
        "tension": "13.2",
        "LOCALIDAD": "LAGUNA YEMA"
      }
    },
    {
      "type": "Feature",
      "geometry": {
        "type": "Point",
        "coordinates": [
          -60.5287638653442,
          -24.7511033870052
        ]
      },
      "properties": {
        "numero": "EM2-BWN-001",
        "ubicacion": "EETT 132/33/13.2KV LOMITAS",
        "tipo secc.": "CUCHILLA",
        "tension": "13.2"
      }
    },
    {
      "type": "Feature",
      "geometry": {
        "type": "Point",
        "coordinates": [
          -58.9035392293385,
          -25.2291149609359
        ]
      },
      "properties": {
        "numero": "EM2-PAV-0",
        "ubicacion": "ACCESO A ESTABLECIMIENTO SAN JUAN Y CABAÑA SAN MARCOS",
        "tipo secc.": "XS",
        "tension": "13.2"
      }
    },
    {
      "type": "Feature",
      "geometry": {
        "type": "Point",
        "coordinates": [
          -59.6860527604947,
          -25.331886183241
        ]
      },
      "properties": {
        "numero": "EM2-FON-002",
        "ubicacion": "CALLE FRANCISCO GUERRERO Y CORRINETES - FRENTE A C.D. COMANDANTE FONTANA",
        "tipo secc.": "A CUERNOS",
        "tension": "13.2",
        "LOCALIDAD": "COMANDANTE FONTANA"
      }
    },
    {
      "type": "Feature",
      "geometry": {
        "type": "Point",
        "coordinates": [
          -59.6860530865128,
          -25.331885967615
        ]
      },
      "properties": {
        "numero": "EM2-FON-001",
        "ubicacion": "CALLE FRANCISCO GUERRERO Y CORRINETES - FRENTE A C.D. COMANDANTE FONTANA",
        "tipo secc.": "CUCHILLA",
        "tension": "13.2",
        "LOCALIDAD": "COMANDANTE FONTANA"
      }
    },
    {
      "type": "Feature",
      "geometry": {
        "type": "Point",
        "coordinates": [
          -59.6957490127479,
          -25.3497335909864
        ]
      },
      "properties": {
        "numero": "EM2-FON-003",
        "ubicacion": "AV. SAN MARTIN - CAMINO A ESCUELA AGROTECNICA",
        "tipo secc.": "XS",
        "tension": "13.2",
        "LOCALIDAD": "COMANDANTE FONTANA"
      }
    },
    {
      "type": "Feature",
      "geometry": {
        "type": "Point",
        "coordinates": [
          -58.1606508591,
          -26.1869968371
        ]
      },
      "properties": {
        "numero": "EM2-FMA-0051",
        "ubicacion": "Santa Fé Nº 1326",
        "tipo secc.": "BAJO CARGA",
        "tension": "13.2",
        "LOCALIDAD": "FORMOSA"
      }
    },
    {
      "type": "Feature",
      "geometry": {
        "type": "Point",
        "coordinates": [
          -58.1556050029,
          -26.196213
        ]
      },
      "properties": {
        "numero": "EM2-FMA-0256",
        "ubicacion": "Entre Rios y Espora (esquina) (Lote 4)",
        "tipo secc.": "A CUERNOS",
        "tension": "13.2",
        "LOCALIDAD": "FORMOSA"
      }
    },
    {
      "type": "Feature",
      "geometry": {
        "type": "Point",
        "coordinates": [
          -58.1582486576,
          -26.1896896493
        ]
      },
      "properties": {
        "numero": "EM2-FMA-0052",
        "ubicacion": "Av. Napoleón Uriburu y Entre Rios",
        "tipo secc.": "A CUERNOS",
        "tension": "13.2",
        "LOCALIDAD": "FORMOSA"
      }
    },
    {
      "type": "Feature",
      "geometry": {
        "type": "Point",
        "coordinates": [
          -58.1574928369,
          -26.1894457637
        ]
      },
      "properties": {
        "numero": "EM2-FMA-0532",
        "ubicacion": "AV. NAPOLEON URIBURU Y RAMOS MEJIA",
        "tipo secc.": "XS TRIFASICO",
        "tension": "13.2",
        "LOCALIDAD": "FORMOSA"
      }
    },
    {
      "type": "Feature",
      "geometry": {
        "type": "Point",
        "coordinates": [
          -59.3755600978851,
          -24.9973016800941
        ]
      },
      "properties": {
        "numero": "EM2-PAV-002",
        "ubicacion": "SOBRE RUTA PROVINCIAL Nº 20 - ACCESO A ESTANCIA SAN LUIS",
        "tipo secc.": "XS",
        "tension": "13.2"
      }
    },
    {
      "type": "Feature",
      "geometry": {
        "type": "Point",
        "coordinates": [
          -59.2962762493832,
          -25.0407431435529
        ]
      },
      "properties": {
        "numero": "EM2-PAV-004",
        "ubicacion": "RUTA PROVINCIAL Nº 20 - ACCESO A COLONIA EL RECREO",
        "tipo secc.": "XS",
        "tension": "13.2"
      }
    },
    {
      "type": "Feature",
      "geometry": {
        "type": "Point",
        "coordinates": [
          -59.6172453168739,
          -24.8459893311708
        ]
      },
      "properties": {
        "numero": "EM2-PAV-006",
        "ubicacion": "SOBRE RUTA PROVINCIAL Nº 20",
        "tipo secc.": "XS",
        "tension": "13.2"
      }
    },
    {
      "type": "Feature",
      "geometry": {
        "type": "Point",
        "coordinates": [
          -58.6267962109152,
          -26.6506832935118
        ]
      },
      "properties": {
        "numero": "EM2-MAN-004",
        "ubicacion": "CALLE CORRIENTES CASI RUTA 11",
        "tipo secc.": "XS",
        "tension": "13.2"
      }
    },
    {
      "type": "Feature",
      "geometry": {
        "type": "Point",
        "coordinates": [
          -58.6727793285405,
          -26.6157926204083
        ]
      },
      "properties": {
        "numero": "EM2-MAN-000",
        "ubicacion": "SOBRE RUTA Nº 9",
        "tipo secc.": "XS",
        "tension": "7.62",
        "LOCALIDAD": "VILLA ESCOLAR"
      }
    },
    {
      "type": "Feature",
      "geometry": {
        "type": "Point",
        "coordinates": [
          -60.452904,
          -24.797956
        ]
      },
      "properties": {
        "numero": "EM2-BWN-012",
        "ubicacion": "ACCESO A COLONIA TENIENTE BROWN",
        "tipo secc.": "XS",
        "tension": "13.2"
      }
    },
    {
      "type": "Feature",
      "geometry": {
        "type": "Point",
        "coordinates": [
          -59.8329816493886,
          -24.3034228653776
        ]
      },
      "properties": {
        "numero": "EM2-LUG-001",
        "ubicacion": "SOBRE RUTA PROVINCIAL N°26",
        "tipo secc.": "XS",
        "tension": "13.2",
        "LOCALIDAD": "CABO 1° LUGONES"
      }
    },
    {
      "type": "Feature",
      "geometry": {
        "type": "Point",
        "coordinates": [
          -59.6780285363739,
          -25.334805429111
        ]
      },
      "properties": {
        "numero": "EM2-FON-004",
        "ubicacion": "MITRE Y LA RIOJA",
        "tipo secc.": "CUCHILLA",
        "tension": "13.2",
        "LOCALIDAD": "COMANDANTE FONTANA"
      }
    },
    {
      "type": "Feature",
      "geometry": {
        "type": "Point",
        "coordinates": [
          -58.1581272118,
          -26.1904064809
        ]
      },
      "properties": {
        "numero": "EM2-FMA-0255",
        "ubicacion": "Entre Rios 1693 (Lote 4)",
        "tipo secc.": "BAJO CARGA",
        "tension": "13.2",
        "LOCALIDAD": "FORMOSA"
      }
    },
    {
      "type": "Feature",
      "geometry": {
        "type": "Point",
        "coordinates": [
          -58.1484410036,
          -26.1985950197
        ]
      },
      "properties": {
        "numero": "EM2-FMA-0533",
        "ubicacion": "PUERTO FORMOSA",
        "tipo secc.": "XS TRIFASICO",
        "tension": "13.2",
        "LOCALIDAD": "FORMOSA"
      }
    },
    {
      "type": "Feature",
      "geometry": {
        "type": "Point",
        "coordinates": [
          -58.1510929454,
          -26.2018178471
        ]
      },
      "properties": {
        "numero": "EM2-FMA-0257",
        "ubicacion": "Dauyero y Polonia Enciso (Lote 4)",
        "tipo secc.": "XS TRIFASICO CON CAMARA APAGA CHISPAS",
        "tension": "13.2",
        "LOCALIDAD": "FORMOSA"
      }
    },
    {
      "type": "Feature",
      "geometry": {
        "type": "Point",
        "coordinates": [
          -58.1636343452,
          -26.1841851792
        ]
      },
      "properties": {
        "numero": "EM2-FMA-0539",
        "ubicacion": "BRANDSEN E/ SAN MARTIN Y BELGRANO (CASINO NEO)",
        "tipo secc.": "XS TRIFASICO",
        "tension": "13.2",
        "LOCALIDAD": "FORMOSA"
      }
    },
    {
      "type": "Feature",
      "geometry": {
        "type": "Point",
        "coordinates": [
          -58.1720974437,
          -26.1842095648
        ]
      },
      "properties": {
        "numero": "EM2-FMA-0081",
        "ubicacion": "Eva Perón Nº 781",
        "tipo secc.": "BAJO CARGA",
        "tension": "13.2",
        "LOCALIDAD": "FORMOSA"
      }
    },
    {
      "type": "Feature",
      "geometry": {
        "type": "Point",
        "coordinates": [
          -58.1710001015,
          -26.1838262652
        ]
      },
      "properties": {
        "numero": "EM2-FMA-0267",
        "ubicacion": "MITRE P/ AV. 25 DE MAYO - Bº SAN MARTIN - TORRE DEL LITORAL",
        "tipo secc.": "XS TRIFASICO CON CAMARA APAGA CHISPAS",
        "tension": "13.2",
        "LOCALIDAD": "FORMOSA"
      }
    },
    {
      "type": "Feature",
      "geometry": {
        "type": "Point",
        "coordinates": [
          -58.1716821753,
          -26.1821135565
        ]
      },
      "properties": {
        "numero": "EM2-FMA-0268",
        "ubicacion": "MITRE Y SAAVEDRA - Bº SAN MARTIN - MAXI CACERES",
        "tipo secc.": "XS TRIFASICO CON CAMARA APAGA CHISPAS",
        "tension": "13.2",
        "LOCALIDAD": "FORMOSA"
      }
    },
    {
      "type": "Feature",
      "geometry": {
        "type": "Point",
        "coordinates": [
          -58.1715490151,
          -26.183109087
        ]
      },
      "properties": {
        "numero": "EM2-FMA-0088",
        "ubicacion": "España Nº     (frente Maxi Cáceres)",
        "tipo secc.": "A CUERNOS",
        "tension": "13.2",
        "LOCALIDAD": "FORMOSA"
      }
    },
    {
      "type": "Feature",
      "geometry": {
        "type": "Point",
        "coordinates": [
          -58.1687370474,
          -26.182191495
        ]
      },
      "properties": {
        "numero": "EM2-FMA-0079",
        "ubicacion": "España Nº 375",
        "tipo secc.": "A CUERNOS",
        "tension": "13.2",
        "LOCALIDAD": "FORMOSA"
      }
    },
    {
      "type": "Feature",
      "geometry": {
        "type": "Point",
        "coordinates": [
          -58.1662260247,
          -26.182948878
        ]
      },
      "properties": {
        "numero": "EM2-FMA-0141",
        "ubicacion": "Rivadavia (esq. Esc. Nº 2)",
        "tipo secc.": "BAJO CARGA",
        "tension": "13.2",
        "LOCALIDAD": "FORMOSA"
      }
    },
    {
      "type": "Feature",
      "geometry": {
        "type": "Point",
        "coordinates": [
          -58.1658498436,
          -26.181249279
        ]
      },
      "properties": {
        "numero": "EM2-FMA-0261",
        "ubicacion": "ESPAÑA Y BELGRANO - Bº SAN MARTIN",
        "tipo secc.": "A CUERNOS",
        "tension": "13.2",
        "LOCALIDAD": "FORMOSA"
      }
    },
    {
      "type": "Feature",
      "geometry": {
        "type": "Point",
        "coordinates": [
          -58.1673575789,
          -26.1804978967
        ]
      },
      "properties": {
        "numero": "EM2-FMA-0540",
        "ubicacion": "SAAVEDRA Y RIVADAVIA",
        "tipo secc.": "XS TRIFASICO",
        "tension": "13.2",
        "LOCALIDAD": "FORMOSA"
      }
    },
    {
      "type": "Feature",
      "geometry": {
        "type": "Point",
        "coordinates": [
          -58.1666587852,
          -26.1802717689
        ]
      },
      "properties": {
        "numero": "EM2-FMA-0541",
        "ubicacion": "SAAVEDRA E/ BELGRANO Y RIVADAVIA (OSDE)",
        "tipo secc.": "XS TRIFASICO",
        "tension": "13.2",
        "LOCALIDAD": "FORMOSA"
      }
    },
    {
      "type": "Feature",
      "geometry": {
        "type": "Point",
        "coordinates": [
          -59.9513767786262,
          -25.3245966362179
        ]
      },
      "properties": {
        "numero": "IBA-EM2-S/N",
        "ubicacion": "ACCESO A COLONIA SAN ANTONIO",
        "tipo secc.": "XS",
        "tension": "7.62",
        "LOCALIDAD": "IBARRETA"
      }
    },
    {
      "type": "Feature",
      "geometry": {
        "type": "Point",
        "coordinates": [
          -59.8385026688483,
          -24.3185946015559
        ]
      },
      "properties": {
        "numero": "EM2-LUG-002",
        "ubicacion": "SOBRE RUTA NACIONAL N°86",
        "tipo secc.": "XS",
        "tension": "13.2",
        "LOCALIDAD": "CABO 1° LUGONES"
      }
    },
    {
      "type": "Feature",
      "geometry": {
        "type": "Point",
        "coordinates": [
          -58.2844823187309,
          -26.2868393895742
        ]
      },
      "properties": {
        "numero": "EM1-FMA-332",
        "ubicacion": "RUTA NACIONAL N° 11 Y ACCESO A B° AYRES DEL NORTE",
        "tipo secc.": "A CUERNOS",
        "tension": "33",
        "LOCALIDAD": "FORMOSA"
      }
    },
    {
      "type": "Feature",
      "geometry": {
        "type": "Point",
        "coordinates": [
          -58.2747199533,
          -26.2747933461
        ]
      },
      "properties": {
        "numero": "EM2-FMA-519",
        "ubicacion": "C.D. TRES MARIAS",
        "tipo secc.": "XS",
        "tension": "13.2",
        "LOCALIDAD": "FORMOSA"
      }
    },
    {
      "type": "Feature",
      "geometry": {
        "type": "Point",
        "coordinates": [
          -57.7303487704051,
          -25.3120220068674
        ]
      },
      "properties": {
        "numero": "EM2-CLO-000",
        "ubicacion": "ACOMETIDA A PLANTA DE AGUA POTABLE",
        "tipo secc.": "XS",
        "tension": "13.2",
        "LOCALIDAD": "CLORINDA"
      }
    },
    {
      "type": "Feature",
      "geometry": {
        "type": "Point",
        "coordinates": [
          -57.7183913439581,
          -25.2830816981587
        ]
      },
      "properties": {
        "numero": "EM2-CLO-000",
        "ubicacion": "AYACUCHO N°1049",
        "tipo secc.": "A CUERNOS",
        "tension": "13.2",
        "LOCALIDAD": "CLORINDA"
      }
    },
    {
      "type": "Feature",
      "geometry": {
        "type": "Point",
        "coordinates": [
          -58.0853853017,
          -25.8826003057
        ]
      },
      "properties": {
        "numero": "EM2-PAS-018",
        "ubicacion": "RNN° 11 - CAÑADA 12",
        "tipo secc.": "XS",
        "tension": "13.2",
        "LOCALIDAD": "COLONIA PASTORIL"
      }
    },
    {
      "type": "Feature",
      "geometry": {
        "type": "Point",
        "coordinates": [
          -60.587188,
          -24.705824
        ]
      },
      "properties": {
        "numero": "EM2-LOM-002",
        "tipo secc.": "A CUERNOS",
        "tension": "13.2"
      }
    },
    {
      "type": "Feature",
      "geometry": {
        "type": "Point",
        "coordinates": [
          -58.1752562723168,
          -26.1763625897748
        ]
      },
      "properties": {
        "numero": "EM2-FMA-663",
        "ubicacion": "GONZALEZ LELONG Y EVA PERON",
        "tipo secc.": "A CUERNOS",
        "tension": "13.2",
        "LOCALIDAD": "FORMOSA"
      }
    },
    {
      "type": "Feature",
      "geometry": {
        "type": "Point",
        "coordinates": [
          -60.0512532248466,
          -24.2657291010771
        ]
      },
      "properties": {
        "numero": "EM2-LUG-003",
        "ubicacion": "SOBRE RUTA NACIONAL N°86",
        "tipo secc.": "XS",
        "tension": "13.2",
        "LOCALIDAD": "CABO 1° LUGONES"
      }
    },
    {
      "type": "Feature",
      "geometry": {
        "type": "GeometryCollection",
        "geometries": []
      },
      "properties": {}
    },
    {
      "type": "Feature",
      "geometry": {
        "type": "Point",
        "coordinates": [
          -58.2572770487224,
          -26.2521378799739
        ]
      },
      "properties": {
        "numero": "EM2-FMA-557",
        "ubicacion": "VILLA DEL CARMEN",
        "tipo secc.": "XS",
        "tension": "13.2",
        "LOCALIDAD": "FORMOSA"
      }
    },
    {
      "type": "Feature",
      "geometry": {
        "type": "Point",
        "coordinates": [
          -58.2784680043,
          -26.2775870033
        ]
      },
      "properties": {
        "numero": "EM2-FMA-521",
        "ubicacion": "RUTA NACIONAL N° 11 - CARNICERIA DURE",
        "tipo secc.": "SECCIONALIZADOR",
        "tension": "13.2",
        "LOCALIDAD": "FORMOSA"
      }
    },
    {
      "type": "Feature",
      "geometry": {
        "type": "Point",
        "coordinates": [
          -61.6967866310764,
          -23.5203656329555
        ]
      },
      "properties": {
        "numero": "EM2-PM-005",
        "ubicacion": "EL QUIMIL",
        "tipo secc.": "XS",
        "tension": "13.2 KV",
        "LOCALIDAD": "POZO DE MAZA"
      }
    },
    {
      "type": "Feature",
      "geometry": {
        "type": "Point",
        "coordinates": [
          -58.2582990580829,
          -26.2565011265181
        ]
      },
      "properties": {
        "numero": "EM2-FMA-536",
        "ubicacion": "VILLA DEL CARMEN MZ 42 - L.R. 199",
        "tipo secc.": "XS",
        "tension": "13.2",
        "LOCALIDAD": "FORMOSA"
      }
    },
    {
      "type": "Feature",
      "geometry": {
        "type": "Point",
        "coordinates": [
          -59.0252953856673,
          -24.9393362096559
        ]
      },
      "properties": {
        "numero": "EM2-BEL-001",
        "ubicacion": "AV. JUAN DOMINGO PERON",
        "tipo secc.": "A CUERNOS",
        "tension": "13.2"
      }
    },
    {
      "type": "Feature",
      "geometry": {
        "type": "Point",
        "coordinates": [
          -62.0126182811115,
          -23.1727292646871
        ]
      },
      "properties": {
        "numero": "EM2-PL-",
        "ubicacion": "EL POTRILLO",
        "tipo secc.": "XS",
        "tension": "13.2 KV",
        "LOCALIDAD": "EL POTRILLO"
      }
    },
    {
      "type": "Feature",
      "geometry": {
        "type": "Point",
        "coordinates": [
          -61.9991740404973,
          -23.152693723796
        ]
      },
      "properties": {
        "numero": "EM2-PL-",
        "ubicacion": "EL POTRILLO",
        "tipo secc.": "XS",
        "tension": "13.2 KV",
        "LOCALIDAD": "EL POTRILLO"
      }
    },
    {
      "type": "Feature",
      "geometry": {
        "type": "Point",
        "coordinates": [
          -58.2745240635024,
          -26.0810651950543
        ]
      },
      "properties": {
        "numero": "EM2-FMA-628",
        "ubicacion": "ACOMETIDA SETIN POLO CIENTIFICO",
        "tipo secc.": "XS",
        "tension": "13.2",
        "LOCALIDAD": "FORMOSA"
      }
    },
    {
      "type": "Feature",
      "geometry": {
        "type": "Point",
        "coordinates": [
          -58.1616398015713,
          -26.1421638331075
        ]
      },
      "properties": {
        "numero": "EM2-FMA-237",
        "ubicacion": "B° REPUBLICA ARGENTINA - FRENTE A IGLESIA DE MORMONES",
        "tipo secc.": "A CUCHILLA",
        "tension": "13.2",
        "LOCALIDAD": "FORMOSA"
      }
    },
    {
      "type": "Feature",
      "geometry": {
        "type": "Point",
        "coordinates": [
          -58.1689378634771,
          -26.1446766812069
        ]
      },
      "properties": {
        "numero": "EM2-FMA-322",
        "ubicacion": "B° URBANIZACION MARADONA - MZ 159",
        "tipo secc.": "XS TRIFASICO",
        "tension": "13.2",
        "LOCALIDAD": "FORMOSA"
      }
    },
    {
      "type": "Feature",
      "geometry": {
        "type": "Point",
        "coordinates": [
          -58.1605463782875,
          -26.1514394447394
        ]
      },
      "properties": {
        "numero": "EM2-FMA-320",
        "ubicacion": "B° REPUBLICA ARGENTINA - ACOMETIDA A CHANGO MAS",
        "tipo secc.": "A CUCHILLA",
        "tension": "13.2",
        "LOCALIDAD": "FORMOSA"
      }
    },
    {
      "type": "Feature",
      "geometry": {
        "type": "Point",
        "coordinates": [
          -57.7392942478922,
          -25.2881508958247
        ]
      },
      "properties": {
        "numero": "EM2-CLO-000",
        "ubicacion": "AV. ROSA SHIPPER",
        "tipo secc.": "A CUERNOS",
        "tension": "13.2",
        "LOCALIDAD": "CLORINDA"
      }
    },
    {
      "type": "Feature",
      "geometry": {
        "type": "Point",
        "coordinates": [
          -58.2450436935189,
          -25.6844716532959
        ]
      },
      "properties": {
        "numero": "EM2-PAS-010",
        "tipo secc.": "XS",
        "tension": "13.2",
        "LOCALIDAD": "COLONIA PASTORIL"
      }
    },
    {
      "type": "Feature",
      "geometry": {
        "type": "Point",
        "coordinates": [
          -57.750332423742,
          -25.2880990933377
        ]
      },
      "properties": {
        "numero": "EM2-CLO-000",
        "ubicacion": "CALLE IDELFONSO VERA Y ROBERTO AMERICO PALEARI",
        "tipo secc.": "A CUERNOS",
        "tension": "13.2",
        "LOCALIDAD": "CLORINDA"
      }
    },
    {
      "type": "Feature",
      "geometry": {
        "type": "Point",
        "coordinates": [
          -58.2374789146175,
          -26.1780587706826
        ]
      },
      "properties": {
        "numero": "EM2-FMA-576",
        "ubicacion": "MANZANA 47 - LOTE 111",
        "tipo secc.": "XS",
        "tension": "13.2",
        "LOCALIDAD": "FORMOSA"
      }
    },
    {
      "type": "Feature",
      "geometry": {
        "type": "Point",
        "coordinates": [
          -61.8638229221558,
          -23.8843660604035
        ]
      },
      "properties": {
        "numero": "EM2-JUA-004",
        "ubicacion": "RUTA 81 FAPEO",
        "tipo secc.": "XS",
        "tension": "13.2",
        "LOCALIDAD": "INGENIERO JUAREZ"
      }
    },
    {
      "type": "Feature",
      "geometry": {
        "type": "Point",
        "coordinates": [
          -58.05921,
          -26.041592
        ]
      },
      "properties": {
        "numero": "EM2-MDF-001",
        "ubicacion": "ACCESO A MOJON DE FIERRO",
        "tipo secc.": "XS",
        "tension": "13.2",
        "LOCALIDAD": "MOJON DE FIERRO"
      }
    },
    {
      "type": "Feature",
      "geometry": {
        "type": "Point",
        "coordinates": [
          -58.2612205567271,
          -25.6713637221173
        ]
      },
      "properties": {
        "numero": "EM2-PAS-003",
        "ubicacion": "SOBRE AVENIDA PRINCIPAL",
        "tipo secc.": "XS",
        "tension": "13.2",
        "LOCALIDAD": "PASTORIL"
      }
    },
    {
      "type": "Feature",
      "geometry": {
        "type": "Point",
        "coordinates": [
          -58.2244625022,
          -25.7122997993
        ]
      },
      "properties": {
        "numero": "EM2-PAS-007",
        "ubicacion": "SOBRE RUTA PROVINCIAL N° 2",
        "tipo secc.": "XS",
        "tension": "13.2",
        "LOCALIDAD": "PASTORIL"
      }
    },
    {
      "type": "Feature",
      "geometry": {
        "type": "Point",
        "coordinates": [
          -61.8612272449911,
          -23.8855937849793
        ]
      },
      "properties": {
        "numero": "EM2-JUA-003",
        "ubicacion": "B CARGADERO",
        "tipo secc.": "XS",
        "tension": "13.2",
        "LOCALIDAD": "INGENIERO JUAREZ"
      }
    },
    {
      "type": "Feature",
      "geometry": {
        "type": "Point",
        "coordinates": [
          -61.856731522407,
          -23.8965985139191
        ]
      },
      "properties": {
        "numero": "EM2-JUA-001",
        "ubicacion": "BELGRANO",
        "tipo secc.": "XS",
        "tension": "13.2",
        "LOCALIDAD": "INGENIERO JUAREZ"
      }
    },
    {
      "type": "Feature",
      "geometry": {
        "type": "Point",
        "coordinates": [
          -58.2237475084352,
          -25.7114447407121
        ]
      },
      "properties": {
        "numero": "EM2-PAS-006",
        "ubicacion": "SOBRE RUTA PROVINCIAL N° 2",
        "tipo secc.": "XS",
        "tension": "13.2",
        "LOCALIDAD": "PASTORIL"
      }
    },
    {
      "type": "Feature",
      "geometry": {
        "type": "Point",
        "coordinates": [
          -58.0841481239992,
          -25.8871363221594
        ]
      },
      "properties": {
        "numero": "EM2-PAS-009",
        "ubicacion": "CRUCE RPN° 2 Y RNN° 11",
        "tipo secc.": "CUCHILLA",
        "tension": "13.2",
        "LOCALIDAD": "COLONIA PASTORIL"
      }
    },
    {
      "type": "Feature",
      "geometry": {
        "type": "Point",
        "coordinates": [
          -58.056173,
          -26.03933
        ]
      },
      "properties": {
        "numero": "EM2-MDF-002",
        "ubicacion": "AVENIDA PRINCIPAL MOJON DE FIERRO",
        "tipo secc.": "XS",
        "tension": "13.2",
        "LOCALIDAD": "MOJON DE FIERRO"
      }
    },
    {
      "type": "Feature",
      "geometry": {
        "type": "Point",
        "coordinates": [
          -58.058933,
          -26.033982
        ]
      },
      "properties": {
        "numero": "EM2-MDF-003",
        "tipo secc.": "XS",
        "tension": "7.62",
        "LOCALIDAD": "MOJON DE FIERRO"
      }
    },
    {
      "type": "Feature",
      "geometry": {
        "type": "Point",
        "coordinates": [
          -58.0509853425105,
          -26.0315841158704
        ]
      },
      "properties": {
        "numero": "EM2-MDF-004",
        "tipo secc.": "XS",
        "tension": "13.2",
        "LOCALIDAD": "MOJON DE FIERRO"
      }
    },
    {
      "type": "Feature",
      "geometry": {
        "type": "Point",
        "coordinates": [
          -58.0860028295316,
          -25.883512805775
        ]
      },
      "properties": {
        "numero": "EM2-PAS-011",
        "ubicacion": "CRUCE RPN° 2 Y RNN° 11 - CAÑADA 12",
        "tipo secc.": "XS",
        "tension": "13.2",
        "LOCALIDAD": "COLONIA PASTORIL"
      }
    },
    {
      "type": "Feature",
      "geometry": {
        "type": "Point",
        "coordinates": [
          -58.1598135677665,
          -25.7615074585923
        ]
      },
      "properties": {
        "numero": "EM2-PAS-012",
        "tipo secc.": "XS",
        "tension": "13.2",
        "LOCALIDAD": "COLONIA PASTORIL"
      }
    },
    {
      "type": "Feature",
      "geometry": {
        "type": "Point",
        "coordinates": [
          -58.1362545893095,
          -25.778237397157
        ]
      },
      "properties": {
        "numero": "EM2-PAS-013",
        "tipo secc.": "CUCHILLA",
        "tension": "13.2",
        "LOCALIDAD": "COLONIA PASTORIL"
      }
    },
    {
      "type": "Feature",
      "geometry": {
        "type": "Point",
        "coordinates": [
          -58.0913870476019,
          -25.865613132759
        ]
      },
      "properties": {
        "numero": "EM2-PAS-014",
        "ubicacion": "RPN° 2",
        "tipo secc.": "CUCHILLA",
        "tension": "13.2",
        "LOCALIDAD": "COLONIA PASTORIL"
      }
    },
    {
      "type": "Feature",
      "geometry": {
        "type": "Point",
        "coordinates": [
          -58.3301233540813,
          -25.2013040101769
        ]
      },
      "properties": {
        "tipo secc.": "XS"
      }
    },
    {
      "type": "Feature",
      "geometry": {
        "type": "Point",
        "coordinates": [
          -59.6753218971,
          -25.3172050984
        ]
      },
      "properties": {
        "numero": "EM2-FON-007",
        "ubicacion": "CAMINO A NAPENAI",
        "tipo secc.": "XS",
        "tension": "13.2",
        "LOCALIDAD": "COMANDANTE FONTANA"
      }
    },
    {
      "type": "Feature",
      "geometry": {
        "type": "Point",
        "coordinates": [
          -58.501815237537,
          -25.1875968788272
        ]
      },
      "properties": {
        "ubicacion": "RUTA PROVINCIAL N°8",
        "tipo secc.": "XS",
        "tension": "7.62",
        "LOCALIDAD": "SIETE PALMAS"
      }
    },
    {
      "type": "Feature",
      "geometry": {
        "type": "Point",
        "coordinates": [
          -58.3337853896939,
          -25.2061089810747
        ]
      },
      "properties": {
        "tipo secc.": "XS"
      }
    },
    {
      "type": "Feature",
      "geometry": {
        "type": "Point",
        "coordinates": [
          -58.2093242122495,
          -26.2063114678993
        ]
      },
      "properties": {
        "numero": "EM1-FMA-351",
        "ubicacion": "AV. NAPOLEON URIBURU Y AVELLANEDA",
        "tipo secc.": "A CUCHILLA",
        "tension": "33",
        "LOCALIDAD": "FORMOSA"
      }
    },
    {
      "type": "Feature",
      "geometry": {
        "type": "Point",
        "coordinates": [
          -58.2216907243243,
          -26.1753291363961
        ]
      },
      "properties": {
        "numero": "EM2-FMA-648",
        "ubicacion": "AV. AVELLANEDA Y PUCHINI",
        "tipo secc.": "A CUCHILLA",
        "tension": "13.2",
        "LOCALIDAD": "FORMOSA"
      }
    },
    {
      "type": "Feature",
      "geometry": {
        "type": "Point",
        "coordinates": [
          -58.16519431137,
          -26.1430666065802
        ]
      },
      "properties": {
        "numero": "EM2-FMA-238",
        "ubicacion": "B° REPUBLICA ARGENTINA - CANEPA Y SOMACAL",
        "tipo secc.": "A CUCHILLA",
        "tension": "13.2",
        "LOCALIDAD": "FORMOSA"
      }
    },
    {
      "type": "Feature",
      "geometry": {
        "type": "Point",
        "coordinates": [
          -60.8681885754218,
          -24.5183894893507
        ]
      },
      "properties": {
        "numero": "EM2-CTP-001",
        "ubicacion": "RUTA NAC 81 ACC A COL EL DESAFIO",
        "tipo secc.": "XS",
        "tension": "7.62"
      }
    },
    {
      "type": "Feature",
      "geometry": {
        "type": "Point",
        "coordinates": [
          -61.2440089117211,
          -24.259155372031
        ]
      },
      "properties": {
        "numero": "EM2-YEM-012",
        "ubicacion": "RUTA PROVINCIAL 37 Y LINIERS",
        "tipo secc.": "XS",
        "tension": "13.2",
        "LOCALIDAD": "LAGUNA YEMA"
      }
    },
    {
      "type": "Feature",
      "geometry": {
        "type": "Point",
        "coordinates": [
          -62.2717208389687,
          -22.8551297517427
        ]
      },
      "properties": {
        "numero": "EM2-PL-S/N",
        "tipo secc.": "XS",
        "tension": "13.2",
        "LOCALIDAD": "LOTE 8"
      }
    },
    {
      "type": "Feature",
      "geometry": {
        "type": "Point",
        "coordinates": [
          -61.2511641034416,
          -24.2675010418121
        ]
      },
      "properties": {
        "numero": "EM2-YEM-003",
        "ubicacion": "RUTA PROVINCIAL 37 FRENTE AL ACCESO A CEDEVA",
        "tipo secc.": "XS",
        "tension": "13.2",
        "LOCALIDAD": "LAGUNA YEMA"
      }
    },
    {
      "type": "Feature",
      "geometry": {
        "type": "Point",
        "coordinates": [
          -61.467855,
          -24.093814
        ]
      },
      "properties": {
        "numero": "EM2-CHI-002",
        "ubicacion": "TUCUMAN Y LOPEZ Y PLANES",
        "tipo secc.": "XS",
        "tension": "7.62",
        "LOCALIDAD": "LOS CHIRIGUANOS"
      }
    },
    {
      "type": "Feature",
      "geometry": {
        "type": "Point",
        "coordinates": [
          -61.250981,
          -24.251286
        ]
      },
      "properties": {
        "numero": "EM2-YEM-005",
        "tipo secc.": "XS",
        "tension": "13.2",
        "LOCALIDAD": "LAGUNA YEMA"
      }
    },
    {
      "type": "Feature",
      "geometry": {
        "type": "Point",
        "coordinates": [
          -58.1139210099612,
          -25.2304906991827
        ]
      },
      "properties": {
        "tipo secc.": "XS"
      }
    },
    {
      "type": "Feature",
      "geometry": {
        "type": "Point",
        "coordinates": [
          -60.6006091494981,
          -24.690867216998
        ]
      },
      "properties": {
        "numero": "EM2-LOM-011",
        "tipo secc.": "XS"
      }
    },
    {
      "type": "Feature",
      "geometry": {
        "type": "Point",
        "coordinates": [
          -60.5885860923161,
          -24.7146728336816
        ]
      },
      "properties": {
        "numero": "EM2-LOM-007",
        "tipo secc.": "CUCHILLA",
        "tension": "13.2"
      }
    },
    {
      "type": "Feature",
      "geometry": {
        "type": "Point",
        "coordinates": [
          -60.6009637400112,
          -24.7181216889135
        ]
      },
      "properties": {
        "numero": "EM2-LOM-008",
        "tipo secc.": "XS",
        "tension": "13.2"
      }
    },
    {
      "type": "Feature",
      "geometry": {
        "type": "Point",
        "coordinates": [
          -60.5873038704144,
          -24.7017559355224
        ]
      },
      "properties": {
        "numero": "EM2-LOM-009",
        "tipo secc.": "XS",
        "tension": "13.2"
      }
    },
    {
      "type": "Feature",
      "geometry": {
        "type": "Point",
        "coordinates": [
          -60.5841075985658,
          -24.6988668560386
        ]
      },
      "properties": {
        "numero": "EM2-LOM-010",
        "tipo secc.": "XS",
        "tension": "13.2"
      }
    },
    {
      "type": "Feature",
      "geometry": {
        "type": "Point",
        "coordinates": [
          -60.5533957797677,
          -24.6609673167877
        ]
      },
      "properties": {
        "numero": "EM2-LOM-018",
        "tipo secc.": "XS",
        "tension": "13.2"
      }
    },
    {
      "type": "Feature",
      "geometry": {
        "type": "Point",
        "coordinates": [
          -60.5433559592161,
          -24.6495357373294
        ]
      },
      "properties": {
        "numero": "EM2-LOM-019",
        "tipo secc.": "XS",
        "tension": "13.2"
      }
    },
    {
      "type": "Feature",
      "geometry": {
        "type": "Point",
        "coordinates": [
          -60.5115904655386,
          -24.6110073944013
        ]
      },
      "properties": {
        "numero": "EM2-LOM-020",
        "ubicacion": "SOBRE RUTA PROV. N° 28 NORTE - COMUNIDAD KM 14",
        "tipo secc.": "XS",
        "tension": "13.2"
      }
    },
    {
      "type": "Feature",
      "geometry": {
        "type": "Point",
        "coordinates": [
          -60.4055140474998,
          -24.4807337213185
        ]
      },
      "properties": {
        "numero": "EM2-LOM-021",
        "ubicacion": "SOBRE RUTA PROV. N°28 (ACCESOA A PREDIO BIOTERMICA LAS LOMITAS)",
        "tipo secc.": "XS",
        "tension": "13.2"
      }
    },
    {
      "type": "Feature",
      "geometry": {
        "type": "Point",
        "coordinates": [
          -60.6576714557599,
          -24.6649673268123
        ]
      },
      "properties": {
        "numero": "EM2-LOM-011",
        "ubicacion": "SOBRE RUTA NACIONAL N°81",
        "tipo secc.": "XS",
        "tension": "13.2",
        "LOCALIDAD": "LAS LOMITAS"
      }
    },
    {
      "type": "Feature",
      "geometry": {
        "type": "Point",
        "coordinates": [
          -60.6763070993487,
          -24.6532644723581
        ]
      },
      "properties": {
        "numero": "EM2-LOM-012",
        "ubicacion": "ACCESOA AESTANCIA AGROCIT",
        "tipo secc.": "XS",
        "tension": "13.2"
      }
    },
    {
      "type": "Feature",
      "geometry": {
        "type": "Point",
        "coordinates": [
          -60.7146808103946,
          -24.6252108796425
        ]
      },
      "properties": {
        "numero": "EM2-LOM-014",
        "tipo secc.": "XS",
        "tension": "7.62"
      }
    },
    {
      "type": "Feature",
      "geometry": {
        "type": "Point",
        "coordinates": [
          -60.7476347212894,
          -24.6023953922186
        ]
      },
      "properties": {
        "numero": "EM2-LOM-015",
        "ubicacion": "RUTA NACIONAL N°81 (ACCESO A CAMPO MADUERI)",
        "tipo secc.": "XS",
        "tension": "13.2"
      }
    },
    {
      "type": "Feature",
      "geometry": {
        "type": "Point",
        "coordinates": [
          -60.7607350195672,
          -24.5973203778541
        ]
      },
      "properties": {
        "numero": "EM2-LOM-016",
        "tipo secc.": "XS",
        "tension": "7.62"
      }
    },
    {
      "type": "Feature",
      "geometry": {
        "type": "Point",
        "coordinates": [
          -59.6584987780989,
          -24.434831666176
        ]
      },
      "properties": {
        "numero": "EM2-SM2-002",
        "ubicacion": "SOBRE RUTA N N°86",
        "tipo secc.": "A CUERNO",
        "tension": "13.2",
        "LOCALIDAD": "SAN MARTIN 2"
      }
    },
    {
      "type": "Feature",
      "geometry": {
        "type": "Point",
        "coordinates": [
          -59.6586837607096,
          -24.4347953020731
        ]
      },
      "properties": {
        "numero": "EM2-SM2-001",
        "ubicacion": "SOBRA RUTA N N°86",
        "tipo secc.": "XS",
        "tension": "13.2",
        "LOCALIDAD": "SAN MARTIN 2"
      }
    },
    {
      "type": "Feature",
      "geometry": {
        "type": "Point",
        "coordinates": [
          -59.6550347020289,
          -24.429995240481
        ]
      },
      "properties": {
        "numero": "EM2-SM2-003",
        "ubicacion": "BELGRANO",
        "tipo secc.": "XS",
        "tension": "13.2",
        "LOCALIDAD": "SAN MARTIN 2"
      }
    },
    {
      "type": "Feature",
      "geometry": {
        "type": "Point",
        "coordinates": [
          -59.6559106025961,
          -24.4299984025769
        ]
      },
      "properties": {
        "numero": "EM2-SM2-004",
        "tipo secc.": "XS",
        "tension": "13.2",
        "LOCALIDAD": "SAN MARTIN 2"
      }
    },
    {
      "type": "Feature",
      "geometry": {
        "type": "Point",
        "coordinates": [
          -59.6506214701699,
          -24.4396628217112
        ]
      },
      "properties": {
        "numero": "EM2-SM2-006",
        "ubicacion": "AVDA 9 DE JULIO ENTRE JOSE HERNANDEZ Y OHIGGINS",
        "tipo secc.": "XS",
        "tension": "13.2",
        "LOCALIDAD": "SAN MARTIN 2"
      }
    },
    {
      "type": "Feature",
      "geometry": {
        "type": "Point",
        "coordinates": [
          -59.64567806023,
          -24.4301248864133
        ]
      },
      "properties": {
        "numero": "EM2-SM2-005",
        "ubicacion": "COLONIA OSVALDO QUIROGA",
        "tipo secc.": "XS",
        "tension": "13.2",
        "LOCALIDAD": "SAN MARTIN 2"
      }
    },
    {
      "type": "Feature",
      "geometry": {
        "type": "Point",
        "coordinates": [
          -59.6570963885626,
          -24.4469061294101
        ]
      },
      "properties": {
        "numero": "EM2-SM2-007",
        "ubicacion": "SOBRE RUTA PROVINCIAL N°24",
        "tipo secc.": "XS",
        "tension": "13.2",
        "LOCALIDAD": "SAN MARTIN 2"
      }
    },
    {
      "type": "Feature",
      "geometry": {
        "type": "Point",
        "coordinates": [
          -59.6079463507785,
          -24.4464065182562
        ]
      },
      "properties": {
        "numero": "EM2-SM2-010",
        "ubicacion": "SOBRE RUTA N N°86",
        "tipo secc.": "XS",
        "tension": "13.2",
        "LOCALIDAD": "SAN MARTIN 2"
      }
    },
    {
      "type": "Feature",
      "geometry": {
        "type": "Point",
        "coordinates": [
          -61.4570382157311,
          -24.0971610401531
        ]
      },
      "properties": {
        "numero": "EM2-CHI-001",
        "ubicacion": "RUTA NACIONAL 81",
        "tipo secc.": "XS",
        "tension": "13.2",
        "LOCALIDAD": "LOS CHIRIGUANOS"
      }
    },
    {
      "type": "Feature",
      "geometry": {
        "type": "Point",
        "coordinates": [
          -59.1125233456931,
          -25.7386357651189
        ]
      },
      "properties": {
        "numero": "EM2-PIR-006",
        "ubicacion": "AV. 9 DE JULIO Y JUAN DOMINGO PERON",
        "tipo secc.": "A CUCHILLA",
        "tension": "13.2",
        "LOCALIDAD": "PIRANE"
      }
    },
    {
      "type": "Feature",
      "geometry": {
        "type": "Point",
        "coordinates": [
          -60.760986,
          -23.898359
        ]
      },
      "properties": {
        "numero": "EM1-LAM-001",
        "ubicacion": "RUTA NACIONAL 86",
        "tipo secc.": "A CUERNOS",
        "tension": "33KV",
        "LOCALIDAD": "LA MADRID"
      }
    },
    {
      "type": "Feature",
      "geometry": {
        "type": "Point",
        "coordinates": [
          -58.631684922878,
          -26.243126389964
        ]
      },
      "properties": {
        "numero": "EM2-LAH-003",
        "ubicacion": "FILHO E ITURRALDE",
        "tipo secc.": "XS",
        "tension": "13.2",
        "LOCALIDAD": "MISION LAISHI"
      }
    },
    {
      "type": "Feature",
      "geometry": {
        "type": "Point",
        "coordinates": [
          -60.0911445213722,
          -25.0580400300825
        ]
      },
      "properties": {
        "numero": "EM2-CAM-008",
        "ubicacion": "CALLE SAN MARTIN Y NEWBERY",
        "tipo secc.": "XS",
        "tension": "13.2",
        "LOCALIDAD": "ESTANISLAO DEL CAMPO"
      }
    },
    {
      "type": "Feature",
      "geometry": {
        "type": "Point",
        "coordinates": [
          -58.2975990248604,
          -25.2274092883055
        ]
      },
      "properties": {
        "tipo secc.": "CUCHILLA"
      }
    },
    {
      "type": "Feature",
      "geometry": {
        "type": "Point",
        "coordinates": [
          -58.2576489652922,
          -25.23282111143
        ]
      },
      "properties": {
        "tipo secc.": "XS"
      }
    },
    {
      "type": "Feature",
      "geometry": {
        "type": "Point",
        "coordinates": [
          -58.1708307813139,
          -25.2282460173965
        ]
      },
      "properties": {
        "tipo secc.": "XS"
      }
    },
    {
      "type": "Feature",
      "geometry": {
        "type": "Point",
        "coordinates": [
          -58.1157683914966,
          -25.2233790745335
        ]
      },
      "properties": {
        "numero": "EM2-LNN-003",
        "ubicacion": "AVDA SAN MARTIN",
        "tipo secc.": "XS",
        "tension": "13.2",
        "LOCALIDAD": "LAGUNA NAICK-NECK"
      }
    },
    {
      "type": "Feature",
      "geometry": {
        "type": "Point",
        "coordinates": [
          -61.2419091088817,
          -24.2566810026082
        ]
      },
      "properties": {
        "numero": "EM2-YEM-002",
        "ubicacion": "RUTA PROVINCIAL 37 Y AV. 25 DE MAYO",
        "tipo secc.": "XS",
        "tension": "13.2",
        "LOCALIDAD": "LAGUNA YEMA"
      }
    },
    {
      "type": "Feature",
      "geometry": {
        "type": "Point",
        "coordinates": [
          -58.2407958724,
          -26.205404036
        ]
      },
      "properties": {
        "numero": "EM2-FMA-413",
        "ubicacion": "CALLE ESPAÑA Y CALLE 11 - NUEVA FORMOSA",
        "tipo secc.": "A CUCHILLA",
        "tension": "13.2",
        "LOCALIDAD": "FORMOSA"
      }
    },
    {
      "type": "Feature",
      "geometry": {
        "type": "Point",
        "coordinates": [
          -59.6818802900972,
          -25.3270258540381
        ]
      },
      "properties": {
        "numero": "EM2-FON-006",
        "ubicacion": "CALLE CORRIENTES Y RUTA NACIONAL N°81",
        "tipo secc.": "CUCHILLA",
        "tension": "13.2",
        "LOCALIDAD": "COMANDANTE FONTANA"
      }
    },
    {
      "type": "Feature",
      "geometry": {
        "type": "Point",
        "coordinates": [
          -59.6816794833104,
          -25.3269591955124
        ]
      },
      "properties": {
        "numero": "EM1-FON-009",
        "ubicacion": "RUTA NACIONAL N°81 Y CALLE CORRIENTES",
        "tipo secc.": "A CUERNOS",
        "tension": "33",
        "LOCALIDAD": "COMANDANTE FONTANA"
      }
    },
    {
      "type": "Feature",
      "geometry": {
        "type": "Point",
        "coordinates": [
          -59.6737877602949,
          -25.3349595454995
        ]
      },
      "properties": {
        "numero": "EM2-FON-005",
        "ubicacion": "MORENO Y ENTRE RIOS",
        "tipo secc.": "XS",
        "tension": "13..2",
        "LOCALIDAD": "COMANDANTE FONTANA"
      }
    },
    {
      "type": "Feature",
      "geometry": {
        "type": "Point",
        "coordinates": [
          -60.0669372061719,
          -25.0635898716138
        ]
      },
      "properties": {
        "numero": "EM2-CAM-009",
        "ubicacion": "SOBRE RUTA NACIONAL Nº 81",
        "tipo secc.": "XS",
        "tension": "13.2",
        "LOCALIDAD": "ESTANISLAO DEL CAMPO"
      }
    },
    {
      "type": "Feature",
      "geometry": {
        "type": "Point",
        "coordinates": [
          -60.757877089778,
          -24.7160878448339
        ]
      },
      "properties": {
        "numero": "EM2-LOM-017",
        "tipo secc.": "XS",
        "tension": "7.62"
      }
    },
    {
      "type": "Feature",
      "geometry": {
        "type": "Point",
        "coordinates": [
          -60.6934171589374,
          -24.6389526428092
        ]
      },
      "properties": {
        "numero": "EM2-LOM-013",
        "ubicacion": null,
        "tipo secc.": "XS",
        "tension": "7.62"
      }
    },
    {
      "type": "Feature",
      "geometry": {
        "type": "Point",
        "coordinates": [
          -59.0823706829414,
          -26.2040030251133
        ]
      },
      "properties": {
        "ubicacion": "AV INDEPENDENCIA",
        "tipo secc.": "CUCHILLA",
        "tension": "13.2",
        "LOCALIDAD": "VILLAFAÑE"
      }
    },
    {
      "type": "Feature",
      "geometry": {
        "type": "Point",
        "coordinates": [
          -59.629288917126,
          -24.4406404363635
        ]
      },
      "properties": {
        "numero": "EM2-SM2-009",
        "ubicacion": "SOBRE RUTA N N°86",
        "tipo secc.": "XS",
        "tension": "7.62",
        "LOCALIDAD": "SAN MARTIN 2"
      }
    },
    {
      "type": "Feature",
      "geometry": {
        "type": "Point",
        "coordinates": [
          -59.5507440357585,
          -24.4701586016875
        ]
      },
      "properties": {
        "numero": "EM2-SM2-011",
        "ubicacion": "SOBRE RUTA N N°86",
        "tipo secc.": "XS",
        "tension": "13.2",
        "LOCALIDAD": "SAN MARTIN 2"
      }
    },
    {
      "type": "Feature",
      "geometry": {
        "type": "Point",
        "coordinates": [
          -59.3868051732816,
          -24.5413705826386
        ]
      },
      "properties": {
        "numero": "EM2-SM2-012",
        "ubicacion": "SOBRE RUTA N N°86",
        "tipo secc.": "XS",
        "tension": "13.2",
        "LOCALIDAD": "SAN MARTIN 2"
      }
    },
    {
      "type": "Feature",
      "geometry": {
        "type": "Point",
        "coordinates": [
          -59.6569224732873,
          -24.5734437214582
        ]
      },
      "properties": {
        "numero": "EM2-SM2-008",
        "ubicacion": "SOBRE RUTA PROVINCIAL N°24",
        "tipo secc.": "XS",
        "tension": "13.2",
        "LOCALIDAD": "SAN MARTIN 2"
      }
    },
    {
      "type": "Feature",
      "geometry": {
        "type": "Point",
        "coordinates": [
          -61.8576264254362,
          -23.8852221637972
        ]
      },
      "properties": {
        "numero": "EM2-JUA-002",
        "ubicacion": "B NORTE",
        "tipo secc.": "XS",
        "tension": "13.2",
        "LOCALIDAD": "INGENIERO JUAREZ"
      }
    },
    {
      "type": "Feature",
      "geometry": {
        "type": "Point",
        "coordinates": [
          -61.8566468910253,
          -23.891998247159
        ]
      },
      "properties": {
        "numero": "EM2-JUA-007",
        "ubicacion": "GUEMES ENTRE J.D. PERON Y TUCUMAN",
        "tipo secc.": "XS",
        "tension": "13.2",
        "LOCALIDAD": "INGENIERO JUAREZ"
      }
    },
    {
      "type": "Feature",
      "geometry": {
        "type": "Point",
        "coordinates": [
          -61.8515140377525,
          -23.9046935252494
        ]
      },
      "properties": {
        "numero": "EM2-JUA-005",
        "ubicacion": "MOSCONI Y PEÑA",
        "tipo secc.": "XS",
        "tension": "13.2",
        "LOCALIDAD": "INGENIERO JUAREZ"
      }
    },
    {
      "type": "Feature",
      "geometry": {
        "type": "Point",
        "coordinates": [
          -61.8589490568264,
          -23.9050329244839
        ]
      },
      "properties": {
        "numero": "EM2-JUA-006",
        "ubicacion": "AV DEGUEN PASADNDO SEGOVIA",
        "tipo secc.": "XS",
        "tension": "13.2",
        "LOCALIDAD": "INGENIERO JUAREZ"
      }
    },
    {
      "type": "Feature",
      "geometry": {
        "type": "Point",
        "coordinates": [
          -58.2432370309099,
          -26.1992562678587
        ]
      },
      "properties": {
        "numero": "EM2-FMA-280",
        "ubicacion": "SALIDA C.D. 6",
        "tipo secc.": "CUCHILLA",
        "tension": "13.2",
        "LOCALIDAD": "FORMOSA"
      }
    },
    {
      "type": "Feature",
      "geometry": {
        "type": "Point",
        "coordinates": [
          -58.2432390758,
          -26.1992512259
        ]
      },
      "properties": {
        "numero": "EM2-FMA-279",
        "ubicacion": "SALIDA C.D. 6",
        "tipo secc.": "CUCHILLA",
        "tension": "13.2",
        "LOCALIDAD": "FORMOSA"
      }
    },
    {
      "type": "Feature",
      "geometry": {
        "type": "Point",
        "coordinates": [
          -58.2433345595148,
          -26.1989954355435
        ]
      },
      "properties": {
        "numero": "EM2-FMA-278",
        "ubicacion": "ACOMETIDA SETA FMA-1846",
        "tipo secc.": "XS",
        "tension": "13.2",
        "LOCALIDAD": "FORMOSA"
      }
    },
    {
      "type": "Feature",
      "geometry": {
        "type": "Point",
        "coordinates": [
          -58.6324514720239,
          -26.2430503028666
        ]
      },
      "properties": {
        "numero": "EM2-LAH-001",
        "ubicacion": "CALLE ITURRALDE FRENTE A C.D. LAISHI",
        "tipo secc.": "CUCHILLA",
        "tension": "13.2",
        "LOCALIDAD": "MISION LAISHI"
      }
    },
    {
      "type": "Feature",
      "geometry": {
        "type": "Point",
        "coordinates": [
          -58.6324569599494,
          -26.2430498880816
        ]
      },
      "properties": {
        "numero": "EM2-LAH-002",
        "ubicacion": "CALLE ITURRALDE FRENTE A C.D. LAISHI",
        "tipo secc.": "CUCHILLA",
        "tension": "13.2",
        "LOCALIDAD": "MISION LAISHI"
      }
    },
    {
      "type": "Feature",
      "geometry": {
        "type": "Point",
        "coordinates": [
          -58.6339133610407,
          -26.2386411995279
        ]
      },
      "properties": {
        "numero": "EM2-LAH-005",
        "ubicacion": "RUTA PROVINCIAL N°1 Y ROQUE CARCIONE",
        "tipo secc.": "XS",
        "tension": "13.2",
        "LOCALIDAD": "MISION LAISHI"
      }
    },
    {
      "type": "Feature",
      "geometry": {
        "type": "Point",
        "coordinates": [
          -58.6306403165392,
          -26.2464661081714
        ]
      },
      "properties": {
        "numero": "EM2-LAH-006",
        "ubicacion": "JUAN DOMINGO PERON Y SAN MARTIN",
        "tipo secc.": "XS",
        "tension": "13.2",
        "LOCALIDAD": "MISION LAISHI"
      }
    },
    {
      "type": "Feature",
      "geometry": {
        "type": "Point",
        "coordinates": [
          -58.6360813003,
          -26.2460470039
        ]
      },
      "properties": {
        "numero": "EM2-LAH-007",
        "ubicacion": "J.D. PERON ESQUINA ISLAS MALVINAS",
        "tipo secc.": "XS",
        "tension": "13.2",
        "LOCALIDAD": "MISION LAISHI"
      }
    },
    {
      "type": "Feature",
      "geometry": {
        "type": "Point",
        "coordinates": [
          -58.2421087272162,
          -26.197876283861
        ]
      },
      "properties": {
        "numero": "EM2-FMA-554",
        "ubicacion": "AV. NESTOR KIRCHNER",
        "tipo secc.": "XS",
        "tension": "13.2",
        "LOCALIDAD": "FORMOSA"
      }
    },
    {
      "type": "Feature",
      "geometry": {
        "type": "Point",
        "coordinates": [
          -58.2500810879655,
          -26.2063240280516
        ]
      },
      "properties": {
        "numero": "EM2-FMA-548",
        "ubicacion": "SOBRE CALLE PRINGLES MZ 84 B° NUEVA FORMOSA",
        "tipo secc.": "CUCHILLA",
        "tension": "13.2",
        "LOCALIDAD": "FORMOSA"
      }
    },
    {
      "type": "Feature",
      "geometry": {
        "type": "Point",
        "coordinates": [
          -58.2474220004637,
          -26.2126699983853
        ]
      },
      "properties": {
        "numero": "EM2-FMA-550",
        "ubicacion": "SOBREA CALLE IRIGOYEN MZ 40 B° NUEVA FORMOSA",
        "tipo secc.": "CUCHILLA",
        "tension": "13.2",
        "LOCALIDAD": "FORMOSA"
      }
    },
    {
      "type": "Feature",
      "geometry": {
        "type": "Point",
        "coordinates": [
          -59.0736682250358,
          -26.2029195744805
        ]
      },
      "properties": {
        "ubicacion": "ALMIRANTE BROWN",
        "tipo secc.": "CUCHILLA",
        "tension": "13.2",
        "LOCALIDAD": "VILLAFAÑE"
      }
    },
    {
      "type": "Feature",
      "geometry": {
        "type": "Point",
        "coordinates": [
          -59.0257866792422,
          -24.9388958357147
        ]
      },
      "properties": {
        "numero": "EM2-BEL-002",
        "ubicacion": "MISIONES CASI J.D. PERON",
        "tipo secc.": "XS",
        "tension": "13.2"
      }
    },
    {
      "type": "Feature",
      "geometry": {
        "type": "Point",
        "coordinates": [
          -59.0227012864947,
          -24.9075615184371
        ]
      },
      "properties": {
        "numero": "EM2-BEL-003",
        "ubicacion": "ACCESO A CAMPO FILIPIG",
        "tipo secc.": "XS",
        "tension": "13.2",
        "LOCALIDAD": "BELGRANO"
      }
    },
    {
      "type": "Feature",
      "geometry": {
        "type": "Point",
        "coordinates": [
          -59.0228630346024,
          -24.9454292255336
        ]
      },
      "properties": {
        "numero": "EM2-BEL-004",
        "ubicacion": "SALIDA C.D. GENERAL BELGRANO",
        "tipo secc.": "XS",
        "tension": "13.2",
        "LOCALIDAD": "GENERAL BELGRANO"
      }
    },
    {
      "type": "Feature",
      "geometry": {
        "type": "GeometryCollection",
        "geometries": []
      },
      "properties": {}
    },
    {
      "type": "Feature",
      "geometry": {
        "type": "Point",
        "coordinates": [
          -59.0270403578051,
          -24.9468230723974
        ]
      },
      "properties": {
        "numero": "EM2-BEL-005",
        "ubicacion": "RUTA PROVINCIAL N° 23 - FRENTE A CEMENTERIO",
        "tipo secc.": "XS",
        "tension": "13.2",
        "LOCALIDAD": "GENERAL BELGRANO"
      }
    },
    {
      "type": "Feature",
      "geometry": {
        "type": "Point",
        "coordinates": [
          -59.0278700639529,
          -24.9525292902012
        ]
      },
      "properties": {
        "numero": "EM2-BEL-006",
        "ubicacion": "RUTA PROVINCIAL N°23 (ACCESO A PLANTA DE GAS)",
        "tipo secc.": "XS",
        "tension": "13.2",
        "LOCALIDAD": "GENERAL BELGRANO"
      }
    },
    {
      "type": "Feature",
      "geometry": {
        "type": "Point",
        "coordinates": [
          -59.0453450076374,
          -25.0125943713295
        ]
      },
      "properties": {
        "numero": "EM2-BEL-007",
        "ubicacion": "RUTA PROVINCIAL N°23",
        "tipo secc.": "XS",
        "tension": "7.62"
      }
    },
    {
      "type": "Feature",
      "geometry": {
        "type": "Point",
        "coordinates": [
          -58.6075166336831,
          -26.4839251605988
        ]
      },
      "properties": {
        "numero": "EM2-ESC-005",
        "ubicacion": "COLONIA POTRERO DE LOS CABALLOS",
        "tipo secc.": "XS",
        "tension": "7.62"
      }
    },
    {
      "type": "Feature",
      "geometry": {
        "type": "Point",
        "coordinates": [
          -58.1647488815,
          -26.1879462231
        ]
      },
      "properties": {
        "numero": "EM2-FMA-0555",
        "ubicacion": "SALTA N° 245",
        "tipo secc.": "A CUERNOS",
        "tension": "13.2",
        "LOCALIDAD": "FORMOSA"
      }
    },
    {
      "type": "Feature",
      "geometry": {
        "type": "Point",
        "coordinates": [
          -61.2432062294884,
          -24.2487018228002
        ]
      },
      "properties": {
        "numero": "EM2-YEM-006",
        "ubicacion": "RUTA NACIONAL 81 Y CABILDO",
        "tipo secc.": "XS",
        "tension": "13.2",
        "LOCALIDAD": "LAGUNA YEMA"
      }
    },
    {
      "type": "Feature",
      "geometry": {
        "type": "Point",
        "coordinates": [
          -58.2202219706572,
          -26.1508331945671
        ]
      },
      "properties": {
        "numero": "EM2-FMA-0615",
        "ubicacion": "AV. ALICIA MOREAU DE JUSTO Y ACCESO AL CEMENTERIO SAN ANTONIO",
        "tipo secc.": "XS",
        "tension": "13.2",
        "LOCALIDAD": "FORMOSA"
      }
    },
    {
      "type": "Feature",
      "geometry": {
        "type": "Point",
        "coordinates": [
          -60.334049,
          -24.900429
        ]
      },
      "properties": {
        "numero": "EM2-TIG-004",
        "ubicacion": "CONTINUACION CALLE BALCARCE",
        "tipo secc.": "XS",
        "tension": "13.2",
        "LOCALIDAD": "POZO DEL TIGRE"
      }
    },
    {
      "type": "Feature",
      "geometry": {
        "type": "Point",
        "coordinates": [
          -60.3115601198536,
          -24.8896247787739
        ]
      },
      "properties": {
        "numero": "EM2-TIG-006",
        "ubicacion": "SOBRE RUTA PROVINCIAL 26",
        "tipo secc.": "XS",
        "tension": "7.62",
        "LOCALIDAD": "POZO DEL TIGRE"
      }
    },
    {
      "type": "Feature",
      "geometry": {
        "type": "Point",
        "coordinates": [
          -58.2200165780362,
          -26.1513518979658
        ]
      },
      "properties": {
        "numero": "EM2-FMA-0284",
        "ubicacion": "AV. ALICIA MOREAU DE JUSTO Y ACCESO AL CEMENTERIO SAN ANTONIO",
        "tipo secc.": "XS",
        "tension": "13.2",
        "LOCALIDAD": "FORMOSA"
      }
    },
    {
      "type": "Feature",
      "geometry": {
        "type": "Point",
        "coordinates": [
          -58.1622371495458,
          -26.1512494379294
        ]
      },
      "properties": {
        "numero": "EM2-FMA-239",
        "ubicacion": "B° REPUBLICA ARGENTINA - SOMACAL Y MARANOA",
        "tipo secc.": "A CUERNOS",
        "tension": "13.2",
        "LOCALIDAD": "FORMOSA"
      }
    },
    {
      "type": "Feature",
      "geometry": {
        "type": "Point",
        "coordinates": [
          -58.1615099153594,
          -26.1517442272366
        ]
      },
      "properties": {
        "numero": "EM2-FMA-197",
        "ubicacion": "B° REPUBLICA ARGENTINA - SOMACAL Y MARANOA",
        "tipo secc.": "A CUCHILLA",
        "tension": "13.2",
        "LOCALIDAD": "FORMOSA"
      }
    },
    {
      "type": "Feature",
      "geometry": {
        "type": "Point",
        "coordinates": [
          -58.2106898359,
          -26.2020502325
        ]
      },
      "properties": {
        "numero": "EM2-FMA-296",
        "ubicacion": "AV. NICOLAS AVELLANEDA Y FOTERINGHAM",
        "tipo secc.": "A CUERNOS",
        "tension": "13.2",
        "LOCALIDAD": "FORMOSA"
      }
    },
    {
      "type": "Feature",
      "geometry": {
        "type": "Point",
        "coordinates": [
          -58.146122472136,
          -26.1469339122047
        ]
      },
      "properties": {
        "numero": "EM2-FMA-218",
        "ubicacion": "MZ 50 - B° LAS OEQUIDEAS - SOBRE AV. MARADONA",
        "tipo secc.": "XS",
        "tension": "13.2",
        "LOCALIDAD": "FORMOSA"
      }
    },
    {
      "type": "Feature",
      "geometry": {
        "type": "Point",
        "coordinates": [
          -58.2354948837498,
          -26.1954155236034
        ]
      },
      "properties": {
        "numero": "EM1-FMA-335",
        "ubicacion": "AV. NESTOR KIRCHNER Y AV. LOS PARAISOS",
        "tipo secc.": "A CUCHILLA",
        "tension": "33",
        "LOCALIDAD": "FORMOSA"
      }
    },
    {
      "type": "Feature",
      "geometry": {
        "type": "Point",
        "coordinates": [
          -58.241953205187,
          -26.2013010616276
        ]
      },
      "properties": {
        "numero": "EM2-FMA-623",
        "ubicacion": "CALLE JJ. SILVA Y CALLE 11 - NUEVA FORMOSA",
        "tipo secc.": "A CUCHILLA",
        "tension": "13.2",
        "LOCALIDAD": "FORMOSA"
      }
    },
    {
      "type": "Feature",
      "geometry": {
        "type": "GeometryCollection",
        "geometries": []
      },
      "properties": {}
    },
    {
      "type": "Feature",
      "geometry": {
        "type": "Point",
        "coordinates": [
          -58.1682630985315,
          -26.1475407358801
        ]
      },
      "properties": {
        "numero": "EM2-FMA-671",
        "ubicacion": "AVDA. BEATA NAZARIA IGNACIA MARCH - B° URBANIZACION LA CECILIA",
        "tipo secc.": "XS TRIFASICO",
        "tension": "13.2",
        "LOCALIDAD": "FORMOSA"
      }
    },
    {
      "type": "Feature",
      "geometry": {
        "type": "Point",
        "coordinates": [
          -58.2053583954,
          -26.2046545329
        ]
      },
      "properties": {
        "numero": "EM2-FMA-298",
        "ubicacion": "701",
        "tipo secc.": "A CUERNOS",
        "tension": "13.2",
        "LOCALIDAD": "FORMOSA"
      }
    },
    {
      "type": "Feature",
      "geometry": {
        "type": "Point",
        "coordinates": [
          -58.1847106867,
          -26.1986519582
        ]
      },
      "properties": {
        "numero": "EM2-FMA-406",
        "ubicacion": "702",
        "tipo secc.": "XS",
        "tension": "13.2",
        "LOCALIDAD": "FORMOSA"
      }
    },
    {
      "type": "Feature",
      "geometry": {
        "type": "Point",
        "coordinates": [
          -58.199193736,
          -26.2030292992
        ]
      },
      "properties": {
        "numero": "EM2-FMA-405",
        "ubicacion": "AV. NAP. URIBURU Y PUEYRREDON",
        "tipo secc.": "XS",
        "tension": "13.2",
        "LOCALIDAD": "FORMOSA"
      }
    },
    {
      "type": "Feature",
      "geometry": {
        "type": "Point",
        "coordinates": [
          -58.2186885305,
          -26.2097726405
        ]
      },
      "properties": {
        "numero": "EM2-FMA-407",
        "ubicacion": "AV. COLON Y ARTURO ILLIA (CAMINO A CURUZU LA NOVIA)",
        "tipo secc.": "XS TRIFASICO",
        "tension": "13.2",
        "LOCALIDAD": "FORMOSA"
      }
    },
    {
      "type": "Feature",
      "geometry": {
        "type": "Point",
        "coordinates": [
          -58.1994864008,
          -26.203724704
        ]
      },
      "properties": {
        "numero": "EM2-FMA-377",
        "ubicacion": "PLACITA LAGUNA SIAN",
        "tipo secc.": "A CUERNO",
        "tension": "13.2",
        "LOCALIDAD": "FORMOSA"
      }
    },
    {
      "type": "Feature",
      "geometry": {
        "type": "Point",
        "coordinates": [
          -58.2055254616,
          -26.2148487874
        ]
      },
      "properties": {
        "numero": "EM2-FMA-409",
        "ubicacion": "AV. NICOLAS AVELLANEDA S/N",
        "tipo secc.": "A CUCHILLA",
        "tension": "13.2",
        "LOCALIDAD": "FORMOSA"
      }
    },
    {
      "type": "Feature",
      "geometry": {
        "type": "Point",
        "coordinates": [
          -58.2431068146,
          -26.1995814541
        ]
      },
      "properties": {
        "numero": "EM2-FMA-357",
        "ubicacion": "CALLE JUNIN Y CALLE 11 - NUEVA FORMOSA",
        "tipo secc.": "A CUCHILLA",
        "tension": "13.2",
        "LOCALIDAD": "FORMOSA"
      }
    },
    {
      "type": "Feature",
      "geometry": {
        "type": "Point",
        "coordinates": [
          -60.529586632258,
          -24.7506297692186
        ]
      },
      "properties": {
        "numero": "EM2-LOM-003",
        "ubicacion": "SALIDA EETT TRANSNEA",
        "tipo secc.": "CUCHILLA",
        "tension": "13.2",
        "LOCALIDAD": "LAS LOMITAS"
      }
    },
    {
      "type": "Feature",
      "geometry": {
        "type": "Point",
        "coordinates": [
          -60.5568242274921,
          -24.7335908777507
        ]
      },
      "properties": {
        "numero": "EM2-LOM-004",
        "ubicacion": "SOBRE RUTA NACIONAL N° 81 (ACCESO A AEROPUERTO LAS LOMITAS)",
        "tipo secc.": "CUCHILLA",
        "tension": "13.2",
        "LOCALIDAD": "LAS LOMITAS"
      }
    },
    {
      "type": "Feature",
      "geometry": {
        "type": "Point",
        "coordinates": [
          -60.5530829786723,
          -24.7314534091382
        ]
      },
      "properties": {
        "numero": "EM2-LOM-005",
        "tipo secc.": "XS",
        "tension": "13.2"
      }
    },
    {
      "type": "Feature",
      "geometry": {
        "type": "Point",
        "coordinates": [
          -61.0305918478635,
          -24.4004439360921
        ]
      },
      "properties": {
        "numero": "EM2-MOR-001",
        "ubicacion": "ACCESO A POZO DEL MORTERO",
        "tipo secc.": "XS",
        "tension": "7.62",
        "LOCALIDAD": "POZO DEL MORTERO"
      }
    },
    {
      "type": "Feature",
      "geometry": {
        "type": "Point",
        "coordinates": [
          -58.1868925087,
          -26.1700551275
        ]
      },
      "properties": {
        "numero": "EM2-FMA-339",
        "ubicacion": "AV. ITALIA Y C. AYALA",
        "tipo secc.": "A CUERNO",
        "tension": "13.2",
        "LOCALIDAD": "FORMOSA"
      }
    },
    {
      "type": "Feature",
      "geometry": {
        "type": "Point",
        "coordinates": [
          -62.2984313821391,
          -23.190474611039
        ]
      },
      "properties": {
        "numero": "EM2-PL-S/N",
        "ubicacion": "ACCESO A COMUNIDAD 1° DE FEBRERO",
        "tipo secc.": "XS",
        "tension": "7.62",
        "LOCALIDAD": "EL CHORRO"
      }
    },
    {
      "type": "Feature",
      "geometry": {
        "type": "Point",
        "coordinates": [
          -58.2019800985725,
          -26.1969258207196
        ]
      },
      "properties": {
        "numero": "EM2-FMA-0169",
        "ubicacion": "BRANDZEN Y PUEYRREDON",
        "tipo secc.": "A CUERNOS",
        "tension": "13.2",
        "LOCALIDAD": "FORMOSA"
      }
    },
    {
      "type": "Feature",
      "geometry": {
        "type": "Point",
        "coordinates": [
          -58.2115863032171,
          -26.2009134594249
        ]
      },
      "properties": {
        "numero": "FMA-EM2-518",
        "ubicacion": "IRIGOYEN Y AVELLANEDA",
        "tipo secc.": "XS",
        "tension": "13.2",
        "LOCALIDAD": "FORMOSA"
      }
    },
    {
      "type": "Feature",
      "geometry": {
        "type": "Point",
        "coordinates": [
          -58.2328222234794,
          -26.2016511336835
        ]
      },
      "properties": {
        "numero": "EM2-FMA-547",
        "ubicacion": "AV. LOS PARAISOS Y SAAVEDRA",
        "tipo secc.": "A CUCHILLA",
        "tension": "13.2",
        "LOCALIDAD": "FORMOSA"
      }
    },
    {
      "type": "Feature",
      "geometry": {
        "type": "Point",
        "coordinates": [
          -58.2082212993,
          -26.2081451042
        ]
      },
      "properties": {
        "numero": "EM2-FMA-60",
        "ubicacion": "AV. NICOLAS AVELLANEDA Y A. ORTIZ",
        "tipo secc.": "A CUERNO",
        "tension": "13.2",
        "LOCALIDAD": "FORMOSA"
      }
    },
    {
      "type": "Feature",
      "geometry": {
        "type": "Point",
        "coordinates": [
          -58.2144726087415,
          -26.2079890898753
        ]
      },
      "properties": {
        "numero": "EM2-FMA-545",
        "ubicacion": "FRONDIZI Y ATILIO CABRERA",
        "tipo secc.": "XS",
        "tension": "13.2",
        "LOCALIDAD": "FORMOSA"
      }
    },
    {
      "type": "Feature",
      "geometry": {
        "type": "Point",
        "coordinates": [
          -58.2052438834,
          -26.2029763179
        ]
      },
      "properties": {
        "numero": "EM2-FMA-144",
        "ubicacion": "BERUTTI E/ AYACUCHO Y PARAGUAY",
        "tipo secc.": "A CUERNOS",
        "tension": "13.2",
        "LOCALIDAD": "FORMOSA"
      }
    },
    {
      "type": "Feature",
      "geometry": {
        "type": "Point",
        "coordinates": [
          -58.211745336,
          -26.1993377657
        ]
      },
      "properties": {
        "numero": "EM2-FMA-63",
        "ubicacion": "AV. AVELLANEDA E/ J.M. URIBURU Y BRANDZEN",
        "tipo secc.": "A CUERNOS",
        "tension": "13.2",
        "LOCALIDAD": "FORMOSA"
      }
    },
    {
      "type": "Feature",
      "geometry": {
        "type": "Point",
        "coordinates": [
          -58.1906363806,
          -26.1998922546
        ]
      },
      "properties": {
        "numero": "EM2-FMA-59",
        "ubicacion": "AV. NAP. URIBURU Y ANT. ARGENTINA",
        "tipo secc.": "A CUERNOS",
        "tension": "13.2",
        "LOCALIDAD": "FORMOSA"
      }
    },
    {
      "type": "Feature",
      "geometry": {
        "type": "Point",
        "coordinates": [
          -58.1859597705,
          -26.1983707338
        ]
      },
      "properties": {
        "numero": "EM2-FMA-58",
        "ubicacion": "AV. NAP. URIBURU Y ECHEGARAY",
        "tipo secc.": "A CUERNOS",
        "tension": "13.2",
        "LOCALIDAD": "FORMOSA"
      }
    },
    {
      "type": "Feature",
      "geometry": {
        "type": "Point",
        "coordinates": [
          -59.102978,
          -25.732624
        ]
      },
      "properties": {
        "numero": "EM2-PIR-002",
        "ubicacion": "JORGE NEWBERY Y SAN LORENZO",
        "tipo secc.": "A CUERNOS",
        "tension": "13.2",
        "LOCALIDAD": "PIRANE"
      }
    },
    {
      "type": "Feature",
      "geometry": {
        "type": "Point",
        "coordinates": [
          -59.097825,
          -25.736077
        ]
      },
      "properties": {
        "numero": "EM2-PIR-003",
        "ubicacion": "JORGE NEWBERY Y RUTA PROVINCIAL 3",
        "tipo secc.": "XS",
        "tension": "13.2",
        "LOCALIDAD": "PIRANE"
      }
    },
    {
      "type": "Feature",
      "geometry": {
        "type": "Point",
        "coordinates": [
          -59.095879,
          -25.73738
        ]
      },
      "properties": {
        "numero": "EM2-PIR-012",
        "ubicacion": "JORGE NEWBERY Y SAN LUIS",
        "tipo secc.": "XS",
        "tension": "13.2",
        "LOCALIDAD": "PIRANE"
      }
    },
    {
      "type": "Feature",
      "geometry": {
        "type": "Point",
        "coordinates": [
          -58.2429348833479,
          -26.2303029958722
        ]
      },
      "properties": {
        "numero": "EM1-FMA-352",
        "ubicacion": "MZ 16 LOTEO DON JUAN - AL COSTADO DE OBRADOR DE DEVIDO",
        "tipo secc.": "A CUERNOS",
        "tension": "33",
        "LOCALIDAD": "FORMOSA"
      }
    },
    {
      "type": "Feature",
      "geometry": {
        "type": "Point",
        "coordinates": [
          -57.7292662847544,
          -25.3077811424019
        ]
      },
      "properties": {
        "numero": "EM2-CLO-000",
        "ubicacion": "RUTA NACIONAL N° 11 Y VENEZUELA",
        "tipo secc.": "A CUERNOS",
        "tension": "13.2",
        "LOCALIDAD": "CLORINDA"
      }
    },
    {
      "type": "Feature",
      "geometry": {
        "type": "Point",
        "coordinates": [
          -58.5101905193796,
          -25.2154524764457
        ]
      },
      "properties": {
        "numero": "EM2-TLG-02",
        "ubicacion": "CALLE 3 Y 25 DE MAYO",
        "tipo secc.": "XS",
        "tension": "13.2",
        "LOCALIDAD": "TRES LAGUNAS"
      }
    },
    {
      "type": "Feature",
      "geometry": {
        "type": "Point",
        "coordinates": [
          -58.2364002268058,
          -26.1092483612807
        ]
      },
      "properties": {
        "numero": "EM2-FMA-443",
        "ubicacion": "SOBRA RUTA NACIONAL N° 81 - ACCESO A CEMENTERIO REMANSO DE PAZ",
        "tipo secc.": "XS",
        "tension": "13.2",
        "LOCALIDAD": "FORMOSA"
      }
    },
    {
      "type": "Feature",
      "geometry": {
        "type": "Point",
        "coordinates": [
          -58.2524576776585,
          -26.2454044557403
        ]
      },
      "properties": {
        "numero": "EM2-FMA-535",
        "ubicacion": "SOBRE RUTA Nº 11 - Bº VILLA DEL CARMEN MZ 30 - L.R. 189",
        "tipo secc.": "BAJO CARGA",
        "tension": "13.2",
        "LOCALIDAD": "FORMOSA"
      }
    },
    {
      "type": "Feature",
      "geometry": {
        "type": "Point",
        "coordinates": [
          -58.2009044889301,
          -26.1835088676425
        ]
      },
      "properties": {
        "numero": "EM2-FMA-435",
        "ubicacion": "PREFECTURA N. ARGENTINA Y ARENALES",
        "tipo secc.": "A CUERNO",
        "tension": "13.2",
        "LOCALIDAD": "FORMOSA"
      }
    },
    {
      "type": "Feature",
      "geometry": {
        "type": "Point",
        "coordinates": [
          -58.2508960003,
          -26.239058998
        ]
      },
      "properties": {
        "numero": "EM2-FMA-343",
        "ubicacion": "ACCESO A SOCIEDAD RURAL",
        "tipo secc.": "SECCIONALIZADOR",
        "tension": "13.2",
        "LOCALIDAD": "FORMOSA"
      }
    },
    {
      "type": "Feature",
      "geometry": {
        "type": "Point",
        "coordinates": [
          -58.2873692872,
          -26.3102129586623
        ]
      },
      "properties": {
        "numero": "EM2-FMA-434",
        "ubicacion": "DERIVACION A LA FAZENDA",
        "tipo secc.": "XS",
        "tension": "13.2",
        "LOCALIDAD": "FORMOSA"
      }
    },
    {
      "type": "Feature",
      "geometry": {
        "type": "Point",
        "coordinates": [
          -58.1858130042672,
          -26.1819098507564
        ]
      },
      "properties": {
        "numero": "EM2-FMA-285",
        "ubicacion": "CORRIENTES Y PANTALEON GOMEZ",
        "tipo secc.": "BAJO CARGA",
        "tension": "13.2",
        "LOCALIDAD": "FORMOSA"
      }
    },
    {
      "type": "Feature",
      "geometry": {
        "type": "Point",
        "coordinates": [
          -58.2706064295163,
          -26.2693622118659
        ]
      },
      "properties": {
        "numero": "EM2-FMA-420",
        "ubicacion": "RUTA NACIONAL N°11 - FRENTE A C.D. N°10",
        "tipo secc.": "XS",
        "tension": "7.62",
        "LOCALIDAD": "FORMOSA"
      }
    },
    {
      "type": "Feature",
      "geometry": {
        "type": "Point",
        "coordinates": [
          -58.1948046426937,
          -26.1887140650885
        ]
      },
      "properties": {
        "numero": "EM2-FMA-270",
        "ubicacion": "ANTARTIDA ARGENTINA Y PRINGLES",
        "tipo secc.": "XS",
        "tension": "13.2",
        "LOCALIDAD": "FORMOSA"
      }
    },
    {
      "type": "Feature",
      "geometry": {
        "type": "Point",
        "coordinates": [
          -58.190983261324,
          -26.1752640693579
        ]
      },
      "properties": {
        "numero": "EM2-FMA-642",
        "ubicacion": "VICENTE POSADAS Y JOAQUIN DE LOS SANTOS",
        "tipo secc.": "A CUCHILLO",
        "tension": "13.2",
        "LOCALIDAD": "FORMOSA"
      }
    },
    {
      "type": "Feature",
      "geometry": {
        "type": "Point",
        "coordinates": [
          -58.1876519947,
          -26.1909436948
        ]
      },
      "properties": {
        "numero": "EM2-FMA-269",
        "ubicacion": "J.M. URIBURU Y POLICIA DE TERRITORIOS NACIONALES",
        "tipo secc.": "A CUCHILLA",
        "tension": "13.2",
        "LOCALIDAD": "FORMOSA"
      }
    },
    {
      "type": "Feature",
      "geometry": {
        "type": "Point",
        "coordinates": [
          -58.2875013468,
          -26.2218180897
        ]
      },
      "properties": {
        "numero": "EM2-FMA-415",
        "ubicacion": "AV. LOS PUMAS - BARRIO PUEBLO DE DIOS",
        "tipo secc.": "XS",
        "tension": "7.62",
        "LOCALIDAD": "FORMOSA"
      }
    },
    {
      "type": "Feature",
      "geometry": {
        "type": "Point",
        "coordinates": [
          -58.299785873,
          -26.2357170742
        ]
      },
      "properties": {
        "numero": "EM2-FMA-416",
        "ubicacion": "CAMINO A PATRONATO (ANTES DEL PUENTE)",
        "tipo secc.": "XS",
        "tension": "13.2",
        "LOCALIDAD": "FORMOSA"
      }
    },
    {
      "type": "Feature",
      "geometry": {
        "type": "Point",
        "coordinates": [
          -58.3049005064,
          -26.235761341
        ]
      },
      "properties": {
        "numero": "EM2-FMA-417",
        "ubicacion": "ACCESO A CAMPO DE INSTRUCCION MILITAR - PATRONATO",
        "tipo secc.": "XS",
        "tension": "13.2 - BIFASICO",
        "LOCALIDAD": "FORMOSA"
      }
    },
    {
      "type": "Feature",
      "geometry": {
        "type": "Point",
        "coordinates": [
          -58.2010400286433,
          -25.1962408215869
        ]
      },
      "properties": {}
    },
    {
      "type": "Feature",
      "geometry": {
        "type": "Point",
        "coordinates": [
          -58.2650349973,
          -26.2618679983
        ]
      },
      "properties": {
        "numero": "EM2-FMA-418",
        "ubicacion": "DETRÁS DE PORTON ROJO - VILLA DEL CARMEN",
        "tipo secc.": "XS",
        "tension": "13.2",
        "LOCALIDAD": "FORMOSA"
      }
    },
    {
      "type": "Feature",
      "geometry": {
        "type": "Point",
        "coordinates": [
          -58.2501479914,
          -26.2650093801
        ]
      },
      "properties": {
        "numero": "EM2-FMA-419",
        "ubicacion": "CAMINO A CACHILITO",
        "tipo secc.": "XS",
        "tension": "13.2",
        "LOCALIDAD": "FORMOSA"
      }
    },
    {
      "type": "Feature",
      "geometry": {
        "type": "Point",
        "coordinates": [
          -62.3055989487502,
          -22.7205585620299
        ]
      },
      "properties": {
        "numero": "EM2-PL-S/N",
        "tipo secc.": "XS",
        "tension": "13.2",
        "LOCALIDAD": "MARIA CRISTINA"
      }
    },
    {
      "type": "Feature",
      "geometry": {
        "type": "Point",
        "coordinates": [
          -58.1912620521,
          -26.1823222866
        ]
      },
      "properties": {
        "numero": "EM2-FMA-163",
        "ubicacion": "TRINIDAD GONZALES S/N (FRENTE A COMISARIA GUADALUPE)",
        "tipo secc.": "BAJO CARGA",
        "tension": "13.2",
        "LOCALIDAD": "FORMOSA"
      }
    },
    {
      "type": "Feature",
      "geometry": {
        "type": "Point",
        "coordinates": [
          -58.1773255697594,
          -26.1911177298848
        ]
      },
      "properties": {
        "numero": "EM1-FMA-0347",
        "ubicacion": "FOTHERINGHAM Y FREITAS",
        "tipo secc.": "A CUERNOS",
        "tension": "33",
        "LOCALIDAD": "FORMOSA"
      }
    },
    {
      "type": "Feature",
      "geometry": {
        "type": "Point",
        "coordinates": [
          -58.1814469999,
          -26.1932765599
        ]
      },
      "properties": {
        "numero": "EM2-FMA-93",
        "ubicacion": "AV. P. GOMEZ 1282",
        "tipo secc.": "A CUERNO",
        "tension": "13.2",
        "LOCALIDAD": "FORMOSA"
      }
    },
    {
      "type": "Feature",
      "geometry": {
        "type": "Point",
        "coordinates": [
          -58.1835756482,
          -26.1879541715
        ]
      },
      "properties": {
        "numero": "EM2-FMA-98",
        "ubicacion": "AV. P. GOMEZ Y 25 DE MAYO",
        "tipo secc.": "A CUERNO",
        "tension": "13.2",
        "LOCALIDAD": "FORMOSA"
      }
    },
    {
      "type": "Feature",
      "geometry": {
        "type": "Point",
        "coordinates": [
          -58.1869165239,
          -26.1796841865
        ]
      },
      "properties": {
        "numero": "EM2-FMA-119",
        "ubicacion": "AV. KIRCHNER N° 1685",
        "tipo secc.": "BAJO CARGA",
        "tension": "13.2",
        "LOCALIDAD": "FORMOSA"
      }
    },
    {
      "type": "Feature",
      "geometry": {
        "type": "Point",
        "coordinates": [
          -58.1936809547,
          -26.1847676242
        ]
      },
      "properties": {
        "numero": "EM2-FMA-177",
        "ubicacion": "FUERZA AEREA ROTONDA DE GUADALUPE",
        "tipo secc.": "XS",
        "tension": "13.2",
        "LOCALIDAD": "FORMOSA"
      }
    },
    {
      "type": "Feature",
      "geometry": {
        "type": "Point",
        "coordinates": [
          -62.0542754978,
          -23.1111177709
        ]
      },
      "properties": {
        "numero": "EM2-PL-",
        "ubicacion": "B° EL SOL",
        "tipo secc.": "XS",
        "tension": "13.2 KV",
        "LOCALIDAD": "EL POTRILLO"
      }
    },
    {
      "type": "Feature",
      "geometry": {
        "type": "Point",
        "coordinates": [
          -60.0347535279413,
          -25.5566211983464
        ]
      },
      "properties": {
        "numero": "EM2-PER-002",
        "ubicacion": "RUTA NACIONAL N° 95",
        "tipo secc.": "XS",
        "tension": "13.2",
        "LOCALIDAD": "SUBTENIENTE PERIN"
      }
    },
    {
      "type": "Feature",
      "geometry": {
        "type": "Point",
        "coordinates": [
          -60.0159407819802,
          -25.5340729513008
        ]
      },
      "properties": {
        "numero": "EM2-PER-001",
        "ubicacion": "RIVADAVIA ENTRE AV 25 DE MAYO Y FONTANA",
        "tipo secc.": "XS",
        "tension": "13.2",
        "LOCALIDAD": "SUBTENIENTE PERIN"
      }
    },
    {
      "type": "Feature",
      "geometry": {
        "type": "Point",
        "coordinates": [
          -58.2382640363982,
          -26.1080165389435
        ]
      },
      "properties": {
        "numero": "EM1-FMA-353",
        "ubicacion": "SOBRA RUTA NACIONAL N° 81 - RIACHO EL PERDIDO",
        "tipo secc.": "A CUCHILLA",
        "tension": "33",
        "LOCALIDAD": "FORMOSA"
      }
    },
    {
      "type": "Feature",
      "geometry": {
        "type": "Point",
        "coordinates": [
          -57.7286881327832,
          -25.307624207104
        ]
      },
      "properties": {
        "numero": "EM2-CLO-000",
        "ubicacion": "SOBRE CALLE VENEZUELA SALIDA DE DISTRIBUIDOR",
        "tipo secc.": "A CUERNOS",
        "tension": "13.2",
        "LOCALIDAD": "CLORINDA"
      }
    },
    {
      "type": "Feature",
      "geometry": {
        "type": "Point",
        "coordinates": [
          -58.525006556957,
          -25.1921972034614
        ]
      },
      "properties": {
        "numero": "EM2-TLG-XX",
        "ubicacion": "RUTA PROVINCIAL N°6 Y RUTA PROVINCIAL N°8",
        "tipo secc.": "XS",
        "tension": "13.2",
        "LOCALIDAD": "TRES LAGUNAS"
      }
    },
    {
      "type": "Feature",
      "geometry": {
        "type": "Point",
        "coordinates": [
          -58.190263148643,
          -26.1819997578587
        ]
      },
      "properties": {
        "numero": "EM2-FMA-401",
        "ubicacion": "FRENTE A C.D. N° 4",
        "tipo secc.": "A CUERNO",
        "tension": "13.2",
        "LOCALIDAD": "FORMOSA"
      }
    },
    {
      "type": "Feature",
      "geometry": {
        "type": "Point",
        "coordinates": [
          -58.1902441042484,
          -26.1820185876686
        ]
      },
      "properties": {
        "numero": "EM2-FMA-403",
        "ubicacion": "FRENTE A C.D. N° 4",
        "tipo secc.": "A CUERNO",
        "tension": "13.2",
        "LOCALIDAD": "FORMOSA"
      }
    },
    {
      "type": "Feature",
      "geometry": {
        "type": "Point",
        "coordinates": [
          -58.1902541897306,
          -26.182022235609
        ]
      },
      "properties": {
        "numero": "EM2-FMA-404",
        "ubicacion": "FRENTE A C.D. N° 4",
        "tipo secc.": "A CUERNO",
        "tension": "13.2",
        "LOCALIDAD": "FORMOSA"
      }
    },
    {
      "type": "Feature",
      "geometry": {
        "type": "Point",
        "coordinates": [
          -58.190256657455,
          -26.1820168709908
        ]
      },
      "properties": {
        "numero": "EM2-FMA-402",
        "ubicacion": "FRENTE A C.D. N° 4",
        "tipo secc.": "A CUERNO",
        "tension": "13.2",
        "LOCALIDAD": "FORMOSA"
      }
    },
    {
      "type": "Feature",
      "geometry": {
        "type": "Point",
        "coordinates": [
          -58.164100845,
          -26.1882904765
        ]
      },
      "properties": {
        "numero": "EM2-FMA-499",
        "ubicacion": "RIVADAVIA Y AYACUCHO",
        "tipo secc.": "A CUERNOS",
        "tension": "13.2",
        "LOCALIDAD": "FORMOSA"
      }
    },
    {
      "type": "Feature",
      "geometry": {
        "type": "Point",
        "coordinates": [
          -58.1602087203,
          -26.1864858358
        ]
      },
      "properties": {
        "numero": "EM2-FMA-525",
        "ubicacion": "ENTRE RIOS Y SALTA",
        "tipo secc.": "XS TRIFASICO",
        "tension": "13.2",
        "LOCALIDAD": "FORMOSA"
      }
    },
    {
      "type": "Feature",
      "geometry": {
        "type": "Point",
        "coordinates": [
          -58.157430731,
          -26.1890572171
        ]
      },
      "properties": {
        "numero": "EM2-FMA-498",
        "ubicacion": "AV. NAPOLEON URIBURU Y RAMOS MEJIA",
        "tipo secc.": "XS TRIFASICO",
        "tension": "13.2",
        "LOCALIDAD": "FORMOSA"
      }
    },
    {
      "type": "Feature",
      "geometry": {
        "type": "Point",
        "coordinates": [
          -58.1710484878,
          -26.1939989369
        ]
      },
      "properties": {
        "numero": "EM2-FMA-500",
        "ubicacion": "9 DE JULIO Y NAPOLEON URIBURU",
        "tipo secc.": "A CUERNOS",
        "tension": "13.2",
        "LOCALIDAD": "FORMOSA"
      }
    },
    {
      "type": "Feature",
      "geometry": {
        "type": "Point",
        "coordinates": [
          -58.2001268575506,
          -26.1839949934829
        ]
      },
      "properties": {
        "numero": "EM2-FMA-073",
        "ubicacion": "AV, KIRCHNER S/N (FRENTE A ALBERGUE EVITA)",
        "tipo secc.": "A CUERNO",
        "tension": "13.2",
        "LOCALIDAD": "FORMOSA"
      }
    },
    {
      "type": "Feature",
      "geometry": {
        "type": "Point",
        "coordinates": [
          -58.195613604255,
          -26.1825317402214
        ]
      },
      "properties": {
        "numero": "EM2-FMA-135",
        "ubicacion": "AV. KIRCHNER Y JAURETCHE (ESQUINA FRUTIORTICOLA)",
        "tipo secc.": "A CUERNO",
        "tension": "13.2",
        "LOCALIDAD": "FORMOSA"
      }
    },
    {
      "type": "Feature",
      "geometry": {
        "type": "Point",
        "coordinates": [
          -58.1895062546606,
          -26.1898608011432
        ]
      },
      "properties": {
        "numero": "EM2-FMA-178",
        "ubicacion": "ECHEGARAY Y GUTNISKY",
        "tipo secc.": "A CUERNO",
        "tension": "13.2",
        "LOCALIDAD": "FORMOSA"
      }
    },
    {
      "type": "Feature",
      "geometry": {
        "type": "Point",
        "coordinates": [
          -58.1505289965,
          -26.2016329965
        ]
      },
      "properties": {
        "numero": "EM2-FMA-336",
        "ubicacion": "Dauyero y Polonia Enciso (Lote 4)",
        "tipo secc.": "XS TRIFASICO",
        "tension": "13.2",
        "LOCALIDAD": "FORMOSA"
      }
    },
    {
      "type": "Feature",
      "geometry": {
        "type": "Point",
        "coordinates": [
          -58.1643141581,
          -26.1867831532
        ]
      },
      "properties": {
        "numero": "EM2-FMA-494",
        "ubicacion": "RIVADAVIA Y FOTHERINGHAM",
        "tipo secc.": "A CUCHILLA",
        "tension": "13.2",
        "LOCALIDAD": "FORMOSA"
      }
    },
    {
      "type": "Feature",
      "geometry": {
        "type": "Point",
        "coordinates": [
          -58.5190748826826,
          -25.2106008626031
        ]
      },
      "properties": {
        "numero": "EM2-TLG-XX",
        "ubicacion": "RUTA PROVINCIAL N° 6",
        "tipo secc.": "CUCHILLA",
        "tension": "13.2",
        "LOCALIDAD": "TRES LAGUNAS"
      }
    },
    {
      "type": "Feature",
      "geometry": {
        "type": "Point",
        "coordinates": [
          -58.1651424727,
          -26.1846681426
        ]
      },
      "properties": {
        "numero": "EM2-FMA-497",
        "ubicacion": "BRANDSEN Y RIVADAVIA",
        "tipo secc.": "A CUCHILLA",
        "tension": "13.2",
        "LOCALIDAD": "FORMOSA"
      }
    },
    {
      "type": "Feature",
      "geometry": {
        "type": "Point",
        "coordinates": [
          -58.2405485974942,
          -26.1973559243807
        ]
      },
      "properties": {
        "numero": "EM2-FMA-647",
        "ubicacion": "AV. KIRCHNER (EN LA CURVITA) - Bº NUEVA FORMOSA",
        "tipo secc.": "A CUCHILLA",
        "tension": "13.2",
        "LOCALIDAD": "FORMOSA"
      }
    },
    {
      "type": "Feature",
      "geometry": {
        "type": "Point",
        "coordinates": [
          -57.7187566330472,
          -25.2945393658188
        ]
      },
      "properties": {
        "numero": "EM2-CLO-000",
        "ubicacion": "HERTELENDY Y AVENIDA ESPAÑA",
        "tipo secc.": "A CUERNOS",
        "tension": "13.2",
        "LOCALIDAD": "CLORINDA"
      }
    },
    {
      "type": "Feature",
      "geometry": {
        "type": "Point",
        "coordinates": [
          -57.7203343910321,
          -25.2919716613433
        ]
      },
      "properties": {
        "numero": "EM2-CLO-000",
        "ubicacion": "CORDOBA Y SAN VICENTE DE PAUL",
        "tipo secc.": "A CUERNOS",
        "tension": "13.2",
        "LOCALIDAD": "CLORINDA"
      }
    },
    {
      "type": "Feature",
      "geometry": {
        "type": "Point",
        "coordinates": [
          -57.7179991595706,
          -25.2852699145948
        ]
      },
      "properties": {
        "numero": "EM2-CLO-000",
        "ubicacion": "HERTELENDY - FRENTE A REFSA",
        "tipo secc.": "BAJO CARGA",
        "tension": "13.2",
        "LOCALIDAD": "CLORINDA"
      }
    },
    {
      "type": "Feature",
      "geometry": {
        "type": "Point",
        "coordinates": [
          -57.717891783554,
          -25.285204084433
        ]
      },
      "properties": {
        "numero": "EM2-CLO-000",
        "ubicacion": "HERTELENDY - VEREDA DE REFSA",
        "tipo secc.": "BAJO CARGA",
        "tension": "13.2",
        "LOCALIDAD": "CLORINDA"
      }
    },
    {
      "type": "Feature",
      "geometry": {
        "type": "Point",
        "coordinates": [
          -58.173716001,
          -26.193695995
        ]
      },
      "properties": {
        "numero": "EM2-FMA-0137",
        "ubicacion": "Julio A. Roca Nº 1537",
        "tipo secc.": "A CUERNOS",
        "tension": "13.2",
        "LOCALIDAD": "FORMOSA"
      }
    },
    {
      "type": "Feature",
      "geometry": {
        "type": "Point",
        "coordinates": [
          -58.170500967,
          -26.1913659773
        ]
      },
      "properties": {
        "numero": "EM2-FMA-0162",
        "ubicacion": "FONTANA Y AYACUCHO (RENTAS)",
        "tipo secc.": "A CUERNOS",
        "tension": "13.2",
        "LOCALIDAD": "FORMOSA"
      }
    },
    {
      "type": "Feature",
      "geometry": {
        "type": "Point",
        "coordinates": [
          -58.1689018425,
          -26.1893296528
        ]
      },
      "properties": {
        "numero": "EM2-FMA-0082",
        "ubicacion": "SALTA N° 617",
        "tipo secc.": "BAJO CARGA",
        "tension": "13.2",
        "LOCALIDAD": "FORMOSA"
      }
    },
    {
      "type": "Feature",
      "geometry": {
        "type": "Point",
        "coordinates": [
          -58.1701520953,
          -26.1863100568
        ]
      },
      "properties": {
        "numero": "EM2-FMA-0142",
        "ubicacion": "Brandsen Nº 620",
        "tipo secc.": "A CUERNOS",
        "tension": "13.2",
        "LOCALIDAD": "FORMOSA"
      }
    },
    {
      "type": "Feature",
      "geometry": {
        "type": "Point",
        "coordinates": [
          -58.1713450042,
          -26.1867010023
        ]
      },
      "properties": {
        "numero": "EM2-FMA-0143",
        "ubicacion": "Brandsen Nº 716",
        "tipo secc.": "A CUERNOS",
        "tension": "13.2",
        "LOCALIDAD": "FORMOSA"
      }
    },
    {
      "type": "Feature",
      "geometry": {
        "type": "Point",
        "coordinates": [
          -58.162412231,
          -26.1858236699
        ]
      },
      "properties": {
        "numero": "EM2-FMA-0086",
        "ubicacion": "San Martín Nº 1165",
        "tipo secc.": "A CUERNOS",
        "tension": "13.2",
        "LOCALIDAD": "FORMOSA"
      }
    },
    {
      "type": "Feature",
      "geometry": {
        "type": "Point",
        "coordinates": [
          -58.1640164338,
          -26.183147987
        ]
      },
      "properties": {
        "numero": "EM2-FMA-0075",
        "ubicacion": "José M. Uriburu Nº 31 (CASA DE GOBIERNO)",
        "tipo secc.": "A CUERNOS",
        "tension": "13.2",
        "LOCALIDAD": "FORMOSA"
      }
    },
    {
      "type": "Feature",
      "geometry": {
        "type": "Point",
        "coordinates": [
          -58.1639999698,
          -26.1831426248
        ]
      },
      "properties": {
        "numero": "EM2-FMA-0075",
        "ubicacion": "José M. Uriburu Nº 31 (CASA DE GOBIERNO)",
        "tipo secc.": "A CUERNOS",
        "tension": "13.2",
        "LOCALIDAD": "FORMOSA"
      }
    },
    {
      "type": "Feature",
      "geometry": {
        "type": "Point",
        "coordinates": [
          -58.1637003145,
          -26.1826946614
        ]
      },
      "properties": {
        "numero": "EM2-FMA-0538",
        "ubicacion": "SAN MARTIN E/ J.M. URIBURU Y 25 DE MAYO",
        "tipo secc.": "A CUCHILLA",
        "tension": "13.2",
        "LOCALIDAD": "FORMOSA"
      }
    },
    {
      "type": "Feature",
      "geometry": {
        "type": "Point",
        "coordinates": [
          -58.1642091792,
          -26.1814585415
        ]
      },
      "properties": {
        "numero": "EM2-FMA-0077",
        "ubicacion": "San Martín Nº  (frente Hotel de Turismo)",
        "tipo secc.": "BAJO CARGA",
        "tension": "13.2",
        "LOCALIDAD": "FORMOSA"
      }
    },
    {
      "type": "Feature",
      "geometry": {
        "type": "Point",
        "coordinates": [
          -58.1664496442,
          -26.1823869646
        ]
      },
      "properties": {
        "numero": "EM2-FMA-0543",
        "LOCALIDAD": "FORMOSA"
      }
    },
    {
      "type": "Feature",
      "geometry": {
        "type": "Point",
        "coordinates": [
          -60.5883630367418,
          -24.7106449474333
        ]
      },
      "properties": {
        "numero": "EM2-LOM-001",
        "ubicacion": "CHILE Y MATIENZO",
        "tipo secc.": "XS",
        "tension": "13.2",
        "LOCALIDAD": "LAS LOMITAS"
      }
    },
    {
      "type": "Feature",
      "geometry": {
        "type": "Point",
        "coordinates": [
          -60.5883037344414,
          -24.7143342603014
        ]
      },
      "properties": {
        "numero": "EM2-LOM-006",
        "tipo secc.": "XS",
        "tension": "13.2"
      }
    },
    {
      "type": "Feature",
      "geometry": {
        "type": "Point",
        "coordinates": [
          -58.4881960910031,
          -26.1125899230915
        ]
      },
      "properties": {
        "numero": "EM2-MBO-003",
        "ubicacion": "POLICIA",
        "tipo secc.": "XS",
        "tension": "13.2",
        "LOCALIDAD": "MARIANO BOEDO"
      }
    },
    {
      "type": "Feature",
      "geometry": {
        "type": "Point",
        "coordinates": [
          -58.3945815180764,
          -26.0141161554009
        ]
      },
      "properties": {
        "numero": "EM2-MBO-001",
        "ubicacion": "RUTA NACIONAL N° 81 Y ACCESO A MARIANO BOEDO",
        "tipo secc.": "A CUERNOS",
        "tension": "13.2",
        "LOCALIDAD": "MARIANO BOEDO"
      }
    },
    {
      "type": "Feature",
      "geometry": {
        "type": "Point",
        "coordinates": [
          -58.4099375961,
          -26.0383178993
        ]
      },
      "properties": {
        "numero": "EM2-MBO-004",
        "ubicacion": "CAMINO A MARIANO BOEDO - ACCESO A EST. SBARBELLA",
        "tipo secc.": "XS",
        "tension": "13.2",
        "LOCALIDAD": "MARIANO BOEDO"
      }
    },
    {
      "type": "Feature",
      "geometry": {
        "type": "Point",
        "coordinates": [
          -60.4056607391118,
          -24.2471416107739
        ]
      },
      "properties": {
        "numero": "EM2-EDE-001",
        "ubicacion": "EL DESCANSO",
        "tipo secc.": "XS",
        "tension": "13.2",
        "LOCALIDAD": "LOMITAS"
      }
    },
    {
      "type": "Feature",
      "geometry": {
        "type": "Point",
        "coordinates": [
          -58.2109572606006,
          -26.1912896891009
        ]
      },
      "properties": {
        "numero": "EM2-FMA-0560",
        "ubicacion": "PASAJE FEMENIA Y MOUCHAR - B° INCONE",
        "tipo secc.": "XS",
        "tension": "13.2",
        "LOCALIDAD": "FORMOSA"
      }
    },
    {
      "type": "Feature",
      "geometry": {
        "type": "Point",
        "coordinates": [
          -58.2141354690241,
          -26.1969637429745
        ]
      },
      "properties": {
        "numero": "EM2-FMA-0065",
        "ubicacion": "ESPAÑA Y AV. GENDARMERIA NACIONAL",
        "tipo secc.": "A CUERNOS",
        "tension": "13.2",
        "LOCALIDAD": "FORMOSA"
      }
    },
    {
      "type": "Feature",
      "geometry": {
        "type": "Point",
        "coordinates": [
          -58.2021054399496,
          -26.1966477546663
        ]
      },
      "properties": {
        "numero": "EM2-FMA-0170",
        "ubicacion": "PUEYRREDON Y BRANDSEN",
        "tipo secc.": "XS",
        "tension": "13.2",
        "LOCALIDAD": "FORMOSA"
      }
    },
    {
      "type": "Feature",
      "geometry": {
        "type": "Point",
        "coordinates": [
          -58.217639096587,
          -26.1898531306523
        ]
      },
      "properties": {
        "numero": "EM2-FMA-0253",
        "ubicacion": "AV. NESTOR KIRCHNER Y JUAN LUIS DIAZ",
        "tipo secc.": "BAJO CARGA",
        "tension": "13.2",
        "LOCALIDAD": "FORMOSA"
      }
    },
    {
      "type": "Feature",
      "geometry": {
        "type": "Point",
        "coordinates": [
          -58.2129005172016,
          -26.1965699617859
        ]
      },
      "properties": {
        "numero": "EM2-FMA-0475",
        "ubicacion": "AV. GENDARMERIA NACIONAL Y SAAVEDRA",
        "tipo secc.": "A CUERNOS",
        "tension": "13.2",
        "LOCALIDAD": "FORMOSA"
      }
    },
    {
      "type": "Feature",
      "geometry": {
        "type": "Point",
        "coordinates": [
          -58.2122236344747,
          -26.1882448254508
        ]
      },
      "properties": {
        "numero": "EM2-FMA-0069",
        "ubicacion": "AV. GONZALEZ LELONG Y HORACIO MOUCHAR",
        "tipo secc.": "A CUERNOS",
        "tension": "13.2",
        "LOCALIDAD": "FORMOSA"
      }
    },
    {
      "type": "Feature",
      "geometry": {
        "type": "Point",
        "coordinates": [
          -58.1844499972,
          -26.1858160042
        ]
      },
      "properties": {
        "numero": "EM2-FMA-99",
        "ubicacion": "AV. P. GOMEZ N° 570",
        "tipo secc.": "A CUERNOS",
        "tension": "13.2",
        "LOCALIDAD": "FORMOSA"
      }
    },
    {
      "type": "Feature",
      "geometry": {
        "type": "Point",
        "coordinates": [
          -58.1654331678895,
          -26.1849411295465
        ]
      },
      "properties": {
        "numero": "EM2-FMA-495",
        "ubicacion": "RIVADAVIA Y BRANDSEN",
        "tipo secc.": "A CUCHILLA",
        "tension": "13.2",
        "LOCALIDAD": "FORMOSA"
      }
    },
    {
      "type": "Feature",
      "geometry": {
        "type": "Point",
        "coordinates": [
          -61.3651721889483,
          -23.5391119902607
        ]
      },
      "properties": {
        "numero": "EM2-GUA-001",
        "ubicacion": "SOBRE RUTA NACIONAL 86",
        "tipo secc.": "XS",
        "tension": "13.2"
      }
    },
    {
      "type": "Feature",
      "geometry": {
        "type": "Point",
        "coordinates": [
          -61.3957712301939,
          -23.5142222563887
        ]
      },
      "properties": {
        "numero": "EM2-LES-001",
        "ubicacion": "LA ESPERANZA",
        "tipo secc.": "XS",
        "tension": "13.2"
      }
    },
    {
      "type": "Feature",
      "geometry": {
        "type": "Point",
        "coordinates": [
          -58.1832908285,
          -26.1905755952
        ]
      },
      "properties": {
        "numero": "EM2-FMA-96",
        "ubicacion": "BRANDSEN N° 1715",
        "tipo secc.": "A CUERNO",
        "tension": "13.2",
        "LOCALIDAD": "FORMOSA"
      }
    },
    {
      "type": "Feature",
      "geometry": {
        "type": "Point",
        "coordinates": [
          -58.2104704583736,
          -26.1876719323769
        ]
      },
      "properties": {
        "numero": "EM2-FMA-0070",
        "ubicacion": "AV. GONZALEZ LELONG Y LA PAMPA",
        "tipo secc.": "XS",
        "tension": "13.2",
        "LOCALIDAD": "FORMOSA"
      }
    },
    {
      "type": "Feature",
      "geometry": {
        "type": "Point",
        "coordinates": [
          -58.2112082864135,
          -26.1883175317742
        ]
      },
      "properties": {
        "numero": "EM2-FMA-0338",
        "ubicacion": "AV. GONZALEZ LELONG Y BERUTTI",
        "tipo secc.": "XS",
        "tension": "13.2",
        "LOCALIDAD": "FORMOSA"
      }
    },
    {
      "type": "Feature",
      "geometry": {
        "type": "Point",
        "coordinates": [
          -58.153605215071,
          -26.1289929888154
        ]
      },
      "properties": {
        "numero": "EM2-FMA-229",
        "ubicacion": "AV. DE LOS CONSTITUYENTES MZ 35 - BARRIO ANTENOR GAUNA",
        "tipo secc.": "BAJO CARGA",
        "tension": "13.2",
        "LOCALIDAD": "FORMOSA"
      }
    },
    {
      "type": "Feature",
      "geometry": {
        "type": "Point",
        "coordinates": [
          -58.2145723069766,
          -26.192308113362
        ]
      },
      "properties": {
        "numero": "EM2-FMA-0474",
        "ubicacion": "AV. GENDARMERIA NACIONAL Y JUAN JOSE SILVA",
        "tipo secc.": "CUCHILLA",
        "tension": "13.2",
        "LOCALIDAD": "FORMOSA"
      }
    },
    {
      "type": "Feature",
      "geometry": {
        "type": "Point",
        "coordinates": [
          -58.1929895879404,
          -26.1716325056667
        ]
      },
      "properties": {
        "numero": "EM2-FMA-293",
        "ubicacion": "JUAQUIN DE LOS SANTOS Y AV. ITALIA",
        "tipo secc.": "A CUERNOS",
        "tension": "13.2",
        "LOCALIDAD": "FORMOSA"
      }
    },
    {
      "type": "Feature",
      "geometry": {
        "type": "Point",
        "coordinates": [
          -58.2124246373913,
          -26.184375395376
        ]
      },
      "properties": {
        "numero": "EM2-FMA-0251",
        "ubicacion": "AV. CIRCUNVALACION Y CORONEL BOGADO",
        "tipo secc.": "A CUERNOS",
        "tension": "13.2",
        "LOCALIDAD": "FORMOSA"
      }
    },
    {
      "type": "Feature",
      "geometry": {
        "type": "Point",
        "coordinates": [
          -58.2073487153992,
          -26.1842238379176
        ]
      },
      "properties": {
        "numero": "EM2-FMA-0250",
        "ubicacion": "CORONEL BOGADO Y A.V. MOREAU DE JUSTO",
        "tipo secc.": "A CUERNOS",
        "tension": "13.2",
        "LOCALIDAD": "FORMOSA"
      }
    },
    {
      "type": "Feature",
      "geometry": {
        "type": "Point",
        "coordinates": [
          -58.2061792076411,
          -26.186411473935
        ]
      },
      "properties": {
        "numero": "EM2-FMA-0071",
        "ubicacion": "AV. NESTOR KIRCHNER Y PUEYRREDON",
        "tipo secc.": "A CUERNOS",
        "tension": "13.2",
        "LOCALIDAD": "FORMOSA"
      }
    },
    {
      "type": "Feature",
      "geometry": {
        "type": "Point",
        "coordinates": [
          -58.2116514791834,
          -26.1730518213283
        ]
      },
      "properties": {
        "numero": "EM2-FMA-0552",
        "ubicacion": "MOREAU DE JUSTO",
        "tipo secc.": "A CUCHILLA",
        "tension": "13.2",
        "LOCALIDAD": "FORMOSA"
      }
    },
    {
      "type": "Feature",
      "geometry": {
        "type": "Point",
        "coordinates": [
          -58.1967587909957,
          -26.1773611431931
        ]
      },
      "properties": {
        "numero": "EM2-FMA-0199",
        "ubicacion": "AV. ITALIA Y JUAN MANUEL DE ROSAS",
        "tipo secc.": "XS",
        "tension": "13.2",
        "LOCALIDAD": "FORMOSA"
      }
    },
    {
      "type": "Feature",
      "geometry": {
        "type": "Point",
        "coordinates": [
          -58.1882636182715,
          -26.170259078884
        ]
      },
      "properties": {
        "numero": "EM2-FMA-0353",
        "ubicacion": "FELIPE OLIVA Y AV. ITALIA",
        "tipo secc.": "A CUERNO",
        "tension": "13.2",
        "LOCALIDAD": "FORMOSA"
      }
    },
    {
      "type": "Feature",
      "geometry": {
        "type": "Point",
        "coordinates": [
          -58.2001063837879,
          -26.1794631134963
        ]
      },
      "properties": {
        "numero": "EM2-FMA-0492",
        "ubicacion": "HOSPITAL EVITA - SOBRE SCOZZINA",
        "tipo secc.": "A CUERNOS",
        "tension": "13.2",
        "LOCALIDAD": "FORMOSA"
      }
    },
    {
      "type": "Feature",
      "geometry": {
        "type": "Point",
        "coordinates": [
          -58.2260789929408,
          -26.1902598279353
        ]
      },
      "properties": {
        "numero": "EM2-FMA-0546",
        "ubicacion": "AV. 12 DE OCTUBRE Y CORONEL BOGADO",
        "tipo secc.": "A CUERNOS",
        "tension": "13.2",
        "LOCALIDAD": "FORMOSA"
      }
    },
    {
      "type": "Feature",
      "geometry": {
        "type": "Point",
        "coordinates": [
          -58.1982070425798,
          -26.1737449577062
        ]
      },
      "properties": {
        "numero": "EM2-FMA-0210",
        "ubicacion": "AV. ITALIA Y JUAN MANUEL DE ROSAS",
        "tipo secc.": "BAJO CARGO",
        "tension": "13.2",
        "LOCALIDAD": "FORMOSA"
      }
    },
    {
      "type": "Feature",
      "geometry": {
        "type": "Point",
        "coordinates": [
          -58.1982235625212,
          -26.1734388228107
        ]
      },
      "properties": {
        "numero": "EM2-FMA-0195",
        "ubicacion": "AV. ITALIA Y JUAN MANUEL DE ROSAS",
        "tipo secc.": "A CUERNOS",
        "tension": "13.2",
        "LOCALIDAD": "FORMOSA"
      }
    },
    {
      "type": "Feature",
      "geometry": {
        "type": "Point",
        "coordinates": [
          -58.2058950852534,
          -26.1858901804313
        ]
      },
      "properties": {
        "numero": "EM2-FMA-0072",
        "ubicacion": "AV. NESTOR KIRCHNER Y PUEYRREDON",
        "tipo secc.": "A CUERNOS",
        "tension": "13.2",
        "LOCALIDAD": "FORMOSA"
      }
    },
    {
      "type": "Feature",
      "geometry": {
        "type": "Point",
        "coordinates": [
          -58.1621208071274,
          -26.130980323519
        ]
      },
      "properties": {
        "numero": "EM2-FMA-655",
        "ubicacion": "SALIDA C.D. N°5",
        "tipo secc.": "A CUCHILLA",
        "tension": "13.2",
        "LOCALIDAD": "FORMOSA"
      }
    },
    {
      "type": "Feature",
      "geometry": {
        "type": "Point",
        "coordinates": [
          -58.198898620079,
          -26.1717639361033
        ]
      },
      "properties": {
        "numero": "EM2-FMA-0447",
        "ubicacion": "JUAN MANUEL DE ROSAS Y GUTIERREZ",
        "tipo secc.": "XS",
        "tension": "13.2",
        "LOCALIDAD": "FORMOSA"
      }
    },
    {
      "type": "Feature",
      "geometry": {
        "type": "Point",
        "coordinates": [
          -58.2991681348782,
          -26.5016247350297
        ]
      },
      "properties": {
        "numero": "EM2-HER-S/N",
        "tipo secc.": "XS",
        "tension": "13.2"
      }
    },
    {
      "type": "Feature",
      "geometry": {
        "type": "Point",
        "coordinates": [
          -58.1906913779036,
          -26.1713188295409
        ]
      },
      "properties": {
        "numero": "EM2-FMA-0151",
        "ubicacion": "JUAN B. CABRAL Y AV. ITALIA",
        "tipo secc.": "A CUERNOS",
        "tension": "13.2",
        "LOCALIDAD": "FORMOSA"
      }
    },
    {
      "type": "Feature",
      "geometry": {
        "type": "Point",
        "coordinates": [
          -58.1889622278,
          -26.1755861998
        ]
      },
      "properties": {
        "numero": "EM2-FMA-351",
        "ubicacion": "SARGENTO CABRAL CASI SCOZZINA",
        "tipo secc.": "A CUERNO",
        "tension": "13.2",
        "LOCALIDAD": "FORMOSA"
      }
    },
    {
      "type": "Feature",
      "geometry": {
        "type": "Point",
        "coordinates": [
          -58.154780526978,
          -26.1247998796393
        ]
      },
      "properties": {
        "numero": "EM2-FMA-563",
        "ubicacion": "MZ 80 COLONIA MONTEAGUDO",
        "tipo secc.": "XS",
        "tension": "13.2",
        "LOCALIDAD": "FORMOSA"
      }
    },
    {
      "type": "Feature",
      "geometry": {
        "type": "Point",
        "coordinates": [
          -58.220864448371,
          -26.1760247588103
        ]
      },
      "properties": {
        "numero": "EM2-FMA-650",
        "ubicacion": "AV. AVELLANEDA Y PUCHINI",
        "tipo secc.": "A CUCHILLA",
        "tension": "13.2",
        "LOCALIDAD": "FORMOSA"
      }
    },
    {
      "type": "Feature",
      "geometry": {
        "type": "Point",
        "coordinates": [
          -58.1974421609425,
          -26.1620801164993
        ]
      },
      "properties": {
        "numero": "EM2-FMA-0479",
        "ubicacion": "AV. GENDARMERIA NACIONAL Y BENINGA",
        "tipo secc.": "A CUERNOS",
        "tension": "13.2",
        "LOCALIDAD": "FORMOSA"
      }
    },
    {
      "type": "Feature",
      "geometry": {
        "type": "Point",
        "coordinates": [
          -59.053935803661,
          -26.1183347964898
        ]
      },
      "properties": {
        "numero": "EM2-VILL-S/N",
        "tipo secc.": "XS",
        "tension": "13.2",
        "LOCALIDAD": "VILLAFAÑE"
      }
    },
    {
      "type": "Feature",
      "geometry": {
        "type": "Point",
        "coordinates": [
          -58.5153032014686,
          -25.2134718778361
        ]
      },
      "properties": {
        "numero": "EM2-TLG-01",
        "ubicacion": "RUTA PROVINCIAL N°6 y FOTHERINGHAM",
        "tipo secc.": "XS",
        "tension": "13.2",
        "LOCALIDAD": "TRES LAGUNAS"
      }
    },
    {
      "type": "Feature",
      "geometry": {
        "type": "Point",
        "coordinates": [
          -58.1855401120474,
          -26.1695779620223
        ]
      },
      "properties": {
        "numero": "EM2-FMA-670",
        "ubicacion": "AV. ITALIA Y JOSE M. AMOR",
        "tipo secc.": "A CUCHILLA",
        "tension": "13.2",
        "LOCALIDAD": "FORMOSA"
      }
    },
    {
      "type": "Feature",
      "geometry": {
        "type": "Point",
        "coordinates": [
          -58.2128757907988,
          -26.163946561207
        ]
      },
      "properties": {
        "numero": "EM2-FMA-0282",
        "ubicacion": "ALICIA MOREAU DE JUSTO Y 13 DE JUNIO",
        "tipo secc.": "A CUCHILLA",
        "tension": "13.2",
        "LOCALIDAD": "FORMOSA"
      }
    },
    {
      "type": "Feature",
      "geometry": {
        "type": "Point",
        "coordinates": [
          -58.1908584082377,
          -26.1966341884942
        ]
      },
      "properties": {
        "numero": "EM2-FMA-145",
        "ubicacion": "SALTA Y ANTARTIDA",
        "tipo secc.": "A CUERNOS",
        "tension": "13.2",
        "LOCALIDAD": "FORMOSA"
      }
    },
    {
      "type": "Feature",
      "geometry": {
        "type": "Point",
        "coordinates": [
          -58.3102556062021,
          -26.487746359317
        ]
      },
      "properties": {
        "numero": "EM2-HER-001",
        "ubicacion": "SALIDA C.D.",
        "tipo secc.": "XS",
        "tension": "13.2",
        "LOCALIDAD": "HERRADURA"
      }
    },
    {
      "type": "Feature",
      "geometry": {
        "type": "Point",
        "coordinates": [
          -58.2091113052474,
          -26.1786366366809
        ]
      },
      "properties": {
        "numero": "EM1-FMA-0342",
        "ubicacion": "AV. CIRCUNVALACION Y PUEYRREDON",
        "tipo secc.": "BAJO CARGA",
        "tension": "33",
        "LOCALIDAD": "FORMOSA"
      }
    },
    {
      "type": "Feature",
      "geometry": {
        "type": "Point",
        "coordinates": [
          -58.2153990954035,
          -26.1740607512143
        ]
      },
      "properties": {
        "numero": "EM2-FMA-0621",
        "ubicacion": "MZ 16 - BARRIO 25 DE MAYO",
        "tipo secc.": "XS",
        "tension": "13.2",
        "LOCALIDAD": "FORMOSA"
      }
    },
    {
      "type": "Feature",
      "geometry": {
        "type": "Point",
        "coordinates": [
          -58.2334249945111,
          -26.1985263164502
        ]
      },
      "properties": {
        "numero": "EM2-FMA-0623",
        "ubicacion": "JUAN JOSE SILVA Y CALLE 10 - Bº NUEVA FORMOSA",
        "tipo secc.": "A CUCHILLA",
        "tension": "13.2",
        "LOCALIDAD": "FORMOSA"
      }
    },
    {
      "type": "Feature",
      "geometry": {
        "type": "Point",
        "coordinates": [
          -58.1763423572066,
          -26.1840197442501
        ]
      },
      "properties": {
        "numero": "EM2-FMA-0636",
        "ubicacion": "SARMIENTO Y SAAVEDRA - FRENTE A CD 8",
        "tipo secc.": "A CUERNOS",
        "tension": "13.2",
        "LOCALIDAD": "FORMOSA"
      }
    },
    {
      "type": "Feature",
      "geometry": {
        "type": "Point",
        "coordinates": [
          -58.2884178983766,
          -26.5255442804377
        ]
      },
      "properties": {
        "numero": "EM2-HER-S/N",
        "ubicacion": "ACCESO A HARAS SAN JAVIER",
        "tipo secc.": "XS",
        "tension": "13.2",
        "LOCALIDAD": "HERRADURA"
      }
    },
    {
      "type": "Feature",
      "geometry": {
        "type": "Point",
        "coordinates": [
          -58.2878514337192,
          -26.5258052911238
        ]
      },
      "properties": {
        "numero": "EM2-HER-S/N",
        "ubicacion": "CAMINO A PREFECTURA",
        "tipo secc.": "XS",
        "tension": "13.2"
      }
    },
    {
      "type": "Feature",
      "geometry": {
        "type": "Point",
        "coordinates": [
          -58.3102882223176,
          -26.4878174130919
        ]
      },
      "properties": {
        "numero": "EM2-HER-003",
        "ubicacion": "SALIDA C.D.",
        "tipo secc.": "XS",
        "tension": "13.2",
        "LOCALIDAD": "HERRADURA"
      }
    },
    {
      "type": "Feature",
      "geometry": {
        "type": "Point",
        "coordinates": [
          -58.1834943341045,
          -26.178569945334
        ]
      },
      "properties": {
        "numero": "EM2-FMA-643",
        "ubicacion": "GONZALEZ LELONG Y CARLOS AYALA",
        "tipo secc.": "A CUERNOS",
        "tension": "13.2",
        "LOCALIDAD": "FORMOSA"
      }
    },
    {
      "type": "Feature",
      "geometry": {
        "type": "Point",
        "coordinates": [
          -58.1484506467724,
          -26.1289401463087
        ]
      },
      "properties": {
        "numero": "EM2-FMA-332",
        "ubicacion": "BARRIO ANTENOR GAUNA - AV. DE LOS CONSTITUYENTES",
        "tipo secc.": "XS",
        "tension": "13.2"
      }
    },
    {
      "type": "Feature",
      "geometry": {
        "type": "Point",
        "coordinates": [
          -58.1981033027066,
          -26.1441414627119
        ]
      },
      "properties": {
        "numero": "EM2-FMA-361",
        "ubicacion": "MZ 3 - BARRIO SAN ISIDRO",
        "tipo secc.": "XS",
        "tension": "13.2",
        "LOCALIDAD": "FORMOSA"
      }
    },
    {
      "type": "Feature",
      "geometry": {
        "type": "Point",
        "coordinates": [
          -58.1926923379287,
          -26.1423942279748
        ]
      },
      "properties": {
        "numero": "EM2-FMA-243",
        "ubicacion": "RUTA NACIONAL N° 11 (ACCESO A BARRIO SAN ISIDRO)",
        "tipo secc.": "A CUERNOS",
        "tension": "13.2",
        "LOCALIDAD": "FORMOSA"
      }
    },
    {
      "type": "Feature",
      "geometry": {
        "type": "Point",
        "coordinates": [
          -58.1612485900864,
          -26.1300805144323
        ]
      },
      "properties": {
        "numero": "EM2-FMA-654",
        "ubicacion": "MZ 4 - ANTENOR GAUNA",
        "tipo secc.": "XS",
        "tension": "13.2",
        "LOCALIDAD": "FORMOSA"
      }
    },
    {
      "type": "Feature",
      "geometry": {
        "type": "Point",
        "coordinates": [
          -58.1546943901903,
          -26.1266564894402
        ]
      },
      "properties": {
        "numero": "EM2-FMA-504",
        "ubicacion": "BARRIO ANTENOR GAUNA - MZ 20",
        "tipo secc.": "\"XS\" CON CAMARA APAGA CHISPAS",
        "tension": "13.2",
        "LOCALIDAD": "FORMOSA"
      }
    },
    {
      "type": "Feature",
      "geometry": {
        "type": "Point",
        "coordinates": [
          -58.1538615394375,
          -26.1263891719995
        ]
      },
      "properties": {
        "numero": "EM2-FMA-505",
        "ubicacion": "MZ 21 - BARRIO ANTENOR GAUNA",
        "tipo secc.": "\"XS\" CON CAMARA APAGA CHISPAS",
        "tension": "13.2",
        "LOCALIDAD": "FORMOSA"
      }
    },
    {
      "type": "Feature",
      "geometry": {
        "type": "Point",
        "coordinates": [
          -59.2986024056435,
          -25.0405996601018
        ]
      },
      "properties": {
        "numero": "EM2-PAV-003",
        "tipo secc.": "XS",
        "tension": "13.2"
      }
    },
    {
      "type": "Feature",
      "geometry": {
        "type": "Point",
        "coordinates": [
          -59.1890375197415,
          -25.153149546759
        ]
      },
      "properties": {
        "numero": "EM2-PAV-0",
        "tipo secc.": "XS",
        "tension": "7,62"
      }
    },
    {
      "type": "Feature",
      "geometry": {
        "type": "Point",
        "coordinates": [
          -59.1455251282899,
          -25.1888218809828
        ]
      },
      "properties": {
        "numero": "EM2-PAV-0",
        "tipo secc.": "XS",
        "tension": "13.2"
      }
    },
    {
      "type": "Feature",
      "geometry": {
        "type": "Point",
        "coordinates": [
          -58.9846872919972,
          -25.2425733074295
        ]
      },
      "properties": {
        "numero": "EM2-PAV-0",
        "ubicacion": "ACCESO A ESTANCIA",
        "tipo secc.": "XS",
        "tension": "13.2"
      }
    },
    {
      "type": "Feature",
      "geometry": {
        "type": "Point",
        "coordinates": [
          -58.2627260144677,
          -25.6730144457369
        ]
      },
      "properties": {
        "numero": "EM2-PAS-001",
        "ubicacion": "SOBRE AVENIDA PRINCIPAL",
        "tipo secc.": "XS",
        "tension": "13.2",
        "LOCALIDAD": "PASTORIL"
      }
    },
    {
      "type": "Feature",
      "geometry": {
        "type": "Point",
        "coordinates": [
          -58.2654529991,
          -25.682477603
        ]
      },
      "properties": {
        "numero": "EM2-PAS-XX",
        "ubicacion": "CAMINO A CAMPING PASTORIL",
        "tipo secc.": "XS",
        "tension": "7.62",
        "LOCALIDAD": "PASTORIL"
      }
    },
    {
      "type": "Feature",
      "geometry": {
        "type": "Point",
        "coordinates": [
          -58.2659703702762,
          -25.6862846845017
        ]
      },
      "properties": {
        "numero": "EM2-PAS-XX",
        "ubicacion": "CAMINO A CAMPING PASTORIL",
        "tipo secc.": "XS",
        "tension": "7.62",
        "LOCALIDAD": "PASTORIL"
      }
    },
    {
      "type": "Feature",
      "geometry": {
        "type": "Point",
        "coordinates": [
          -58.1752998413,
          -26.157614811
        ]
      },
      "properties": {
        "numero": "EM2-FMA-347",
        "ubicacion": "MARIGUETTI E/ CAROYA Y HIPOLITO IRIGOYEN - B° EL RESGUARDO",
        "tipo secc.": "A CUERNOS",
        "tension": "13.2",
        "LOCALIDAD": "FORMOSA"
      }
    },
    {
      "type": "Feature",
      "geometry": {
        "type": "Point",
        "coordinates": [
          -58.1815277972,
          -26.1596296601
        ]
      },
      "properties": {
        "numero": "EM2-FMA-211",
        "ubicacion": "SANTOS MARIGHETTI Y MOIRAGUI - B° EL RESGUARDO",
        "tipo secc.": "A CUERNOS",
        "tension": "13.2",
        "LOCALIDAD": "FORMOSA"
      }
    },
    {
      "type": "Feature",
      "geometry": {
        "type": "Point",
        "coordinates": [
          -58.1766619571228,
          -26.1666393383799
        ]
      },
      "properties": {
        "numero": "EM2-FMA-471",
        "ubicacion": "AV. GORLERI (SALIDA DISTRIBUIDOR N°6)",
        "tipo secc.": "A CUERNOS",
        "tension": "13.2",
        "LOCALIDAD": "FORMOSA"
      }
    },
    {
      "type": "Feature",
      "geometry": {
        "type": "Point",
        "coordinates": [
          -58.1794110037,
          -26.167147001
        ]
      },
      "properties": {
        "numero": "EM2-FMA-183",
        "ubicacion": "Av. Gorleri (Esquina Lado Barrio Emilio Tomas)",
        "tipo secc.": "A CUERNOS",
        "tension": "13.2",
        "LOCALIDAD": "FORMOSA"
      }
    },
    {
      "type": "Feature",
      "geometry": {
        "type": "Point",
        "coordinates": [
          -58.1889407355,
          -26.1615693659
        ]
      },
      "properties": {
        "numero": "EM2-FMA-154",
        "ubicacion": "Santos Marighetti Nº 1280 - Villa Lourdes",
        "tipo secc.": "A CUERNOS",
        "tension": "13.2",
        "LOCALIDAD": "FORMOSA"
      }
    },
    {
      "type": "Feature",
      "geometry": {
        "type": "Point",
        "coordinates": [
          -57.9871921278964,
          -26.0759505729051
        ]
      },
      "properties": {
        "numero": "EM2-MDF-006",
        "ubicacion": "CAMINO A BOCA RIACHO PILAGÁ",
        "tipo secc.": "XS",
        "tension": "7.62",
        "LOCALIDAD": "MOJON DE FIERRO"
      }
    },
    {
      "type": "Feature",
      "geometry": {
        "type": "Point",
        "coordinates": [
          -58.1908761259,
          -26.1711227349
        ]
      },
      "properties": {
        "numero": "EM2-FMA-0152",
        "ubicacion": "BARRIO EL TIMBO II - AV. CABRAL Y AV. ITALIA",
        "tipo secc.": "A CUERNOS",
        "tension": "13.2",
        "LOCALIDAD": "FORMOSA"
      }
    },
    {
      "type": "Feature",
      "geometry": {
        "type": "Point",
        "coordinates": [
          -58.193099054,
          -26.16559259
        ]
      },
      "properties": {
        "numero": "EM2-FMA-153",
        "ubicacion": "Sargento Cabral Nº 1400 - B° LA PAZ",
        "tipo secc.": "A CUERNOS",
        "tension": "13.2",
        "LOCALIDAD": "FORMOSA"
      }
    },
    {
      "type": "Feature",
      "geometry": {
        "type": "Point",
        "coordinates": [
          -58.1495891047245,
          -26.1447642014397
        ]
      },
      "properties": {
        "numero": "EM2-FMA-225",
        "ubicacion": "B° EVA PERON- MZ 33",
        "tipo secc.": "BAJO CARGA",
        "tension": "13.2",
        "LOCALIDAD": "FORMOSA"
      }
    },
    {
      "type": "Feature",
      "geometry": {
        "type": "Point",
        "coordinates": [
          -58.1933486721991,
          -26.1707077504371
        ]
      },
      "properties": {
        "numero": "EM2-FMA-294",
        "ubicacion": "B° EL TIMBO II - JOAQUIN DE LOS SANTOS Y AMADEY",
        "tipo secc.": "XS",
        "tension": "13.2",
        "LOCALIDAD": "FORMOSA"
      }
    },
    {
      "type": "Feature",
      "geometry": {
        "type": "Point",
        "coordinates": [
          -58.1822336530769,
          -26.1690054018551
        ]
      },
      "properties": {
        "numero": "EM2-FMA-149",
        "ubicacion": "Emilio Senes Nº 845 - Bº San Francisco",
        "tipo secc.": "A CUERNOS",
        "tension": "13.2",
        "LOCALIDAD": "FORMOSA"
      }
    },
    {
      "type": "Feature",
      "geometry": {
        "type": "Point",
        "coordinates": [
          -58.1794816518355,
          -26.1758786589637
        ]
      },
      "properties": {
        "numero": "EM2-FMA-150",
        "ubicacion": "Emilio Senes Nº 135 - Bº San Francisco",
        "tipo secc.": "A CUERNOS",
        "tension": "13.2",
        "LOCALIDAD": "FORMOSA"
      }
    },
    {
      "type": "Feature",
      "geometry": {
        "type": "Point",
        "coordinates": [
          -58.178848367104,
          -26.1760181425312
        ]
      },
      "properties": {
        "numero": "EM2-FMA-181",
        "ubicacion": "Arenales Nº 975 (ACOMETIDA A FMA-391 Coca Cola)",
        "tipo secc.": "A CUCHILLA",
        "tension": "13.2",
        "LOCALIDAD": "FORMOSA"
      }
    },
    {
      "type": "Feature",
      "geometry": {
        "type": "Point",
        "coordinates": [
          -58.1787880887834,
          -26.1776108664593
        ]
      },
      "properties": {
        "numero": "EM2-FMA-292",
        "ubicacion": "SARMIENTO Y AV. KIRCHNER - B° INDEPENDIENTE",
        "tipo secc.": "A CUCHILLA",
        "tension": "13.2",
        "LOCALIDAD": "FORMOSA"
      }
    },
    {
      "type": "Feature",
      "geometry": {
        "type": "Point",
        "coordinates": [
          -58.1783947104654,
          -26.178593347964
        ]
      },
      "properties": {
        "numero": "EM2-FMA-156",
        "ubicacion": "Sarmiento Nº 115 - B° INDEPENDENCIA",
        "tipo secc.": "A CUERNOS",
        "tension": "13.2",
        "LOCALIDAD": "FORMOSA"
      }
    },
    {
      "type": "Feature",
      "geometry": {
        "type": "Point",
        "coordinates": [
          -58.180840048259,
          -26.1802832254554
        ]
      },
      "properties": {
        "numero": "EM2-FMA-180",
        "ubicacion": "Corrientes Nº 1262 - B° INDEPENDENCIA",
        "tipo secc.": "A CUERNOS",
        "tension": "13.2",
        "LOCALIDAD": "FORMOSA"
      }
    },
    {
      "type": "Feature",
      "geometry": {
        "type": "Point",
        "coordinates": [
          -58.1836487334577,
          -26.1690563991742
        ]
      },
      "properties": {
        "numero": "EM2-FMA-148",
        "ubicacion": "Madariaga y Av. Italia - B° San Francisco",
        "tipo secc.": "A CUERNOS",
        "tension": "13.2",
        "LOCALIDAD": "FORMOSA"
      }
    },
    {
      "type": "Feature",
      "geometry": {
        "type": "Point",
        "coordinates": [
          -58.1790273298792,
          -26.1673740286687
        ]
      },
      "properties": {
        "numero": "EM2-FMA-658",
        "ubicacion": "AV. GORLERI (ESQUINA EDIFICIO DE OBRAS PUBLICAS)",
        "tipo secc.": "A CUCHILLA",
        "tension": "13.2",
        "LOCALIDAD": "FORMOSA"
      }
    },
    {
      "type": "Feature",
      "geometry": {
        "type": "Point",
        "coordinates": [
          -58.1802277738552,
          -26.1678386259808
        ]
      },
      "properties": {
        "numero": "EM2-FMA-470",
        "ubicacion": "AV. INDEPENDENCIA Y GORLERI (HIPERMERCADO CACERES)",
        "tipo secc.": "XS",
        "tension": "13.2",
        "LOCALIDAD": "FORMOSA"
      }
    },
    {
      "type": "Feature",
      "geometry": {
        "type": "Point",
        "coordinates": [
          -58.2709845457256,
          -26.2697865336441
        ]
      },
      "properties": {
        "numero": "EM2-FMA-569",
        "ubicacion": "SOBRE RUTA NACIONAL N°11 (FRENTE A C.D. N°10)",
        "tipo secc.": "CUCHILLA",
        "tension": "13.2"
      }
    },
    {
      "type": "Feature",
      "geometry": {
        "type": "Point",
        "coordinates": [
          -58.270965180641,
          -26.2697623779379
        ]
      },
      "properties": {
        "numero": "EM2-FMA-570",
        "ubicacion": "SOBRE RUTA NACIONAL N°11 (FRENTE A C.D. N°10)",
        "tipo secc.": "CUCHILLA",
        "tension": "13.2"
      }
    },
    {
      "type": "Feature",
      "geometry": {
        "type": "Point",
        "coordinates": [
          -58.1604765225441,
          -26.1455307252375
        ]
      },
      "properties": {
        "numero": "EM2-FMA-468",
        "ubicacion": "MZ 200 - B° REPUBLICA ARGENTINA",
        "tipo secc.": "XS",
        "tension": "13.2",
        "LOCALIDAD": "FORMOSA"
      }
    },
    {
      "type": "Feature",
      "geometry": {
        "type": "Point",
        "coordinates": [
          -58.1575688822611,
          -26.145650653469
        ]
      },
      "properties": {
        "numero": "EM2-FMA-467",
        "ubicacion": "MZ 17 - B° EVA PERON",
        "tipo secc.": "A CUERNOS",
        "tension": "13.2",
        "LOCALIDAD": "FORMOSA"
      }
    },
    {
      "type": "Feature",
      "geometry": {
        "type": "Point",
        "coordinates": [
          -58.1522116721129,
          -26.1388895965045
        ]
      },
      "properties": {
        "numero": "EM2-FMA-325",
        "ubicacion": "SOBRE CANEPA MZ 57 - B° SIMON BOLIVAR",
        "tipo secc.": "A CUERNOS",
        "tension": "13.2",
        "LOCALIDAD": "FORMOSA"
      }
    },
    {
      "type": "Feature",
      "geometry": {
        "type": "Point",
        "coordinates": [
          -58.2356282195,
          -26.2736444387
        ]
      },
      "properties": {
        "numero": "EM2-FMA-571",
        "ubicacion": "ARRANQUE A CEMENTERIO VILLA DEL CARMEN",
        "tipo secc.": "XS",
        "tension": "7.62",
        "LOCALIDAD": "FORMOSA"
      }
    },
    {
      "type": "Feature",
      "geometry": {
        "type": "Point",
        "coordinates": [
          -58.2362875929335,
          -26.2737297244707
        ]
      },
      "properties": {
        "numero": "EM2-FMA-572",
        "ubicacion": "ARRANQUE A QUINTA ALLOI",
        "tipo secc.": "XS",
        "tension": "13.2",
        "LOCALIDAD": "FORMOSA"
      }
    },
    {
      "type": "Feature",
      "geometry": {
        "type": "Point",
        "coordinates": [
          -57.9947885348772,
          -26.065997998337
        ]
      },
      "properties": {
        "numero": "EM2-MDF-005",
        "ubicacion": "CAMINO A BOCA RIACHO PILAGÁ",
        "tipo secc.": "XS",
        "tension": "7.62"
      }
    },
    {
      "type": "Feature",
      "geometry": {
        "type": "Point",
        "coordinates": [
          -58.0407803972223,
          -26.0363898541889
        ]
      },
      "properties": {
        "numero": "EM2-MDF-007",
        "ubicacion": "CAMINO A BOCA RIACHO PILAGÁ",
        "tipo secc.": "XS",
        "tension": "7.62",
        "LOCALIDAD": "MOJON DE FIERRO"
      }
    },
    {
      "type": "Feature",
      "geometry": {
        "type": "Point",
        "coordinates": [
          -61.6647069203111,
          -23.5098076674838
        ]
      },
      "properties": {
        "numero": "EM2-PM-009",
        "ubicacion": "RUTA DE CIENAGUITO",
        "tipo secc.": "XS",
        "tension": "13.2"
      }
    },
    {
      "type": "Feature",
      "geometry": {
        "type": "Point",
        "coordinates": [
          -61.6636307956474,
          -23.5108129984674
        ]
      },
      "properties": {
        "numero": "EM2-PM-008",
        "ubicacion": "RUTA DE CIENAGUITO (COMUNIDAD EL MISTOLAR)",
        "tipo secc.": "XS",
        "tension": "13.2",
        "LOCALIDAD": "POZO DE MAZA"
      }
    },
    {
      "type": "Feature",
      "geometry": {
        "type": "Point",
        "coordinates": [
          -61.6197618332145,
          -23.5517159245256
        ]
      },
      "properties": {
        "numero": "EM2-PM-010",
        "ubicacion": "CAMINO DE CIENAGUITO (ACCESO A COMUNIDAD LA BOLSA)",
        "tipo secc.": "XS",
        "tension": "13.2"
      }
    },
    {
      "type": "Feature",
      "geometry": {
        "type": "Point",
        "coordinates": [
          -61.7397339363,
          -23.458744213
        ]
      },
      "properties": {
        "numero": "EM2-PM-011",
        "ubicacion": "EL QUIMIL (BARRIO JUAN DOMINGO PERON)",
        "tipo secc.": "XS",
        "tension": "13.2"
      }
    },
    {
      "type": "Feature",
      "geometry": {
        "type": "Point",
        "coordinates": [
          -58.1510595688834,
          -26.1488550455155
        ]
      },
      "properties": {
        "numero": "EM2-FMA-223",
        "ubicacion": "AV. MARADONA Y PAULA ALBARRACIN",
        "tipo secc.": "A CUERNOS",
        "tension": "13.2",
        "LOCALIDAD": "FORMOSA"
      }
    },
    {
      "type": "Feature",
      "geometry": {
        "type": "Point",
        "coordinates": [
          -58.2500360688053,
          -26.2416446512543
        ]
      },
      "properties": {
        "numero": "EM2-FMA-573",
        "ubicacion": "SOBRE RUTA NACIONAL N°11 (ACCESO A FRIGORIFICO VILLA DEL CARMEN)",
        "tipo secc.": "XS",
        "tension": "13.2",
        "LOCALIDAD": "FORMOSA"
      }
    },
    {
      "type": "Feature",
      "geometry": {
        "type": "Point",
        "coordinates": [
          -58.171805782,
          -26.1646868361
        ]
      },
      "properties": {
        "numero": "EM2-FMA-122",
        "ubicacion": "AV. MASAFERRO Y MARCIAL ROJAL - REGIMIENTO MONTE 29",
        "tipo secc.": "A CUERNOS",
        "tension": "13.2",
        "LOCALIDAD": "FORMOSA"
      }
    },
    {
      "type": "Feature",
      "geometry": {
        "type": "Point",
        "coordinates": [
          -58.1813621667189,
          -26.1746814106824
        ]
      },
      "properties": {
        "numero": "EM2-FMA-267",
        "ubicacion": "Madariaga y O´higgins - Bº San Francisco",
        "tipo secc.": "A CUERNOS",
        "tension": "13.2",
        "LOCALIDAD": "FORMOSA"
      }
    },
    {
      "type": "Feature",
      "geometry": {
        "type": "Point",
        "coordinates": [
          -58.1932212475,
          -26.1661508664
        ]
      },
      "properties": {
        "numero": "EM2-FMA-553",
        "ubicacion": "PUCHINI Y AV. JUAN B. CABRAL - Bº LA PAZ",
        "tipo secc.": "A CUERNOS",
        "tension": "13.2",
        "LOCALIDAD": "FORMOSA"
      }
    },
    {
      "type": "Feature",
      "geometry": {
        "type": "Point",
        "coordinates": [
          -59.941919877842,
          -25.3433724571185
        ]
      },
      "properties": {
        "numero": "EM2-IBA-013",
        "tipo secc.": "XS",
        "tension": "13.2",
        "LOCALIDAD": "IBARRETA"
      }
    },
    {
      "type": "Feature",
      "geometry": {
        "type": "Point",
        "coordinates": [
          -59.5005784820533,
          -24.7495412444634
        ]
      },
      "properties": {
        "numero": "EM2-GUE-013",
        "ubicacion": "RUTA NACIONAL N°86 Y RIACHO PORTEÑO",
        "tipo secc.": "XS TRIFASICO",
        "tension": "13.2",
        "LOCALIDAD": "GENERAL GUEMES"
      }
    },
    {
      "type": "Feature",
      "geometry": {
        "type": "Point",
        "coordinates": [
          -59.4980476871972,
          -24.7520002929632
        ]
      },
      "properties": {
        "numero": "EM2-GUE-003",
        "ubicacion": "ANTARTIDA ARGENTINA Y YAPEYU",
        "tipo secc.": "A CUCHILLA",
        "tension": "13.2",
        "LOCALIDAD": "GENERAL GUEMES"
      }
    },
    {
      "type": "Feature",
      "geometry": {
        "type": "Point",
        "coordinates": [
          -58.1747493657,
          -26.1573054773
        ]
      },
      "properties": {
        "numero": "EM2-FMA-212",
        "ubicacion": "MARCIAL ROJAS Y MARIGHETTI - B° EL RESGUARDO",
        "tipo secc.": "A CUERNOS",
        "tension": "13.2",
        "LOCALIDAD": "FORMOSA"
      }
    },
    {
      "type": "Feature",
      "geometry": {
        "type": "Point",
        "coordinates": [
          -58.1578390131999,
          -26.1604625514096
        ]
      },
      "properties": {
        "numero": "EM2-FMA-222",
        "ubicacion": "AV. MASAFERRO Y BARRERA - B° SAN AGUSTIN",
        "tipo secc.": "A CUERNOS",
        "tension": "13.2",
        "LOCALIDAD": "FORMOSA"
      }
    },
    {
      "type": "Feature",
      "geometry": {
        "type": "Point",
        "coordinates": [
          -58.1667555617,
          -26.1634324067
        ]
      },
      "properties": {
        "numero": "EM2-FMA-346",
        "ubicacion": "AV. MASAFERRO - B° SAN AGUSTIN",
        "tipo secc.": "A CUERNOS",
        "tension": "13.2",
        "LOCALIDAD": "FORMOSA"
      }
    },
    {
      "type": "Feature",
      "geometry": {
        "type": "Point",
        "coordinates": [
          -58.1763705915021,
          -26.1665444614471
        ]
      },
      "properties": {
        "numero": "EM2-FMA-471",
        "ubicacion": "AV. GORLERI FRENTE A C.D. N° 1",
        "tipo secc.": "A CUERNOS",
        "tension": "13.2",
        "LOCALIDAD": "FORMOSA"
      }
    },
    {
      "type": "Feature",
      "geometry": {
        "type": "Point",
        "coordinates": [
          -58.1767513213,
          -26.1665085298
        ]
      },
      "properties": {
        "numero": "EM2-FMA-551",
        "ubicacion": "AV. GORLERI FRENTE A C.D. N° 1",
        "tipo secc.": "A CUCHILLA",
        "tension": "13.2",
        "LOCALIDAD": "FORMOSA"
      }
    },
    {
      "type": "Feature",
      "geometry": {
        "type": "Point",
        "coordinates": [
          -58.2155658262713,
          -26.1689565206899
        ]
      },
      "properties": {
        "numero": "EM2-FMA-0489",
        "ubicacion": "AV. LOS PIONEROS",
        "tipo secc.": "A CUERNOS",
        "tension": "13.2",
        "LOCALIDAD": "FORMOSA"
      }
    },
    {
      "type": "Feature",
      "geometry": {
        "type": "Point",
        "coordinates": [
          -58.213024467384,
          -26.1687007283634
        ]
      },
      "properties": {
        "numero": "EM2-FMA-0485",
        "ubicacion": "AV. LOS PIONEROS Y ALICIA MOREAU DE JUSTO",
        "tipo secc.": "XS",
        "tension": "13.2",
        "LOCALIDAD": "FORMOSA"
      }
    },
    {
      "type": "Feature",
      "geometry": {
        "type": "Point",
        "coordinates": [
          -58.950239674442,
          -25.2418698829441
        ]
      },
      "properties": {
        "numero": "EM2-PAV-0",
        "ubicacion": "ACCESO A COLONIA SALVACION",
        "tipo secc.": "XS",
        "tension": "13.2"
      }
    },
    {
      "type": "Feature",
      "geometry": {
        "type": "Point",
        "coordinates": [
          -58.1670755967434,
          -26.1742236889299
        ]
      },
      "properties": {
        "numero": "EM2-FMA-584",
        "ubicacion": "SAN MARTIN Y JUNIN - POZO DE BOMBEO",
        "tipo secc.": "XS",
        "tension": "13.2",
        "LOCALIDAD": "FORMOSA"
      }
    },
    {
      "type": "Feature",
      "geometry": {
        "type": "Point",
        "coordinates": [
          -58.2023916576034,
          -26.1693367771622
        ]
      },
      "properties": {
        "numero": "EM2-FMA-0164",
        "ubicacion": "AV. LUCAS BARBERI Y PUCHINI",
        "tipo secc.": "A CUERNOS",
        "tension": "13.2",
        "LOCALIDAD": "FORMOSA"
      }
    },
    {
      "type": "Feature",
      "geometry": {
        "type": "Point",
        "coordinates": [
          -58.1578829690956,
          -26.1504470531393
        ]
      },
      "properties": {
        "numero": "EM1-FMA-337",
        "ubicacion": "FRENTE A C.D. N° 9",
        "tipo secc.": "A CUCHILLA",
        "tension": "33",
        "LOCALIDAD": "FORMOSA"
      }
    },
    {
      "type": "Feature",
      "geometry": {
        "type": "Point",
        "coordinates": [
          -58.2015232340527,
          -26.1715080963941
        ]
      },
      "properties": {
        "numero": "EM2-FMA-0165",
        "ubicacion": "AV. LUCAS BARBERI Y MASFERRER",
        "tipo secc.": "XS",
        "tension": "13.2",
        "LOCALIDAD": "FORMOSA"
      }
    },
    {
      "type": "Feature",
      "geometry": {
        "type": "Point",
        "coordinates": [
          -58.1984891286364,
          -26.1790934552921
        ]
      },
      "properties": {
        "numero": "EM2-FMA-0166",
        "ubicacion": "AV. LUCAS BARBERIS Y SCOZZINA",
        "tipo secc.": "A CUERNOS",
        "tension": "13.2",
        "LOCALIDAD": "FORMOSA"
      }
    },
    {
      "type": "Feature",
      "geometry": {
        "type": "Point",
        "coordinates": [
          -58.1720693526815,
          -26.172555954144
        ]
      },
      "properties": {
        "numero": "EM2-FMA-123",
        "ubicacion": "CORONEL BOGADO Y URUGUAY",
        "tipo secc.": "A CUERNOS",
        "tension": "13.2",
        "LOCALIDAD": "FORMOSA"
      }
    },
    {
      "type": "Feature",
      "geometry": {
        "type": "Point",
        "coordinates": [
          -58.2036140856215,
          -26.1766987214963
        ]
      },
      "properties": {
        "numero": "EM2-FMA-0190",
        "ubicacion": "AV. ITALIA Y PREFECTURA NAVAL ARGENTINA",
        "tipo secc.": "A CUERNOS",
        "tension": "13.2",
        "LOCALIDAD": "FORMOSA"
      }
    },
    {
      "type": "Feature",
      "geometry": {
        "type": "Point",
        "coordinates": [
          -58.2038810777041,
          -26.1760270098436
        ]
      },
      "properties": {
        "numero": "EM2-FMA-0189",
        "ubicacion": "AV. ITALIA Y PREFECTURA NAVAL ARGENTINA",
        "tipo secc.": "A CUERNOS",
        "tension": "13.2",
        "LOCALIDAD": "FORMOSA"
      }
    },
    {
      "type": "Feature",
      "geometry": {
        "type": "Point",
        "coordinates": [
          -58.21078009585,
          -26.1683998183479
        ]
      },
      "properties": {
        "numero": "EM2-FMA-0484",
        "ubicacion": "SALOMON Y AV. LOS PIONEROS",
        "tipo secc.": "XS",
        "tension": "13.2",
        "LOCALIDAD": "FORMOSA"
      }
    },
    {
      "type": "Feature",
      "geometry": {
        "type": "Point",
        "coordinates": [
          -58.1933421670253,
          -26.1939694678243
        ]
      },
      "properties": {
        "numero": "EM2-FMA-273",
        "ubicacion": "BRANDSEN Y AZCUENAGA",
        "tipo secc.": "A CUERNOS",
        "tension": "13.2",
        "LOCALIDAD": "FORMOSA"
      }
    },
    {
      "type": "Feature",
      "geometry": {
        "type": "Point",
        "coordinates": [
          -58.2110727415021,
          -26.1676685873989
        ]
      },
      "properties": {
        "numero": "EM2-FMA-0486",
        "ubicacion": "SALOMON Y AV. LOS PIONEROS",
        "tipo secc.": "A CUCHILLA",
        "tension": "13.2",
        "LOCALIDAD": "FORMOSA"
      }
    },
    {
      "type": "Feature",
      "geometry": {
        "type": "Point",
        "coordinates": [
          -58.1987846467811,
          -26.1790548557767
        ]
      },
      "properties": {
        "numero": "EM2-FMA-0491",
        "ubicacion": "HOSPITAL EVITA - SOBRE SCOZZINA",
        "tipo secc.": "A CUERNOS",
        "tension": "13.2",
        "LOCALIDAD": "FORMOSA"
      }
    },
    {
      "type": "Feature",
      "geometry": {
        "type": "Point",
        "coordinates": [
          -58.1688819464623,
          -26.1787887938476
        ]
      },
      "properties": {
        "numero": "EM2-FMA-0130",
        "ubicacion": "MAIPU Y MITRE",
        "tipo secc.": "A CUERNOS",
        "tension": "13.2",
        "LOCALIDAD": "FORMOSA"
      }
    },
    {
      "type": "Feature",
      "geometry": {
        "type": "Point",
        "coordinates": [
          -58.1947676023299,
          -26.1883879581701
        ]
      },
      "properties": {
        "numero": "EM2-FMA-167",
        "ubicacion": "ANTARTIDA ARGENTINA Y PRINGLES",
        "tipo secc.": "A CUERNOS",
        "tension": "13.2",
        "LOCALIDAD": "FORMOSA"
      }
    },
    {
      "type": "Feature",
      "geometry": {
        "type": "Point",
        "coordinates": [
          -58.193678469772,
          -26.1911366665738
        ]
      },
      "properties": {
        "numero": "EM2-FMA-173",
        "ubicacion": "ANTARTIDA ARGENTINA Y GUTNISKY",
        "tipo secc.": "BAJO CARGA",
        "tension": "13.2",
        "LOCALIDAD": "FORMOSA"
      }
    },
    {
      "type": "Feature",
      "geometry": {
        "type": "Point",
        "coordinates": [
          -58.165581184,
          -26.1845692099
        ]
      },
      "properties": {
        "numero": "EM2-FMA-496",
        "ubicacion": "RIVADAVIA Y J.M. URIBURU",
        "tipo secc.": "A CUCHILLA",
        "tension": "13.2",
        "LOCALIDAD": "FORMOSA"
      }
    },
    {
      "type": "Feature",
      "geometry": {
        "type": "Point",
        "coordinates": [
          -58.1700475069769,
          -26.1791699103318
        ]
      },
      "properties": {
        "numero": "EM2-FMA-0129",
        "ubicacion": "MAIPU Y DEAN FUNES",
        "tipo secc.": "BAJO CARGA",
        "tension": "13.2",
        "LOCALIDAD": "FORMOSA"
      }
    },
    {
      "type": "Feature",
      "geometry": {
        "type": "Point",
        "coordinates": [
          -58.164722771,
          -26.1879626859
        ]
      },
      "properties": {
        "numero": "EM2-FMA-0085",
        "ubicacion": "SALTA N° 245",
        "tipo secc.": "A CUERNOS",
        "tension": "13.2",
        "LOCALIDAD": "FORMOSA"
      }
    },
    {
      "type": "Feature",
      "geometry": {
        "type": "Point",
        "coordinates": [
          -58.1979628814966,
          -26.1832932452459
        ]
      },
      "properties": {
        "numero": "EM2-FMA-574",
        "ubicacion": "RIO NEGRO Y AV. KIRCHNER",
        "tipo secc.": "XS",
        "tension": "13.2",
        "LOCALIDAD": "FORMOSA"
      }
    },
    {
      "type": "Feature",
      "geometry": {
        "type": "Point",
        "coordinates": [
          -58.1930079576102,
          -26.1420179181254
        ]
      },
      "properties": {
        "numero": "EM2-FMA-244",
        "ubicacion": "SOBRE RUTA NACIONAL N° 11 (A 70m DE ACCESO AL BARRIO SAN ISIDRO)",
        "tipo secc.": "A CUCHILLA",
        "tension": "13.2",
        "LOCALIDAD": "FORMOSA"
      }
    },
    {
      "type": "Feature",
      "geometry": {
        "type": "Point",
        "coordinates": [
          -58.1645043679944,
          -26.1777993881314
        ]
      },
      "properties": {
        "numero": "EM2-FMA-472",
        "ubicacion": "COSTANERA RIBEREÑA",
        "tipo secc.": "XS TRIFASICO",
        "tension": "13.2",
        "LOCALIDAD": "FORMOSA"
      }
    },
    {
      "type": "Feature",
      "geometry": {
        "type": "Point",
        "coordinates": [
          -58.1681212353,
          -26.1781858746
        ]
      },
      "properties": {
        "numero": "EM2-FMA-131",
        "ubicacion": "Rivadavia Nº 379 - (esquina Maipu)",
        "tipo secc.": "A CUERNOS",
        "tension": "13.2",
        "LOCALIDAD": "FORMOSA"
      }
    },
    {
      "type": "Feature",
      "geometry": {
        "type": "Point",
        "coordinates": [
          -58.1636183701034,
          -26.1800734354994
        ]
      },
      "properties": {
        "numero": "EM2-FMA-089",
        "ubicacion": "FRENTE A TOMA DE AGUA",
        "tipo secc.": "A CUERNOS",
        "tension": "13.2",
        "LOCALIDAD": "FORMOSA"
      }
    },
    {
      "type": "Feature",
      "geometry": {
        "type": "Point",
        "coordinates": [
          -58.176011230989,
          -26.1738455948528
        ]
      },
      "properties": {
        "numero": "EM2-FMA-124",
        "ubicacion": "CORONEL BOGADO Y URUGUAY",
        "tipo secc.": "A CUERNOS",
        "tension": "13.2",
        "LOCALIDAD": "FORMOSA"
      }
    },
    {
      "type": "Feature",
      "geometry": {
        "type": "Point",
        "coordinates": [
          -58.1771194557913,
          -26.1731065965504
        ]
      },
      "properties": {
        "numero": "EM2-FMA-125",
        "ubicacion": "OHIGGINS ENTRE BRUNELLI Y ZAMBRINI",
        "tipo secc.": "XS",
        "tension": "13.2",
        "LOCALIDAD": "FORMOSA"
      }
    },
    {
      "type": "Feature",
      "geometry": {
        "type": "Point",
        "coordinates": [
          -58.216919866921,
          -26.1591230427158
        ]
      },
      "properties": {
        "numero": "EM2-FMA-0487",
        "ubicacion": "AV. ALICIA MOREAU DE JUSTO",
        "tipo secc.": "XS",
        "tension": "13.2",
        "LOCALIDAD": "FORMOSA"
      }
    },
    {
      "type": "Feature",
      "geometry": {
        "type": "Point",
        "coordinates": [
          -58.1996217286404,
          -26.1643130865738
        ]
      },
      "properties": {
        "numero": "EM2-FMA-620",
        "ubicacion": "AV. LOS PIONEROS Y CIRCUNVALACION",
        "tipo secc.": "A CUCHILLA",
        "tension": "13.2",
        "LOCALIDAD": "FORMOSA"
      }
    },
    {
      "type": "Feature",
      "geometry": {
        "type": "Point",
        "coordinates": [
          -58.2000755108854,
          -26.1688721772026
        ]
      },
      "properties": {
        "numero": "EM2-FMA-191",
        "ubicacion": "JUAN MANUEL DE ROSAS Y PUCHINI - Bº LA PAZ",
        "tipo secc.": "A CUERNOS",
        "tension": "13.2",
        "LOCALIDAD": "FORMOSA"
      }
    },
    {
      "type": "Feature",
      "geometry": {
        "type": "Point",
        "coordinates": [
          -59.3676576629769,
          -26.1898737666602
        ]
      },
      "properties": {
        "numero": "EM2-213-001",
        "ubicacion": "CHACO Y AV. 9 DE JULIO",
        "tipo secc.": "XS",
        "tension": "13.2"
      }
    },
    {
      "type": "Feature",
      "geometry": {
        "type": "Point",
        "coordinates": [
          -59.3699299321443,
          -26.1821092071465
        ]
      },
      "properties": {
        "numero": "EM2-213-003",
        "ubicacion": "IRIGOYEN Y MORENO",
        "tipo secc.": "XS",
        "tension": "13.2"
      }
    },
    {
      "type": "Feature",
      "geometry": {
        "type": "Point",
        "coordinates": [
          -59.362577152316,
          -26.1773678005496
        ]
      },
      "properties": {
        "numero": "EM2-213-004",
        "ubicacion": null,
        "tipo secc.": "XS",
        "tension": "13.2",
        "LOCALIDAD": "VILLA 213"
      }
    },
    {
      "type": "Feature",
      "geometry": {
        "type": "Point",
        "coordinates": [
          -58.2088540071238,
          -26.173188522687
        ]
      },
      "properties": {
        "numero": "EM2-",
        "ubicacion": "DETRAS DE ESTACION TRANSFORMADORA",
        "tension": "13.2/0.400-0.231",
        "LOCALIDAD": "FORMOSA"
      }
    },
    {
      "type": "Feature",
      "geometry": {
        "type": "Point",
        "coordinates": [
          -58.1978436082,
          -26.1836489867
        ]
      },
      "properties": {
        "numero": "EM2-FMA-277",
        "ubicacion": "AV. KIRCHNER S/N (ESTADIO CINCUENTENARIO)",
        "tipo secc.": "XS",
        "tension": "13.2",
        "LOCALIDAD": "FORMOSA"
      }
    },
    {
      "type": "Feature",
      "geometry": {
        "type": "Point",
        "coordinates": [
          -58.1887941683,
          -26.1913110759
        ]
      },
      "properties": {
        "numero": "EM2-FMA-271",
        "ubicacion": "J.M. URIBURU Y ECHEGARAY",
        "tipo secc.": "A CUCHILLA",
        "tension": "13.2",
        "LOCALIDAD": "FORMOSA"
      }
    },
    {
      "type": "Feature",
      "geometry": {
        "type": "Point",
        "coordinates": [
          -58.2395904339184,
          -26.1969176784213
        ]
      },
      "properties": {
        "numero": "EM2-FMA-410",
        "ubicacion": "AV. NESTOR KIRCHNER S/N - SAGRADO CORAZON",
        "tipo secc.": "XS",
        "tension": "13.2",
        "LOCALIDAD": "FORMOSA"
      }
    },
    {
      "type": "Feature",
      "geometry": {
        "type": "Point",
        "coordinates": [
          -58.1784029234038,
          -26.1574912741673
        ]
      },
      "properties": {
        "numero": "EM2-FMA-196",
        "ubicacion": "MARADONA Y URTUBEY",
        "tipo secc.": "A CUCHILLA",
        "tension": "13.2",
        "LOCALIDAD": "FORMOSA"
      }
    },
    {
      "type": "Feature",
      "geometry": {
        "type": "Point",
        "coordinates": [
          -58.1475504167155,
          -26.1440964691382
        ]
      },
      "properties": {
        "numero": "EM2-FMA-561",
        "ubicacion": "MZ 37 - B° EVA PERON - SOBRE AV. MARADONA",
        "tipo secc.": "XS",
        "tension": "13.2",
        "LOCALIDAD": "FORMOSA"
      }
    },
    {
      "type": "Feature",
      "geometry": {
        "type": "Point",
        "coordinates": [
          -58.1988008299943,
          -26.1957526923188
        ]
      },
      "properties": {
        "numero": "EM2-FMA-168",
        "ubicacion": "BRANDZEN Y PUEYRREDON",
        "tipo secc.": "A CUERNOS",
        "tension": "13.2",
        "LOCALIDAD": "FORMOSA"
      }
    },
    {
      "type": "Feature",
      "geometry": {
        "type": "Point",
        "coordinates": [
          -58.1949106409626,
          -26.195764807095
        ]
      },
      "properties": {
        "numero": "EM2-FMA-272",
        "ubicacion": "CASTELLI E IRIGOYEN",
        "tipo secc.": "A CUERNOS",
        "tension": "13.2",
        "LOCALIDAD": "FORMOSA"
      }
    },
    {
      "type": "Feature",
      "geometry": {
        "type": "Point",
        "coordinates": [
          -58.7432935691783,
          -25.2649430921095
        ]
      },
      "properties": {
        "numero": "EM2-PAV-0",
        "ubicacion": "CRUC DE RUTA PROVINCIAL N°20 Y N°3",
        "tipo secc.": "XS",
        "tension": "13.2",
        "LOCALIDAD": "LAGUNA GALLO"
      }
    },
    {
      "type": "Feature",
      "geometry": {
        "type": "Point",
        "coordinates": [
          -58.9314911113635,
          -25.5336350396314
        ]
      },
      "properties": {
        "numero": "EM2-LMO-0",
        "ubicacion": "RUTA PROVINCIAL N°3 - CERCA DE ACCESO A PILAGA TERCERO",
        "tipo secc.": "XS",
        "tension": "13.2",
        "LOCALIDAD": "PILAGA TERCERO"
      }
    },
    {
      "type": "Feature",
      "geometry": {
        "type": "Point",
        "coordinates": [
          -58.2360557348301,
          -26.1816449238138
        ]
      },
      "properties": {
        "numero": "EM2-FMA-649",
        "ubicacion": "MANZANA 45 - LOTE 111",
        "tipo secc.": "A CUCHILLA",
        "tension": "13.2",
        "LOCALIDAD": "FORMOSA"
      }
    },
    {
      "type": "Feature",
      "geometry": {
        "type": "Point",
        "coordinates": [
          -58.2135067976975,
          -26.2225005550873
        ]
      },
      "properties": {
        "numero": "EM2-FMA-516",
        "ubicacion": "CAMINO A CURUZU LA NOVIA",
        "tipo secc.": "XS",
        "tension": "7.62",
        "LOCALIDAD": "FORMOSA"
      }
    },
    {
      "type": "Feature",
      "geometry": {
        "type": "Point",
        "coordinates": [
          -58.2429531235924,
          -26.2005548929104
        ]
      },
      "properties": {
        "numero": "EM1-FMA-0340",
        "ubicacion": "CORRIENTES Y CALLE 11",
        "tipo secc.": "CUCHILLA",
        "tension": "33",
        "LOCALIDAD": "FORMOSA"
      }
    },
    {
      "type": "Feature",
      "geometry": {
        "type": "Point",
        "coordinates": [
          -58.2425876397,
          -26.2015102254
        ]
      },
      "properties": {
        "numero": "EM2-FMA-411",
        "ubicacion": "CALLE JJ. SILVA Y CALLE 11 - NUEVA FORMOSA",
        "tipo secc.": "A CUCHILLA",
        "tension": "13.2",
        "LOCALIDAD": "FORMOSA"
      }
    },
    {
      "type": "Feature",
      "geometry": {
        "type": "Point",
        "coordinates": [
          -58.2487964680082,
          -26.2397385924343
        ]
      },
      "properties": {
        "numero": "EM2-FMA-564",
        "ubicacion": "SOBRE RUTA NACIONAL N°11 (ACCESO A PATRONATO)",
        "tipo secc.": "XS",
        "tension": "13.2",
        "LOCALIDAD": "FORMOSA"
      }
    },
    {
      "type": "Feature",
      "geometry": {
        "type": "Point",
        "coordinates": [
          -58.1773817216,
          -26.1369414979
        ]
      },
      "properties": {
        "numero": "EM2-FMA-233",
        "ubicacion": "AV. DE LOS CONSTITUYENTES Y ARGUELLO DE CORDOBA - B° EL PORVENIR",
        "tipo secc.": "A CUERNOS",
        "tension": "13.2",
        "LOCALIDAD": "FORMOSA"
      }
    },
    {
      "type": "Feature",
      "geometry": {
        "type": "Point",
        "coordinates": [
          -58.1939431184491,
          -26.1370529245054
        ]
      },
      "properties": {
        "numero": "EM2-FMA-021",
        "ubicacion": "SALIDA DISTRIBUIDOR 21",
        "tipo secc.": "A CUERNOS",
        "tension": "13.2",
        "LOCALIDAD": "FORMOSA"
      }
    },
    {
      "type": "Feature",
      "geometry": {
        "type": "Point",
        "coordinates": [
          -58.172583970695,
          -26.1375920242543
        ]
      },
      "properties": {
        "numero": "EM2-FMA-289",
        "ubicacion": "MZ 43 - B° EL PORVENIR - TANQUE AGUAS DE FORMOSA",
        "tipo secc.": "XS",
        "tension": "13.2",
        "LOCALIDAD": "FORMOSA"
      }
    },
    {
      "type": "Feature",
      "geometry": {
        "type": "Point",
        "coordinates": [
          -58.1882793505564,
          -26.140238438664
        ]
      },
      "properties": {
        "numero": "EM2-FMA-241",
        "ubicacion": "AV. DE LOS CONSTITUYENTES Y BIBOLINI",
        "tipo secc.": "A CUERNOS",
        "tension": "13.2",
        "LOCALIDAD": "FORMOSA"
      }
    },
    {
      "type": "Feature",
      "geometry": {
        "type": "Point",
        "coordinates": [
          -58.1895649167081,
          -26.1425211630648
        ]
      },
      "properties": {
        "numero": "EM2-FMA-247",
        "ubicacion": "FRENTE AL CLUB DE OBRAS PUBLICA",
        "tipo secc.": "BAJO CARGA",
        "tension": "13.2",
        "LOCALIDAD": "FORMOSA"
      }
    },
    {
      "type": "Feature",
      "geometry": {
        "type": "Point",
        "coordinates": [
          -58.1812608513833,
          -26.138711857014
        ]
      },
      "properties": {
        "numero": "EM2-FMA-288",
        "ubicacion": "AV. DE LOS CONSTITUYENTES - MZ 13 - B° EL PORVENIR",
        "tipo secc.": "XS",
        "tension": "13.2",
        "LOCALIDAD": "FORMOSA"
      }
    },
    {
      "type": "Feature",
      "geometry": {
        "type": "Point",
        "coordinates": [
          -58.149988188638,
          -26.12966432766
        ]
      },
      "properties": {
        "numero": "EM2-FMA-331",
        "ubicacion": "MZ 17 - B° 20 DE JUNIO - TANQUE DE AGUAS DE FORMOSA",
        "tipo secc.": "XS",
        "tension": "13.2",
        "LOCALIDAD": "FORMOSA"
      }
    },
    {
      "type": "Feature",
      "geometry": {
        "type": "Point",
        "coordinates": [
          -58.18654725663,
          -26.1559044768556
        ]
      },
      "properties": {
        "numero": "EM2-FMA-187",
        "ubicacion": "AV. JUAN D. PERON Y B. ROLDAN",
        "tipo secc.": "A CUERNOS",
        "tension": "13.2",
        "LOCALIDAD": "FORMOSA"
      }
    },
    {
      "type": "Feature",
      "geometry": {
        "type": "Point",
        "coordinates": [
          -58.1849864380175,
          -26.1563610044562
        ]
      },
      "properties": {
        "numero": "EM2-FMA-186",
        "ubicacion": "AV. JUAN D. PERON Y AMEGHINO",
        "tipo secc.": "XS",
        "tension": "13.2",
        "LOCALIDAD": "FORMOSA"
      }
    },
    {
      "type": "Feature",
      "geometry": {
        "type": "Point",
        "coordinates": [
          -58.1838591475222,
          -26.1592117323485
        ]
      },
      "properties": {
        "numero": "EM2-FMA-185",
        "ubicacion": "AV. JUAN D. PERON Y MARADONA",
        "tipo secc.": "A CUERNOS",
        "tension": "13.2",
        "LOCALIDAD": "FORMOSA"
      }
    },
    {
      "type": "Feature",
      "geometry": {
        "type": "Point",
        "coordinates": [
          -58.2302670676938,
          -26.1843654700832
        ]
      },
      "properties": {
        "numero": "EM2-FMA-0478",
        "ubicacion": "AV. ITALIA Y AV. 12 DE OCTUBRE",
        "tipo secc.": "A CUCHILLA",
        "tension": "13.2",
        "LOCALIDAD": "FORMOSA"
      }
    },
    {
      "type": "Feature",
      "geometry": {
        "type": "Point",
        "coordinates": [
          -58.2025060582,
          -26.196957111
        ]
      },
      "properties": {
        "numero": "EM2-FMA-274",
        "ubicacion": "BRANDZEN Y PUEYRREDON",
        "tipo secc.": "A CUCHILLA",
        "tension": "13.2",
        "LOCALIDAD": "FORMOSA"
      }
    },
    {
      "type": "Feature",
      "geometry": {
        "type": "Point",
        "coordinates": [
          -58.1939926802621,
          -26.1369078698989
        ]
      },
      "properties": {
        "numero": "EM2-FMA-024",
        "ubicacion": "SALIDA DISTRIBUIDOR 24",
        "tipo secc.": "A CUERNOS",
        "tension": "13.2",
        "LOCALIDAD": "FORMOSA"
      }
    },
    {
      "type": "Feature",
      "geometry": {
        "type": "Point",
        "coordinates": [
          -58.1939418935483,
          -26.1370437954347
        ]
      },
      "properties": {
        "numero": "EM2-FMA-020",
        "ubicacion": "SALIDA DISTRIBUIDOR 20",
        "tipo secc.": "A CUERNOS",
        "tension": "13.2",
        "LOCALIDAD": "FORMOSA"
      }
    },
    {
      "type": "Feature",
      "geometry": {
        "type": "Point",
        "coordinates": [
          -58.1906148884556,
          -26.1404906098042
        ]
      },
      "properties": {
        "numero": "EM2-FMA-242",
        "ubicacion": "AV. DE LOS CONSTITUYENTES Y BIBOLINI",
        "tipo secc.": "A CUERNOS",
        "tension": "13.2",
        "LOCALIDAD": "FORMOSA"
      }
    },
    {
      "type": "Feature",
      "geometry": {
        "type": "Point",
        "coordinates": [
          -58.1499529767186,
          -26.1296552953117
        ]
      },
      "properties": {
        "numero": "EM2-FMA-330",
        "ubicacion": "MZ 17 - B° 20 DE JUNIO - TANQUE DE AGUAS DE FORMOSA",
        "tipo secc.": "XS",
        "tension": "13.2",
        "LOCALIDAD": "FORMOSA"
      }
    },
    {
      "type": "Feature",
      "geometry": {
        "type": "Point",
        "coordinates": [
          -58.1776362523324,
          -26.1364348263122
        ]
      },
      "properties": {
        "numero": "EM2-FMA-232",
        "ubicacion": "AV. DE LOS CONSTITUYENTES - MZ 36 - C 2 - B° JUAN DOMINGO PERON",
        "tipo secc.": "A CUCHILLA",
        "tension": "13.2",
        "LOCALIDAD": "FORMOSA"
      }
    },
    {
      "type": "Feature",
      "geometry": {
        "type": "Point",
        "coordinates": [
          -58.1726311295155,
          -26.1374650152024
        ]
      },
      "properties": {
        "numero": "EM2-FMA-288",
        "ubicacion": "MZ 43 - B° EL PORVENIR - TANQUE DE AGUAS DE FORMOSA",
        "tipo secc.": "XS",
        "tension": "13.2",
        "LOCALIDAD": "FORMOSA"
      }
    },
    {
      "type": "Feature",
      "geometry": {
        "type": "Point",
        "coordinates": [
          -58.1557159109554,
          -26.1492565931681
        ]
      },
      "properties": {
        "numero": "EM2-FMA-214",
        "ubicacion": "MZ 21 - B° EVA PERON",
        "tipo secc.": "BAJO CARGA",
        "tension": "13.2",
        "LOCALIDAD": "FORMOSA"
      }
    },
    {
      "type": "Feature",
      "geometry": {
        "type": "Point",
        "coordinates": [
          -58.2127373920025,
          -26.2246727803457
        ]
      },
      "properties": {
        "numero": "EM2-FMA-581",
        "ubicacion": "CAMINO A CURUZU LA NOVIA",
        "tipo secc.": "XS",
        "tension": "13.2",
        "LOCALIDAD": "FORMOSA"
      }
    },
    {
      "type": "Feature",
      "geometry": {
        "type": "Point",
        "coordinates": [
          -58.1547168043293,
          -26.149760765642
        ]
      },
      "properties": {
        "numero": "EM2-FMA-215",
        "ubicacion": "MZ 23 - B° STELLA MARIS - SOBRE AV. MARADONA",
        "tipo secc.": "XS",
        "tension": "13.2",
        "LOCALIDAD": "FORMOSA"
      }
    },
    {
      "type": "Feature",
      "geometry": {
        "type": "Point",
        "coordinates": [
          -58.1550155612671,
          -26.1490910472869
        ]
      },
      "properties": {
        "numero": "EM2-FMA-216",
        "ubicacion": "MZ 22 - B° EVA PERON - ACOMETIDA A TANQUE DE AGUA",
        "tipo secc.": "XS",
        "tension": "13.2",
        "LOCALIDAD": "FORMOSA"
      }
    },
    {
      "type": "Feature",
      "geometry": {
        "type": "Point",
        "coordinates": [
          -58.1550423893961,
          -26.1490323466948
        ]
      },
      "properties": {
        "numero": "EM2-FMA-217",
        "ubicacion": "MZ 22 - B° EVA PERON - ACOMETIDA A TANQUE DE AGUA",
        "tipo secc.": "XS",
        "tension": "13.2",
        "LOCALIDAD": "FORMOSA"
      }
    },
    {
      "type": "Feature",
      "geometry": {
        "type": "Point",
        "coordinates": [
          -58.2072825860277,
          -26.1296750209931
        ]
      },
      "properties": {
        "numero": "EM2-FMA-344",
        "ubicacion": "FRENTE A PREDIO DE AM 990",
        "tipo secc.": "XS",
        "tension": "13.2",
        "LOCALIDAD": "FORMOSA"
      }
    },
    {
      "type": "Feature",
      "geometry": {
        "type": "Point",
        "coordinates": [
          -58.1786169869138,
          -26.1278025352312
        ]
      },
      "properties": {
        "numero": "EM2-FMA-622",
        "ubicacion": "LOTEO LAS MERCEDES",
        "tipo secc.": "XS",
        "tension": "13.2",
        "LOCALIDAD": "FORMOSA"
      }
    },
    {
      "type": "Feature",
      "geometry": {
        "type": "Point",
        "coordinates": [
          -58.1812786125,
          -26.1936975682
        ]
      },
      "properties": {
        "numero": "EM2-FMA-92",
        "ubicacion": "AV. P. GOMEZ 1312",
        "tipo secc.": "A CUERNOS",
        "tension": "13.2",
        "LOCALIDAD": "FORMOSA"
      }
    },
    {
      "type": "Feature",
      "geometry": {
        "type": "Point",
        "coordinates": [
          -58.1706898892209,
          -26.1721046007507
        ]
      },
      "properties": {
        "numero": "EM2-FMA-367",
        "ubicacion": "CORONEL BOGADO Y TENIENTE BROWN",
        "tipo secc.": "A CUERNOS",
        "tension": "13.2",
        "LOCALIDAD": "FORMOSA"
      }
    },
    {
      "type": "Feature",
      "geometry": {
        "type": "Point",
        "coordinates": [
          -58.1759260216808,
          -26.1679572745573
        ]
      },
      "properties": {
        "numero": "EM2-FMA-473",
        "ubicacion": "C.D. 1 ATRAS DEL GALPON DE TALLER",
        "tipo secc.": "A CUERNOS",
        "tension": "13.2",
        "LOCALIDAD": "FORMOSA"
      }
    },
    {
      "type": "Feature",
      "geometry": {
        "type": "Point",
        "coordinates": [
          -58.2121210488752,
          -26.1192306010604
        ]
      },
      "properties": {
        "numero": "EM2-FMA-445",
        "ubicacion": "DERIVACION A CANCHA DE SOL DE AMERICA",
        "tipo secc.": "XS",
        "tension": "13.2",
        "LOCALIDAD": "FORMOSA"
      }
    },
    {
      "type": "Feature",
      "geometry": {
        "type": "Point",
        "coordinates": [
          -58.2150213257628,
          -26.1105696526033
        ]
      },
      "properties": {
        "numero": "EM2-FMA-446",
        "ubicacion": "DERIVACION A HIPICO  - B° NORTE - MZ 8",
        "tipo secc.": "A CUCHILLA",
        "tension": "13.2",
        "LOCALIDAD": "FORMOSA"
      }
    },
    {
      "type": "Feature",
      "geometry": {
        "type": "Point",
        "coordinates": [
          -58.2230703322544,
          -26.0973130065665
        ]
      },
      "properties": {
        "numero": "EM2-FMA-447",
        "ubicacion": "HIPICO  - B° NORTE - SOBRE RUTA 11",
        "tipo secc.": "XS",
        "tension": "13.2",
        "LOCALIDAD": "FORMOSA"
      }
    },
    {
      "type": "Feature",
      "geometry": {
        "type": "Point",
        "coordinates": [
          -58.2414858998,
          -26.2036797444
        ]
      },
      "properties": {
        "numero": "EM2-FMA-412",
        "ubicacion": "CALLE PRINGLES Y CALLE 11 - NUEVA FORMOSA",
        "tipo secc.": "A CUCHILLA",
        "tension": "13.2",
        "LOCALIDAD": "FORMOSA"
      }
    },
    {
      "type": "Feature",
      "geometry": {
        "type": "Point",
        "coordinates": [
          -58.1670827783558,
          -26.134072516736
        ]
      },
      "properties": {
        "numero": "EM2-FMA-234",
        "ubicacion": "AV. DE LOS CONSTITUYENTES - B° REPUBLICA ARGENTINA MZ 58",
        "tipo secc.": "BAJO CARGA",
        "tension": "13.2",
        "LOCALIDAD": "FORMOSA"
      }
    },
    {
      "type": "Feature",
      "geometry": {
        "type": "Point",
        "coordinates": [
          -58.1665700344298,
          -26.1377758236269
        ]
      },
      "properties": {
        "numero": "EM2-FMA-236",
        "ubicacion": "B° REPUBLICA ARGENTINA MZ 47",
        "tipo secc.": "XS",
        "tension": "13.2",
        "LOCALIDAD": "FORMOSA"
      }
    },
    {
      "type": "Feature",
      "geometry": {
        "type": "Point",
        "coordinates": [
          -58.1639065042429,
          -26.1369020012351
        ]
      },
      "properties": {
        "numero": "EM2-FMA-334",
        "ubicacion": "B° REPUBLICA ARGENTINA MZ 48",
        "tipo secc.": "A CUCHILLA",
        "tension": "13.2",
        "LOCALIDAD": "FORMOSA"
      }
    },
    {
      "type": "Feature",
      "geometry": {
        "type": "Point",
        "coordinates": [
          -58.1591901689496,
          -26.1407616905654
        ]
      },
      "properties": {
        "numero": "EM2-FMA-610",
        "ubicacion": "B° EVA PERON MZ 4",
        "tipo secc.": "A CUERNOS",
        "tension": "13.2",
        "LOCALIDAD": "FORMOSA"
      }
    },
    {
      "type": "Feature",
      "geometry": {
        "type": "Point",
        "coordinates": [
          -58.5515547955895,
          -24.9832857549143
        ]
      },
      "properties": {
        "numero": "EM2-ESP-001",
        "ubicacion": "C.D. EL ESPINILLO",
        "tipo secc.": "A CUCHILLA",
        "tension": "13.2",
        "LOCALIDAD": "EL ESPINILLO"
      }
    },
    {
      "type": "Feature",
      "geometry": {
        "type": "Point",
        "coordinates": [
          -58.1606975842458,
          -26.137754830587
        ]
      },
      "properties": {
        "numero": "EM2-FMA-236",
        "ubicacion": "B° EVA PERON MZ 4",
        "tipo secc.": "A CUERNOS",
        "tension": "13.2",
        "LOCALIDAD": "FORMOSA"
      }
    },
    {
      "type": "Feature",
      "geometry": {
        "type": "Point",
        "coordinates": [
          -58.1560816679434,
          -26.1401387652287
        ]
      },
      "properties": {
        "numero": "EM2-FMA-324",
        "ubicacion": "AV. CANEPA MZ 51 - B° SIMON BOLIVAR",
        "tipo secc.": "A CUERNOS",
        "tension": "13.2",
        "LOCALIDAD": "FORMOSA"
      }
    },
    {
      "type": "Feature",
      "geometry": {
        "type": "Point",
        "coordinates": [
          -58.2000863667953,
          -26.1247129719511
        ]
      },
      "properties": {
        "numero": "EM2-FMA-625",
        "ubicacion": "DERIVACION A LOTEO BIODAR",
        "tipo secc.": "XS",
        "tension": "13.2",
        "LOCALIDAD": "FORMOSA"
      }
    },
    {
      "type": "Feature",
      "geometry": {
        "type": "Point",
        "coordinates": [
          -58.1790426191459,
          -26.1226236732085
        ]
      },
      "properties": {
        "numero": "EM2-FMA-580",
        "ubicacion": "AL FONDO DEL BARRIO JUAN D. PERON - CAMPO DE FLEITAS",
        "tipo secc.": "XS",
        "tension": "7,62",
        "LOCALIDAD": "FORMOSA"
      }
    },
    {
      "type": "Feature",
      "geometry": {
        "type": "Point",
        "coordinates": [
          -58.1691271132283,
          -26.1347507613187
        ]
      },
      "properties": {
        "numero": "EM2-FMA-438",
        "ubicacion": "AV. DE LOS CONSTITUYENTES - B° REPUBLICA ARGENTINA MZ 56",
        "tipo secc.": "A CUERNOS",
        "tension": "13.2",
        "LOCALIDAD": "FORMOSA"
      }
    },
    {
      "type": "Feature",
      "geometry": {
        "type": "Point",
        "coordinates": [
          -58.1705207029207,
          -26.1646285371768
        ]
      },
      "properties": {
        "numero": "EM2-FMA-221",
        "ubicacion": "AV. MASAFERRO Y MARCIAL ROJAL - B° MILITAR",
        "tipo secc.": "A CUERNOS",
        "tension": "13.2",
        "LOCALIDAD": "FORMOSA"
      }
    },
    {
      "type": "Feature",
      "geometry": {
        "type": "Point",
        "coordinates": [
          -58.1700799568979,
          -26.1691446247761
        ]
      },
      "properties": {
        "numero": "EM2-FMA-121",
        "ubicacion": "MARCIAL ROJAL Y VIA FERREA - BARRIO LAS DELICIAS",
        "tipo secc.": "A CUERNOS",
        "tension": "13.2",
        "LOCALIDAD": "FORMOSA"
      }
    },
    {
      "type": "Feature",
      "geometry": {
        "type": "Point",
        "coordinates": [
          -58.1700197832293,
          -26.1734878266588
        ]
      },
      "properties": {
        "numero": "EM2-FMA-120",
        "ubicacion": "TENIENTE BROWN ENTRE ARENALES Y GONZALEZ LELONG",
        "tipo secc.": "A CUERNOS",
        "tension": "13.2",
        "LOCALIDAD": "FORMOSA"
      }
    },
    {
      "type": "Feature",
      "geometry": {
        "type": "Point",
        "coordinates": [
          -58.1640472630672,
          -26.1790162008385
        ]
      },
      "properties": {
        "numero": "EM2-FMA-577",
        "ubicacion": "PASEO COSTANERO (FRENTE A CLUB NAUTICO)",
        "tipo secc.": "A CUERNOS",
        "tension": "13.2",
        "LOCALIDAD": "FORMOSA"
      }
    },
    {
      "type": "Feature",
      "geometry": {
        "type": "Point",
        "coordinates": [
          -58.1668681467921,
          -26.1747377200735
        ]
      },
      "properties": {
        "numero": "EM2-FMA-556",
        "ubicacion": "SAN MARTIN Y JUNIN",
        "tipo secc.": "A CUERNOS",
        "tension": "13.2",
        "LOCALIDAD": "FORMOSA"
      }
    },
    {
      "type": "Feature",
      "geometry": {
        "type": "Point",
        "coordinates": [
          -58.1670833002113,
          -26.1742046008444
        ]
      },
      "properties": {
        "numero": "EM2-FMA-585",
        "ubicacion": "SAN MARTIN Y JUNIN - POZO DE BOMBEO",
        "tipo secc.": "XS",
        "tension": "13.2",
        "LOCALIDAD": "FORMOSA"
      }
    },
    {
      "type": "Feature",
      "geometry": {
        "type": "Point",
        "coordinates": [
          -58.1683453651086,
          -26.1762924247915
        ]
      },
      "properties": {
        "numero": "EM2-FMA-050",
        "ubicacion": "CORRIENTES E/ RIVADAVIA Y BELGRANO",
        "tipo secc.": "A CUERNOS",
        "tension": "13.2",
        "LOCALIDAD": "FORMOSA"
      }
    },
    {
      "type": "Feature",
      "geometry": {
        "type": "Point",
        "coordinates": [
          -58.1778533336002,
          -26.1794200642425
        ]
      },
      "properties": {
        "numero": "EM2-FMA-159",
        "ubicacion": "CORRIENTES Y SARMIENTO - B° INDEPENDENCIA",
        "tipo secc.": "A CUERNOS",
        "tension": "13.2",
        "LOCALIDAD": "FORMOSA"
      }
    },
    {
      "type": "Feature",
      "geometry": {
        "type": "Point",
        "coordinates": [
          -58.2429618025871,
          -26.2005344972728
        ]
      },
      "properties": {
        "numero": "EM1-FMA-0354",
        "ubicacion": "CORRIENTES Y CALLE 11",
        "tipo secc.": "CUCHILLA",
        "tension": "33",
        "LOCALIDAD": "FORMOSA"
      }
    },
    {
      "type": "Feature",
      "geometry": {
        "type": "Point",
        "coordinates": [
          -58.2297919703191,
          -26.1538993911008
        ]
      },
      "properties": {
        "numero": "EM1-FMA-333",
        "ubicacion": "CALLE INTERLOTE ESQUINA CEMENTERIO SAN ANTONIO",
        "tipo secc.": "BAJO CARGA",
        "tension": "33",
        "LOCALIDAD": "FORMOSA"
      }
    },
    {
      "type": "Feature",
      "geometry": {
        "type": "Point",
        "coordinates": [
          -58.2296181497374,
          -26.1544008191544
        ]
      },
      "properties": {
        "numero": "EM1-FMA-334",
        "ubicacion": "CALLE INTERLOTE ESQUINA CEMENTERIO SAN ANTONIO",
        "tipo secc.": "BAJO CARGA",
        "tension": "33",
        "LOCALIDAD": "FORMOSA"
      }
    },
    {
      "type": "Feature",
      "geometry": {
        "type": "Point",
        "coordinates": [
          -58.1561500078648,
          -26.149999648165
        ]
      },
      "properties": {
        "numero": "EM2-FMA-213",
        "ubicacion": "MZ 152 - B° REPUBLICA ARGENTINA",
        "tipo secc.": "BAJO CARGA",
        "tension": "13.2",
        "LOCALIDAD": "FORMOSA"
      }
    },
    {
      "type": "Feature",
      "geometry": {
        "type": "Point",
        "coordinates": [
          -58.1579179901745,
          -26.1503536527572
        ]
      },
      "properties": {
        "numero": "EM1-FMA-336",
        "ubicacion": "FRENTE A C.D. N° 9",
        "tipo secc.": "A CUCHILLA",
        "tension": "33",
        "LOCALIDAD": "FORMOSA"
      }
    },
    {
      "type": "Feature",
      "geometry": {
        "type": "Point",
        "coordinates": [
          -58.189679773312,
          -26.1830540839915
        ]
      },
      "properties": {
        "numero": "EM1-FMA-338",
        "ubicacion": "ESQUINA A C.D. N° 4 - DERIVACION A HOSPITAL NUCLEAR",
        "tipo secc.": "BAJO CARGA",
        "tension": "33",
        "LOCALIDAD": "FORMOSA"
      }
    },
    {
      "type": "Feature",
      "geometry": {
        "type": "Point",
        "coordinates": [
          -58.2090703076,
          -26.1792353819
        ]
      },
      "properties": {
        "numero": "EM2-FMA-0245",
        "ubicacion": "AV. CIRCUNVALACION Y MOREAU DE JUSTO",
        "tipo secc.": "A CUERNOS",
        "tension": "13.2",
        "LOCALIDAD": "FORMOSA"
      }
    },
    {
      "type": "Feature",
      "geometry": {
        "type": "Point",
        "coordinates": [
          -58.2058313120018,
          -26.1307730485284
        ]
      },
      "properties": {
        "numero": "EM2-FMA-537",
        "ubicacion": "DERIVACION A LOTEO JUAN PABLO II - SOBRE RUTA N°11",
        "tipo secc.": "XS",
        "tension": "13.2",
        "LOCALIDAD": "FORMOSA"
      }
    },
    {
      "type": "Feature",
      "geometry": {
        "type": "Point",
        "coordinates": [
          -58.2544656627392,
          -25.1222186031015
        ]
      },
      "properties": {
        "numero": "EM2-LBL-002",
        "ubicacion": "FRAY ALDO BOLLINI Y ESTEBAN FLORENTIN",
        "tipo secc.": "A CUERNOS",
        "tension": "13.2",
        "LOCALIDAD": "LAGUNA BLANCA"
      }
    },
    {
      "type": "Feature",
      "geometry": {
        "type": "Point",
        "coordinates": [
          -58.165977789964,
          -26.1413558766226
        ]
      },
      "properties": {
        "numero": "EM2-FMA-667",
        "ubicacion": "B° REPUBLICA ARGENTINA MZ 42",
        "tipo secc.": "XS TRIFASICO",
        "tension": "13.2",
        "LOCALIDAD": "FORMOSA"
      }
    },
    {
      "type": "Feature",
      "geometry": {
        "type": "Point",
        "coordinates": [
          -58.2783644346,
          -26.3071697942
        ]
      },
      "properties": {
        "numero": "EM2-FMA-425",
        "ubicacion": "PORTON DE ACCESO A CAMPO DE CABRERA",
        "tipo secc.": "XS",
        "tension": "13.2",
        "LOCALIDAD": "FORMOSA"
      }
    },
    {
      "type": "Feature",
      "geometry": {
        "type": "Point",
        "coordinates": [
          -58.1715246822551,
          -26.1654129138806
        ]
      },
      "properties": {
        "numero": "EM2-FMA-582",
        "ubicacion": "MARCIAL ROJAS Y GORLERI",
        "tipo secc.": "A CUCHILLA",
        "tension": "13.2",
        "LOCALIDAD": "FORMOSA"
      }
    },
    {
      "type": "Feature",
      "geometry": {
        "type": "Point",
        "coordinates": [
          -58.5513038864264,
          -24.983264157266
        ]
      },
      "properties": {
        "numero": "EM2-ESP-003",
        "ubicacion": "C.D. EL ESPINILLO",
        "tipo secc.": "A CUCHILLA",
        "tension": "13.2",
        "LOCALIDAD": "EL ESPINILLO"
      }
    },
    {
      "type": "Feature",
      "geometry": {
        "type": "Point",
        "coordinates": [
          -58.1698696392938,
          -26.1692440009084
        ]
      },
      "properties": {
        "numero": "EM2-FMA-583",
        "ubicacion": "MARCIAL ROJAS S/N (ACCESO A BARRIO LAS DELICIAS)",
        "tipo secc.": "XS",
        "tension": "13.2",
        "LOCALIDAD": "FORMOSA"
      }
    },
    {
      "type": "Feature",
      "geometry": {
        "type": "Point",
        "coordinates": [
          -58.551016,
          -24.983218
        ]
      },
      "properties": {
        "numero": "EM1-ESP-S/N",
        "ubicacion": "C.D. EL ESPINILLO",
        "tipo secc.": "A CUERNO",
        "tension": "33",
        "LOCALIDAD": "EL ESPINILLOL"
      }
    },
    {
      "type": "Feature",
      "geometry": {
        "type": "Point",
        "coordinates": [
          -61.7658152937456,
          -23.9422751437088
        ]
      },
      "properties": {
        "numero": "EM1-JUA-S/N",
        "ubicacion": "RUTA NACIONAL Nº 81 (FRENTE A PARQUE SOLAR)",
        "tipo secc.": "A CUERNOS",
        "tension": "33",
        "LOCALIDAD": "INGENIERO JUAREZ"
      }
    },
    {
      "type": "Feature",
      "geometry": {
        "type": "Point",
        "coordinates": [
          -58.209232679964,
          -26.1786769789177
        ]
      },
      "properties": {
        "numero": "EM1-FMA-0343",
        "ubicacion": "AV. CIRCUNVALACION Y PUEYRREDON",
        "tipo secc.": "BAJO CARGA",
        "tension": "33",
        "LOCALIDAD": "FORMOSA"
      }
    },
    {
      "type": "Feature",
      "geometry": {
        "type": "Point",
        "coordinates": [
          -61.7658152937456,
          -23.9422751437088
        ]
      },
      "properties": {
        "numero": "EM1-JUA-S/N",
        "ubicacion": "RUTA NACIONAL Nº 81 (FRENTE A PARQUE SOLAR)",
        "tipo secc.": "A CUERNOS",
        "tension": "33",
        "LOCALIDAD": "INGENIERO JUAREZ"
      }
    },
    {
      "type": "Feature",
      "geometry": {
        "type": "Point",
        "coordinates": [
          -58.2419079524218,
          -26.2002198615888
        ]
      },
      "properties": {
        "numero": "EM1-FMA-0341",
        "ubicacion": "CORRIENTES Y CALLE 10",
        "tipo secc.": "CUCHILLA",
        "tension": "33",
        "LOCALIDAD": "FORMOSA"
      }
    },
    {
      "type": "Feature",
      "geometry": {
        "type": "Point",
        "coordinates": [
          -58.2146705669486,
          -26.1862190502603
        ]
      },
      "properties": {
        "numero": "EM1-FMA-0344",
        "ubicacion": "AV. GENDARMERIA NACIONAL Y CORONEL BOGADO",
        "tipo secc.": "CUCHILLA",
        "tension": "33",
        "LOCALIDAD": "FORMOSA"
      }
    },
    {
      "type": "Feature",
      "geometry": {
        "type": "Point",
        "coordinates": [
          -58.1787823134943,
          -26.1776252905249
        ]
      },
      "properties": {
        "numero": "EM2-FMA-588",
        "ubicacion": "SARMIENTO ENTRE LELONG Y JUNIN",
        "tipo secc.": "CUCHILLA",
        "tension": "13.2",
        "LOCALIDAD": "FORMOSA"
      }
    },
    {
      "type": "Feature",
      "geometry": {
        "type": "Point",
        "coordinates": [
          -61.2734483228658,
          -23.6035094885522
        ]
      },
      "properties": {
        "numero": "EM2-GUA-S/N",
        "ubicacion": "ACCESO A PARAJE EL PALMAR (LOCALIDAD DE EL SOLITARIO)",
        "tipo secc.": "XS",
        "tension": "7.62",
        "LOCALIDAD": "EL SOLITARIO"
      }
    },
    {
      "type": "Feature",
      "geometry": {
        "type": "Point",
        "coordinates": [
          -60.6122985825768,
          -23.9865515983961
        ]
      },
      "properties": {
        "numero": "EM2-LIB-S/N",
        "ubicacion": "SOBRE RUTA NACIONAL N°86 (ACCESO A PARAJE LA ZANJA)",
        "tipo secc.": "XS",
        "tension": "7.62",
        "LOCALIDAD": "PARAJE LA ZANJA"
      }
    },
    {
      "type": "Feature",
      "geometry": {
        "type": "Point",
        "coordinates": [
          -60.0907807913949,
          -25.0501310120512
        ]
      },
      "properties": {
        "numero": "EM2-CAM-006",
        "ubicacion": "CALLE LAVALLE ENTRE AVDA 2 DE ABRIL Y SAMBIANCHINI",
        "tipo secc.": "XS",
        "tension": "13.2",
        "LOCALIDAD": "ESTANISLAO DEL CAMPO"
      }
    },
    {
      "type": "Feature",
      "geometry": {
        "type": "Point",
        "coordinates": [
          -60.0615447619446,
          -25.0684044445757
        ]
      },
      "properties": {
        "numero": "EM2-CAM-007",
        "ubicacion": "RUTA NACIONAL N° 81",
        "tipo secc.": "XS",
        "tension": "13.2",
        "LOCALIDAD": "ESTANISLAO DEL CAMPO"
      }
    },
    {
      "type": "Feature",
      "geometry": {
        "type": "Point",
        "coordinates": [
          -60.0899372829526,
          -25.0493680007779
        ]
      },
      "properties": {
        "numero": "EM2-CAM-003",
        "ubicacion": "CALLE ROQUE SAENZ PEÑA ENTRE AVDA 2 DE ABRIL Y SAMBIANCHINI",
        "tipo secc.": "A CUERNO",
        "tension": "13.2",
        "LOCALIDAD": "ESTANISLAO DEL CAMPO"
      }
    },
    {
      "type": "Feature",
      "geometry": {
        "type": "Point",
        "coordinates": [
          -60.0904106797094,
          -25.057910615614
        ]
      },
      "properties": {
        "numero": "EM2-CAM-004",
        "ubicacion": "CALLE NEWBERY Y VIAS FERREAS",
        "tipo secc.": "XS",
        "tension": "13.2",
        "LOCALIDAD": "ESTANISLAO DEL CAMPO"
      }
    },
    {
      "type": "Feature",
      "geometry": {
        "type": "Point",
        "coordinates": [
          -60.0418741461668,
          -25.0808258780816
        ]
      },
      "properties": {
        "numero": "EM2-CAM-001",
        "ubicacion": "SOBRE RUTA NACIONAL Nº 81",
        "tipo secc.": "XS",
        "tension": "13.2",
        "LOCALIDAD": "ESTANISLAO DEL CAMPO"
      }
    },
    {
      "type": "Feature",
      "geometry": {
        "type": "Point",
        "coordinates": [
          -60.026060054164,
          -25.0915984206164
        ]
      },
      "properties": {
        "numero": "EM2-CAM-002",
        "ubicacion": "SOBRE RUTA NACIONAL Nº 81",
        "tipo secc.": "XS",
        "tension": "13.2",
        "LOCALIDAD": "ESTANISLAO DEL CAMPO"
      }
    },
    {
      "type": "Feature",
      "geometry": {
        "type": "Point",
        "coordinates": [
          -60.0910031103879,
          -25.0590961617036
        ]
      },
      "properties": {
        "numero": "EM2-CAM-005",
        "ubicacion": "CALLE LA RIOJA ENTRE NEWBERY Y AVDA FORMOSA",
        "tipo secc.": "XS",
        "tension": "13.2",
        "LOCALIDAD": "ESTANISLAO DEL CAMPO"
      }
    },
    {
      "type": "Feature",
      "geometry": {
        "type": "Point",
        "coordinates": [
          -60.0883739986228,
          -25.0606165541612
        ]
      },
      "properties": {
        "numero": "EM2-CAM-010",
        "ubicacion": "CALLE LA RIOJA CAMINO A FERROVIARIO",
        "tipo secc.": "XS",
        "tension": "13.2",
        "LOCALIDAD": "ESTANISLAO DEL CAMPO"
      }
    },
    {
      "type": "Feature",
      "geometry": {
        "type": "Point",
        "coordinates": [
          -61.242683,
          -24.246797
        ]
      },
      "properties": {
        "numero": "EM2-YEM-007",
        "ubicacion": "SOBRE CALLE SAN LORENZO LADO NORTE",
        "tipo secc.": "XS",
        "tension": "13.2",
        "LOCALIDAD": "LAGUNA YEMA"
      }
    },
    {
      "type": "Feature",
      "geometry": {
        "type": "Point",
        "coordinates": [
          -61.2489233425557,
          -24.2558975267779
        ]
      },
      "properties": {
        "numero": "EM2-YEM-008",
        "ubicacion": "CALLE CABILDO Y LINIERS",
        "tipo secc.": "XS",
        "tension": "13.2",
        "LOCALIDAD": "LAGUNA YEMA"
      }
    },
    {
      "type": "Feature",
      "geometry": {
        "type": "Point",
        "coordinates": [
          -58.1256820803488,
          -25.1818432127826
        ]
      },
      "properties": {
        "numero": "EM2-LNN-S/N",
        "tipo secc.": "XS",
        "tension": "13.2"
      }
    },
    {
      "type": "Feature",
      "geometry": {
        "type": "Point",
        "coordinates": [
          -58.2385183243157,
          -26.1766683572694
        ]
      },
      "properties": {
        "numero": "EM2-FMA-000",
        "ubicacion": "MANZANA 65 - A7 - LOTE 110",
        "tipo secc.": "XS",
        "tension": "13.2",
        "LOCALIDAD": "FORMOSA"
      }
    },
    {
      "type": "Feature",
      "geometry": {
        "type": "Point",
        "coordinates": [
          -58.2105102467469,
          -26.1757564425438
        ]
      },
      "properties": {
        "numero": "EM1-FMA-0351",
        "ubicacion": "MOREAU DE JUSTO COSTADO DE ET FORMOSA",
        "tipo secc.": "A CUCHILLA",
        "tension": "33",
        "LOCALIDAD": "FORMOSA"
      }
    },
    {
      "type": "Feature",
      "geometry": {
        "type": "Point",
        "coordinates": [
          -57.7326497154665,
          -25.2774334585814
        ]
      },
      "properties": {
        "numero": "EM2-CLO-000",
        "ubicacion": "LARRABURE Y LA RIOJA",
        "tipo secc.": "XS TRIFASICO",
        "tension": "13.2",
        "LOCALIDAD": "CLORINDA"
      }
    },
    {
      "type": "Feature",
      "geometry": {
        "type": "Point",
        "coordinates": [
          -61.2513482317121,
          -24.2674232221576
        ]
      },
      "properties": {
        "numero": "EM1-YEM-011",
        "ubicacion": "RUTA PROVINCIAL N° 37 (FRENTE A CD CEDEVA)",
        "tipo secc.": "CUCHILLA",
        "tension": "33",
        "LOCALIDAD": "LAGUNA YEMA"
      }
    },
    {
      "type": "Feature",
      "geometry": {
        "type": "Point",
        "coordinates": [
          -61.2513482589805,
          -24.2674232623108
        ]
      },
      "properties": {
        "numero": "EM1-YEM-010",
        "ubicacion": "RUTA PROVINCIAL N° 37 (FRENTE A CD CEDEVA)",
        "tipo secc.": "A CUERNOS",
        "tension": "33",
        "LOCALIDAD": "LAGUNA YEMA"
      }
    },
    {
      "type": "Feature",
      "geometry": {
        "type": "Point",
        "coordinates": [
          -58.2425152683095,
          -26.1989794383965
        ]
      },
      "properties": {
        "numero": "EM1-FMA-0349",
        "ubicacion": "JUNIN Y CALLE 10",
        "tipo secc.": "CUCHILLA",
        "tension": "33",
        "LOCALIDAD": "FORMOSA"
      }
    },
    {
      "type": "Feature",
      "geometry": {
        "type": "Point",
        "coordinates": [
          -58.1869701934,
          -26.1698604633
        ]
      },
      "properties": {
        "numero": "EM2-FMA-193",
        "ubicacion": "AV. ITALIA Y C. AYALA",
        "tipo secc.": "A CUERNO",
        "tension": "13.2",
        "LOCALIDAD": "FORMOSA"
      }
    },
    {
      "type": "Feature",
      "geometry": {
        "type": "Point",
        "coordinates": [
          -58.1737682586745,
          -26.1801366506225
        ]
      },
      "properties": {
        "numero": "EM2-FMA-0126",
        "ubicacion": "EVA PERON Y MAIPU",
        "tipo secc.": "A CUERNOS",
        "tension": "13.2",
        "LOCALIDAD": "FORMOSA"
      }
    },
    {
      "type": "Feature",
      "geometry": {
        "type": "Point",
        "coordinates": [
          -61.7658541392335,
          -23.9423386885424
        ]
      },
      "properties": {
        "numero": "EM1-JUA-S/N",
        "ubicacion": "RUTA NACIONAL Nº 81 (FRENTE A PARQUE SOLAR)",
        "tipo secc.": "A CUERNOS",
        "tension": "33",
        "LOCALIDAD": "INGENIERO JUAREZ"
      }
    },
    {
      "type": "Feature",
      "geometry": {
        "type": "Point",
        "coordinates": [
          -58.1758403465091,
          -25.1797249501599
        ]
      },
      "properties": {
        "tipo secc.": "XS"
      }
    },
    {
      "type": "Feature",
      "geometry": {
        "type": "Point",
        "coordinates": [
          -58.1252806915196,
          -25.2206392492251
        ]
      },
      "properties": {
        "numero": "EM2-LNN-005",
        "ubicacion": "AVDA DEL LABRADOR",
        "tipo secc.": "XS",
        "tension": "13.2",
        "LOCALIDAD": "LAGUNA NAICK-NECK"
      }
    },
    {
      "type": "Feature",
      "geometry": {
        "type": "Point",
        "coordinates": [
          -58.1270240247145,
          -25.2214566171744
        ]
      },
      "properties": {
        "numero": "EM2-LNN-006",
        "ubicacion": "SIMON BOLIVAR",
        "tipo secc.": "XS",
        "tension": "13.2",
        "LOCALIDAD": "LAGUNA NAICK-NECK"
      }
    },
    {
      "type": "Feature",
      "geometry": {
        "type": "Point",
        "coordinates": [
          -58.1278815390047,
          -25.2216715011864
        ]
      },
      "properties": {
        "numero": "EM2-LNN-007",
        "ubicacion": "SIMON BOLIVAR",
        "tipo secc.": "XS",
        "tension": "13.2",
        "LOCALIDAD": "LAGUNA NAICK-NECK"
      }
    },
    {
      "type": "Feature",
      "geometry": {
        "type": "Point",
        "coordinates": [
          -57.9752627336062,
          -25.2474856671145
        ]
      },
      "properties": {
        "numero": "EM2-PSO-001",
        "tipo secc.": "XS",
        "tension": "13.2/0.400-0.231",
        "LOCALIDAD": "PALMA SOLA"
      }
    },
    {
      "type": "Feature",
      "geometry": {
        "type": "Point",
        "coordinates": [
          -58.3598106741,
          -26.3952712997
        ]
      },
      "properties": {
        "numero": "EM2-TAT-003",
        "ubicacion": "SOBRE RUTA PROVINCIAL N°1",
        "tipo secc.": "XS",
        "tension": "13.2"
      }
    },
    {
      "type": "Feature",
      "geometry": {
        "type": "Point",
        "coordinates": [
          -58.1369059662283,
          -25.208875417617
        ]
      },
      "properties": {
        "numero": "EM2-LNN-001",
        "ubicacion": "RUTA NACIONAL Nº 86",
        "tipo secc.": "XS",
        "tension": "13.2",
        "LOCALIDAD": "LAGUNA NAICK - NECK"
      }
    },
    {
      "type": "Feature",
      "geometry": {
        "type": "Point",
        "coordinates": [
          -58.1240273806608,
          -25.2184852022659
        ]
      },
      "properties": {
        "numero": "EM2-LNN-001",
        "ubicacion": "SALVADOR MONTARANO",
        "tipo secc.": "XS",
        "tension": "13.2",
        "LOCALIDAD": "LAGUNA NAICK-NECK"
      }
    },
    {
      "type": "Feature",
      "geometry": {
        "type": "Point",
        "coordinates": [
          -58.12143794502,
          -25.2205286506294
        ]
      },
      "properties": {
        "numero": "EM2-LNN-002",
        "ubicacion": "SALVADOR MONTARANO Y MARIANO MORENO",
        "tipo secc.": "XS",
        "tension": "13.2",
        "LOCALIDAD": "LAGUNA NAICK-NECK"
      }
    },
    {
      "type": "Feature",
      "geometry": {
        "type": "Point",
        "coordinates": [
          -58.1140584351094,
          -25.2257337164174
        ]
      },
      "properties": {
        "numero": "EM2-LNN-004",
        "tipo secc.": "XS",
        "tension": "13.2",
        "LOCALIDAD": "LAGUNA NAICK-NECK"
      }
    },
    {
      "type": "Feature",
      "geometry": {
        "type": "Point",
        "coordinates": [
          -58.1375286308901,
          -25.2085715658128
        ]
      },
      "properties": {
        "numero": "EM2-LNN-S/N",
        "ubicacion": "C.D. LAGUNA NAICK - NECK",
        "tipo secc.": "XS CON CAMARA APAGA CHISPAS",
        "tension": "13.2",
        "LOCALIDAD": "LAGUNA NAICK - NECK"
      }
    },
    {
      "type": "Feature",
      "geometry": {
        "type": "Point",
        "coordinates": [
          -61.7070709722132,
          -23.5669574486313
        ]
      },
      "properties": {
        "numero": "EM2-PM-S/N",
        "ubicacion": "RUTA PROV. Nº39",
        "tipo secc.": "XS",
        "tension": "13.2",
        "LOCALIDAD": "POZO DE MAZA"
      }
    },
    {
      "type": "Feature",
      "geometry": {
        "type": "Point",
        "coordinates": [
          -58.2895298199,
          -26.222355732
        ]
      },
      "properties": {
        "numero": "EM2-FMA-592",
        "ubicacion": "AVENIDA LOS PUMAS Y CALLE INTERLOTE",
        "tipo secc.": "XS",
        "tension": "7.62",
        "LOCALIDAD": "FORMOSA"
      }
    },
    {
      "type": "Feature",
      "geometry": {
        "type": "Point",
        "coordinates": [
          -61.5961309647634,
          -23.573814253303
        ]
      },
      "properties": {
        "numero": "EM2-PM-S/N",
        "ubicacion": "CAMINO A LOS CIENAGUITOS",
        "tipo secc.": "XS",
        "tension": "13.2",
        "LOCALIDAD": "POZO DE MAZA"
      }
    },
    {
      "type": "Feature",
      "geometry": {
        "type": "Point",
        "coordinates": [
          -58.3409778208932,
          -26.4082181100497
        ]
      },
      "properties": {
        "numero": "EM2-HER-S/N",
        "ubicacion": "RUTA PROVINCIAL Nº 1 (ACCESOA A PARAJE SANTA ROSA)",
        "tipo secc.": "XS",
        "tension": "7.62",
        "LOCALIDAD": "HERRADURA"
      }
    },
    {
      "type": "Feature",
      "geometry": {
        "type": "Point",
        "coordinates": [
          -58.3484543273889,
          -26.4083749709775
        ]
      },
      "properties": {
        "numero": "EM2-HER-S/N",
        "ubicacion": "CAMINO VECINAL (PARAJE SANTA ROSA)",
        "tipo secc.": "XS",
        "tension": "7.62",
        "LOCALIDAD": "HERRADURA"
      }
    },
    {
      "type": "Feature",
      "geometry": {
        "type": "Point",
        "coordinates": [
          -58.1437537417778,
          -26.1320781646054
        ]
      },
      "properties": {
        "numero": "EM2-FMA-627",
        "ubicacion": "MZ 43 - Bº 20 DE JUNIO",
        "tipo secc.": "XS",
        "tension": "13.2",
        "LOCALIDAD": "FORMOSA"
      }
    },
    {
      "type": "Feature",
      "geometry": {
        "type": "Point",
        "coordinates": [
          -58.1601012988338,
          -26.1351888764729
        ]
      },
      "properties": {
        "numero": "EM2-FMA-290",
        "ubicacion": "MZ 13 - Bº SIMON BOLIVAR",
        "tipo secc.": "XS",
        "tension": "13.2",
        "LOCALIDAD": "FORMOSA"
      }
    },
    {
      "type": "Feature",
      "geometry": {
        "type": "Point",
        "coordinates": [
          -58.1564037889446,
          -26.1357038942696
        ]
      },
      "properties": {
        "numero": "EM2-FMA-598",
        "ubicacion": "MZ 30 - Bº SIMON BOLIVAR",
        "tipo secc.": "XS",
        "tension": "13.2",
        "LOCALIDAD": "FORMOSA"
      }
    },
    {
      "type": "Feature",
      "geometry": {
        "type": "Point",
        "coordinates": [
          -58.1649697708,
          -26.2080181399
        ]
      },
      "properties": {
        "numero": "EM2-FMA-0534",
        "ubicacion": "PLANTA DE TRATAMINETOS DE LIQUIDOS CLOACALES",
        "tipo secc.": "A CUERNOS",
        "tension": "13.2",
        "LOCALIDAD": "FORMOSA"
      }
    },
    {
      "type": "Feature",
      "geometry": {
        "type": "Point",
        "coordinates": [
          -58.282469999,
          -26.2693640019
        ]
      },
      "properties": {
        "numero": "EM2-FMA-422",
        "ubicacion": "CAMINO A VIVERO MINISTERIO DE LA PRODUCCION",
        "tipo secc.": "XS",
        "tension": "13.2",
        "LOCALIDAD": "FORMOSA"
      }
    },
    {
      "type": "Feature",
      "geometry": {
        "type": "Point",
        "coordinates": [
          -58.2859367536,
          -26.2882818791
        ]
      },
      "properties": {
        "numero": "EM2-FMA-423",
        "ubicacion": "RUTA NACIONAL N° 11",
        "tipo secc.": "XS",
        "tension": "13.2",
        "LOCALIDAD": "FORMOSA"
      }
    },
    {
      "type": "Feature",
      "geometry": {
        "type": "Point",
        "coordinates": [
          -58.285083237,
          -26.2882319395
        ]
      },
      "properties": {
        "numero": "EM2-FMA-424",
        "ubicacion": "RUTA NACIONAL N° 11 (ACCESO A CLUB DE CAMPO)",
        "tipo secc.": "XS",
        "tension": "13.2",
        "LOCALIDAD": "FORMOSA"
      }
    },
    {
      "type": "Feature",
      "geometry": {
        "type": "Point",
        "coordinates": [
          -58.2944610706194,
          -26.3030340227209
        ]
      },
      "properties": {
        "numero": "EM2-FMA-578",
        "ubicacion": "FRENTE A AEROCLUB - RUTA NACIONAL N° 11",
        "tipo secc.": "XS",
        "tension": "7.62",
        "LOCALIDAD": "FORMOSA"
      }
    },
    {
      "type": "Feature",
      "geometry": {
        "type": "Point",
        "coordinates": [
          -58.2720610003,
          -26.2758779981
        ]
      },
      "properties": {
        "numero": "EM2-FMA-426",
        "ubicacion": "CAMINO A TRES MARIAS - B° NUEVA POMPEYA",
        "tipo secc.": "XS",
        "tension": "13.2",
        "LOCALIDAD": "FORMOSA"
      }
    },
    {
      "type": "Feature",
      "geometry": {
        "type": "Point",
        "coordinates": [
          -58.2555010001,
          -26.280425997
        ]
      },
      "properties": {
        "numero": "EM2-FMA-427",
        "ubicacion": "CAMINO A TRES MARIAS (ACCESO A CAMPO)",
        "tipo secc.": "XS",
        "tension": "13.2",
        "LOCALIDAD": "FORMOSA"
      }
    },
    {
      "type": "Feature",
      "geometry": {
        "type": "Point",
        "coordinates": [
          -58.2361244239,
          -26.2741375686
        ]
      },
      "properties": {
        "numero": "EM2-FMA-428",
        "ubicacion": "CAMINO A TRES MARIAS",
        "tipo secc.": "XS",
        "tension": "13.2",
        "LOCALIDAD": "FORMOSA"
      }
    },
    {
      "type": "Feature",
      "geometry": {
        "type": "Point",
        "coordinates": [
          -58.2746047123,
          -26.2748403571
        ]
      },
      "properties": {
        "numero": "EM2-FMA-520",
        "ubicacion": "C.D. TRES MARIAS",
        "tipo secc.": "XS",
        "tension": "13.2",
        "LOCALIDAD": "FORMOSA"
      }
    },
    {
      "type": "Feature",
      "geometry": {
        "type": "Point",
        "coordinates": [
          -58.2161969972,
          -26.2994470003
        ]
      },
      "properties": {
        "numero": "EM2-FMA-431",
        "ubicacion": "CAMINO A TRES MARIAS (ACCESO A CAMPO)",
        "tipo secc.": "XS",
        "tension": "13.2",
        "LOCALIDAD": "FORMOSA"
      }
    },
    {
      "type": "Feature",
      "geometry": {
        "type": "Point",
        "coordinates": [
          -58.2805020975978,
          -26.2800989692977
        ]
      },
      "properties": {
        "numero": "EM2-FMA-562",
        "ubicacion": "RUTA 11 - B° SANTA ISABEL ACCESO A UN CAMPO",
        "tipo secc.": "XS",
        "tension": "13.2",
        "LOCALIDAD": "FORMOSA"
      }
    },
    {
      "type": "Feature",
      "geometry": {
        "type": "Point",
        "coordinates": [
          -58.1497954710392,
          -26.1322922805108
        ]
      },
      "properties": {
        "numero": "EM2-FMA-291",
        "ubicacion": "MZ 6 - Bº 8 DE OCTUBRE CALLE ARMANDO DEVITA Y LACERRA",
        "tipo secc.": "BAJO CARGA",
        "tension": "13.2",
        "LOCALIDAD": "FORMOSA"
      }
    },
    {
      "type": "Feature",
      "geometry": {
        "type": "Point",
        "coordinates": [
          -57.7298476454395,
          -25.2878000410912
        ]
      },
      "properties": {
        "numero": "EM2-CLO-000",
        "ubicacion": "SARGENTO CABRAL Y SAN NICOLAS",
        "tipo secc.": "XS TRIFASICO",
        "tension": "13.2",
        "LOCALIDAD": "CLORINDA"
      }
    },
    {
      "type": "Feature",
      "geometry": {
        "type": "Point",
        "coordinates": [
          -58.1685147687869,
          -26.1457080548894
        ]
      },
      "properties": {
        "numero": "EM2-FMA-469",
        "ubicacion": "B° URBANIZACION MARADONA - MZ B",
        "tipo secc.": "XS TRIFASICO",
        "tension": "13.2",
        "LOCALIDAD": "FORMOSA"
      }
    },
    {
      "type": "Feature",
      "geometry": {
        "type": "Point",
        "coordinates": [
          -58.3602754482007,
          -26.3948295935725
        ]
      },
      "properties": {
        "numero": "EM2-TAT-004",
        "ubicacion": "SOBRE RUTA PROVINCIAL N°1",
        "tipo secc.": "XS",
        "tension": "7.62",
        "LOCALIDAD": "TATANE"
      }
    },
    {
      "type": "Feature",
      "geometry": {
        "type": "Point",
        "coordinates": [
          -58.2819412951,
          -26.2690283007
        ]
      },
      "properties": {
        "numero": "EM2-FMA-432",
        "ubicacion": "SALIDA C.D. TRES MARIAS",
        "tipo secc.": "XS",
        "tension": "13.2",
        "LOCALIDAD": "FORMOSA"
      }
    },
    {
      "type": "Feature",
      "geometry": {
        "type": "Point",
        "coordinates": [
          -58.2953429432019,
          -26.2687038374306
        ]
      },
      "properties": {
        "numero": "EM2-FMA-433",
        "ubicacion": "DETRÁS DE APICULTURA - SANTA ISABEL",
        "tipo secc.": "XS",
        "tension": "7.62",
        "LOCALIDAD": "FORMOSA"
      }
    },
    {
      "type": "Feature",
      "geometry": {
        "type": "Point",
        "coordinates": [
          -58.2785950723452,
          -26.082756555331
        ]
      },
      "properties": {
        "numero": "EM2-FMA-644",
        "ubicacion": "CAMINO A DIOXITEC",
        "tipo secc.": "XS",
        "tension": "13.2",
        "LOCALIDAD": "FORMOSA"
      }
    },
    {
      "type": "Feature",
      "geometry": {
        "type": "Point",
        "coordinates": [
          -58.2031694265911,
          -26.1654150725667
        ]
      },
      "properties": {
        "numero": "EM2-FMA-0249",
        "ubicacion": "AV. LOS PIONEROS Y BARBERIS",
        "tipo secc.": "A CUERNOS",
        "tension": "13.2",
        "LOCALIDAD": "FORMOSA"
      }
    },
    {
      "type": "Feature",
      "geometry": {
        "type": "Point",
        "coordinates": [
          -58.2713607900475,
          -26.0831677771606
        ]
      },
      "properties": {
        "numero": "EM1-FMA-348",
        "ubicacion": "ACCESO DIOXITEC Y RUTA NACIONAL 81",
        "tipo secc.": "A CUERNOS",
        "tension": "33",
        "LOCALIDAD": "FORMOSA"
      }
    },
    {
      "type": "Feature",
      "geometry": {
        "type": "Point",
        "coordinates": [
          -58.2284881324912,
          -26.154036304537
        ]
      },
      "properties": {
        "numero": "EM2-FMA-0651",
        "ubicacion": "FRENTE AL CEMENTERIO SAN ANTONIO - LOTEO DON PEDRO",
        "tipo secc.": "XS",
        "tension": "13.2",
        "LOCALIDAD": "FORMOSA"
      }
    },
    {
      "type": "Feature",
      "geometry": {
        "type": "Point",
        "coordinates": [
          -58.3102688815772,
          -26.4877702549922
        ]
      },
      "properties": {
        "numero": "EM2-HER-002",
        "ubicacion": "SALIDAD C.D.",
        "tipo secc.": "XS",
        "tension": "13.2",
        "LOCALIDAD": "HERRADURA"
      }
    },
    {
      "type": "Feature",
      "geometry": {
        "type": "Point",
        "coordinates": [
          -59.1204581237408,
          -25.7265088875142
        ]
      },
      "properties": {
        "numero": "EM2-PIR-0",
        "ubicacion": "MANUEL SAVIO Y VENEZUELA",
        "tipo secc.": "XS",
        "tension": "13.2",
        "LOCALIDAD": "PIRANE"
      }
    },
    {
      "type": "Feature",
      "geometry": {
        "type": "Point",
        "coordinates": [
          -58.2465970007244,
          -26.2676463778978
        ]
      },
      "properties": {
        "numero": "EM2-FMA-664",
        "ubicacion": "CAMINO A EL CACHILITO",
        "tipo secc.": "XS",
        "tension": "7.62",
        "LOCALIDAD": "FORMOSA"
      }
    },
    {
      "type": "Feature",
      "geometry": {
        "type": "Point",
        "coordinates": [
          -60.6950615929721,
          -24.2128829916204
        ]
      },
      "properties": {
        "numero": "EM2-LOM-S/N",
        "ubicacion": "RUTA PROV. Nº 32 (ACCESO A ESTABLECIMIENTO BRIZUELA E HIJOS)",
        "tipo secc.": "XS",
        "tension": "7.62",
        "LOCALIDAD": "LAS LOMITAS"
      }
    },
    {
      "type": "Feature",
      "geometry": {
        "type": "Point",
        "coordinates": [
          -58.2352945869945,
          -26.183537812559
        ]
      },
      "properties": {
        "numero": "EM2-FMA-669",
        "ubicacion": "MANZANA 43 - LOTE 111",
        "tipo secc.": "A CUCHILLA",
        "tension": "13.2",
        "LOCALIDAD": "FORMOSA"
      }
    },
    {
      "type": "Feature",
      "geometry": {
        "type": "Point",
        "coordinates": [
          -61.8003240789084,
          -23.6582114782485
        ]
      },
      "properties": {
        "numero": "EM2-PM-001",
        "ubicacion": "DESVIO A POZO DE MAZA - COLONIA POZO SARGENTO",
        "tipo secc.": "XS",
        "tension": "13.2 KV",
        "LOCALIDAD": "POZO DE MAZA"
      }
    },
    {
      "type": "Feature",
      "geometry": {
        "type": "Point",
        "coordinates": [
          -58.244162565146,
          -26.1983097763893
        ]
      },
      "properties": {
        "numero": "EM1-FMA-334",
        "ubicacion": "AV. NESTOR KIRCHNER FRENTE A LA PLAZA DEL BARRIO NUEVA FORMOSA",
        "tipo secc.": "A CUCHILLA",
        "tension": "33",
        "LOCALIDAD": "FORMOSA"
      }
    },
    {
      "type": "Feature",
      "geometry": {
        "type": "Point",
        "coordinates": [
          -58.2132684549126,
          -26.1735728524464
        ]
      },
      "properties": {
        "numero": "EM2-FMA-0559",
        "ubicacion": "LOTEO BELLINO",
        "tipo secc.": "XS",
        "tension": "13.2",
        "LOCALIDAD": "FORMOSA"
      }
    },
    {
      "type": "Feature",
      "geometry": {
        "type": "Point",
        "coordinates": [
          -58.1838451131604,
          -26.1383740482132
        ]
      },
      "properties": {
        "numero": "EM2-FMA-240",
        "ubicacion": "AV. DE LOS CONSTITUYENTES - MZ 50 - C14 - B° LUJAN",
        "tipo secc.": "XS",
        "tension": "13.2",
        "LOCALIDAD": "FORMOSA"
      }
    },
    {
      "type": "Feature",
      "geometry": {
        "type": "Point",
        "coordinates": [
          -58.2156692840772,
          -26.1927051022523
        ]
      },
      "properties": {
        "numero": "EM2-FMA-0067",
        "ubicacion": "AV. GENDARMERIA NACIONAL Y SANDOVAL",
        "tipo secc.": "A CUERNOS",
        "tension": "13.2",
        "LOCALIDAD": "FORMOSA"
      }
    },
    {
      "type": "Feature",
      "geometry": {
        "type": "Point",
        "coordinates": [
          -58.3068081258478,
          -26.4923289355064
        ]
      },
      "properties": {
        "numero": "EM2-HER-009",
        "ubicacion": "CAMINO A LA PLAYA",
        "tipo secc.": "XS",
        "tension": "13.2"
      }
    },
    {
      "type": "Feature",
      "geometry": {
        "type": "Point",
        "coordinates": [
          -59.6058532590849,
          -25.6904677621967
        ]
      },
      "properties": {
        "numero": "EM2-PSA-001",
        "tipo secc.": "XS",
        "tension": "13.2",
        "LOCALIDAD": "POTRERO NORTE"
      }
    },
    {
      "type": "Feature",
      "geometry": {
        "type": "Point",
        "coordinates": [
          -61.2442308390195,
          -24.256727292423
        ]
      },
      "properties": {
        "numero": "EM2-YEM-009",
        "ubicacion": "LAGUNA YEMA",
        "tipo secc.": "A CUCHILLA",
        "tension": "13.2",
        "LOCALIDAD": "LAGUNA YEMA"
      }
    },
    {
      "type": "Feature",
      "geometry": {
        "type": "Point",
        "coordinates": [
          -58.1551886977282,
          -26.1340497571592
        ]
      },
      "properties": {
        "numero": "EM2-FMA-613",
        "ubicacion": "MZ 32 - Bº SIMON BOLIVAR",
        "tipo secc.": "A CUCHILLA",
        "tension": "13.2",
        "LOCALIDAD": "FORMOSA"
      }
    },
    {
      "type": "Feature",
      "geometry": {
        "type": "Point",
        "coordinates": [
          -58.3022742305477,
          -26.4981265840264
        ]
      },
      "properties": {
        "numero": "EM2-HER-S/N",
        "ubicacion": "RUTA A LA PLAYA",
        "tipo secc.": "XS",
        "tension": "13.2"
      }
    },
    {
      "type": "Feature",
      "geometry": {
        "type": "Point",
        "coordinates": [
          -59.107065570479,
          -25.7506704159014
        ]
      },
      "properties": {
        "numero": "EM2-PIR-008",
        "ubicacion": "SOBRE RUTA N° 3",
        "tipo secc.": "A CUCHILLA",
        "tension": "13.2",
        "LOCALIDAD": "PIRANE"
      }
    },
    {
      "type": "Feature",
      "geometry": {
        "type": "Point",
        "coordinates": [
          -59.4592872331826,
          -25.7676103996459
        ]
      },
      "properties": {
        "numero": "EM2-PSA-002",
        "tipo secc.": "XS",
        "tension": "13.2",
        "LOCALIDAD": "POTRERO NORTE"
      }
    },
    {
      "type": "Feature",
      "geometry": {
        "type": "Point",
        "coordinates": [
          -58.20767977975,
          -26.1272657941038
        ]
      },
      "properties": {
        "numero": "EM2-FMA-645",
        "ubicacion": "DETRAS DE CHAJA RUGBY CLUB - DERIVACION A LOTEO",
        "tipo secc.": "XS",
        "tension": "13.2",
        "LOCALIDAD": "FORMOSA"
      }
    },
    {
      "type": "Feature",
      "geometry": {
        "type": "Point",
        "coordinates": [
          -58.1176185243085,
          -25.1892683383423
        ]
      },
      "properties": {
        "numero": "EM2-LNN-S/N",
        "ubicacion": "ACCESO A PARQUE NACIONAL RIO PILCOMAYO",
        "tipo secc.": "xs",
        "tension": "13.2",
        "LOCALIDAD": "LAGUNA NAICK-NECK"
      }
    },
    {
      "type": "Feature",
      "geometry": {
        "type": "Point",
        "coordinates": [
          -58.1854322796055,
          -26.1937059891062
        ]
      },
      "properties": {
        "numero": "EM1-FMA-0346",
        "ubicacion": "FOTHERINGHAM Y FREITAS",
        "tipo secc.": "A CUERNOS",
        "tension": "33",
        "LOCALIDAD": "FORMOSA"
      }
    },
    {
      "type": "Feature",
      "geometry": {
        "type": "Point",
        "coordinates": [
          -61.244498,
          -24.256785
        ]
      },
      "properties": {
        "numero": "EM2-YEM-004",
        "ubicacion": "INDEPENDENCIA Y LAPRIDA",
        "tipo secc.": "XS",
        "tension": "13.2",
        "LOCALIDAD": "LAGUNA YEMA"
      }
    },
    {
      "type": "Feature",
      "geometry": {
        "type": "Point",
        "coordinates": [
          -58.2036611031335,
          -26.1661419162679
        ]
      },
      "properties": {
        "numero": "EM2-FMA-248",
        "ubicacion": "AV. LUCAS BARBERIS (ESCUELA DE POLICIA)",
        "tipo secc.": "A CUERNOS",
        "tension": "13.2",
        "LOCALIDAD": "FORMOSA"
      }
    },
    {
      "type": "Feature",
      "geometry": {
        "type": "Point",
        "coordinates": [
          -58.2009654136493,
          -26.1686529164503
        ]
      },
      "properties": {
        "numero": "EM2-FMA-490",
        "ubicacion": "PUCHINI Y JUAN MANUEL DE ROSAS",
        "tipo secc.": "A CUERNOS",
        "tension": "13.2",
        "LOCALIDAD": "FORMOSA"
      }
    },
    {
      "type": "Feature",
      "geometry": {
        "type": "Point",
        "coordinates": [
          -58.1971050132177,
          -26.1673922485072
        ]
      },
      "properties": {
        "numero": "EM2-FMA-192",
        "ubicacion": "PUCHINI Y TRINIDAD GONZALEZ - Bº LA PAZ",
        "tipo secc.": "A CUERNOS",
        "tension": "13.2"
      }
    },
    {
      "type": "Feature",
      "geometry": {
        "type": "Point",
        "coordinates": [
          -59.5735481874871,
          -25.7049394989041
        ]
      },
      "properties": {
        "tipo secc.": "XS"
      }
    },
    {
      "type": "Feature",
      "geometry": {
        "type": "Point",
        "coordinates": [
          -59.6281494646535,
          -25.7230898674548
        ]
      },
      "properties": {
        "numero": "EM2-PSA-005",
        "tipo secc.": "XS",
        "tension": "7.62",
        "LOCALIDAD": "POTRERO NORTE"
      }
    },
    {
      "type": "Feature",
      "geometry": {
        "type": "Point",
        "coordinates": [
          -58.3703312132509,
          -26.4013153787709
        ]
      },
      "properties": {
        "numero": "EM2-TAT-S/N",
        "tipo secc.": "XS",
        "tension": "7.62"
      }
    },
    {
      "type": "Feature",
      "geometry": {
        "type": "Point",
        "coordinates": [
          -57.721527002523,
          -25.2844260486584
        ]
      },
      "properties": {
        "numero": "EM2-CLO-000",
        "ubicacion": "ROQUE S. PEÑA Y SAN LORENZO",
        "tipo secc.": "A CUERNOS",
        "tension": "13.2",
        "LOCALIDAD": "CLORINDA"
      }
    },
    {
      "type": "Feature",
      "geometry": {
        "type": "Point",
        "coordinates": [
          -57.7259906116677,
          -25.2811719722992
        ]
      },
      "properties": {
        "numero": "EM2-CLO-S/N",
        "tipo secc.": "A CUERNOS",
        "tension": "13.2",
        "LOCALIDAD": "CLORINDA"
      }
    },
    {
      "type": "Feature",
      "geometry": {
        "type": "Point",
        "coordinates": [
          -58.2543940120237,
          -26.2015825029598
        ]
      },
      "properties": {
        "numero": "EM1-FMA-330",
        "ubicacion": "AV. NESTOR KIRCHNER Y PORDENONE",
        "tipo secc.": "A CUCHILLA",
        "tension": "33",
        "LOCALIDAD": "FORMOSA"
      }
    },
    {
      "type": "Feature",
      "geometry": {
        "type": "Point",
        "coordinates": [
          -58.1607579475361,
          -26.13681326109
        ]
      },
      "properties": {
        "numero": "EM2-FMA-333",
        "ubicacion": "B° EVA PERON MZ 3",
        "tipo secc.": "A CUCHILLA",
        "tension": "13.2",
        "LOCALIDAD": "FORMOSA"
      }
    },
    {
      "type": "Feature",
      "geometry": {
        "type": "Point",
        "coordinates": [
          -58.1598182000085,
          -26.1373339760515
        ]
      },
      "properties": {
        "numero": "EM2-FMA-596",
        "ubicacion": "MZ 25 - Bº SIMON BOLIVAR CALLE GUASTALLA",
        "tipo secc.": "BAJO CARGA",
        "tension": "13.2",
        "LOCALIDAD": "FORMOSA"
      }
    },
    {
      "type": "Feature",
      "geometry": {
        "type": "Point",
        "coordinates": [
          -58.1604288652705,
          -26.1357284521507
        ]
      },
      "properties": {
        "numero": "EM2-FMA-226",
        "ubicacion": "MZ 25 - Bº SIMON BOLIVAR CALLE ARMANDO DEVITA Y LACERRA",
        "tipo secc.": "BAJO CARGA",
        "tension": "13.2",
        "LOCALIDAD": "FORMOSA"
      }
    },
    {
      "type": "Feature",
      "geometry": {
        "type": "Point",
        "coordinates": [
          -58.162572650051,
          -26.139834408002
        ]
      },
      "properties": {
        "numero": "EM2-FMA-321",
        "ubicacion": "B° REPUBLICA ARGENTINA - MZ 97",
        "tipo secc.": "A CUERNOS",
        "tension": "13.2",
        "LOCALIDAD": "FORMOSA"
      }
    },
    {
      "type": "Feature",
      "geometry": {
        "type": "Point",
        "coordinates": [
          -58.1533654642469,
          -26.1348114036782
        ]
      },
      "properties": {
        "numero": "EM2-FMA-597",
        "ubicacion": "MZ 34 - Bº SIMON BOLIVAR",
        "tipo secc.": "XS",
        "tension": "13.2",
        "LOCALIDAD": "FORMOSA"
      }
    },
    {
      "type": "Feature",
      "geometry": {
        "type": "Point",
        "coordinates": [
          -58.1520762513219,
          -26.1443045174344
        ]
      },
      "properties": {
        "numero": "EM2-FMA-225",
        "ubicacion": "B° EVA PERON- MZ 33",
        "tipo secc.": "BAJO CARGA",
        "tension": "13.2",
        "LOCALIDAD": "FORMOSA"
      }
    },
    {
      "type": "Feature",
      "geometry": {
        "type": "Point",
        "coordinates": [
          -58.193826730617,
          -26.2012029405277
        ]
      },
      "properties": {
        "numero": "EM2-FMA-631",
        "ubicacion": "AV. ARTURO FRONDIZI Y JUAN JOSE PASO - Bº LAGUNA SIAM",
        "tipo secc.": "XS",
        "tension": "13.2",
        "LOCALIDAD": "FORMOSA"
      }
    },
    {
      "type": "Feature",
      "geometry": {
        "type": "Point",
        "coordinates": [
          -58.1954871536223,
          -26.1592604742271
        ]
      },
      "properties": {
        "numero": "EM2-FMA-632",
        "ubicacion": "AV. JAUN B. CABRAL Y AMEGINO - Bº FACHINI",
        "tipo secc.": "A CUCHILLA",
        "tension": "13.2",
        "LOCALIDAD": "FORMOSA"
      }
    },
    {
      "type": "Feature",
      "geometry": {
        "type": "Point",
        "coordinates": [
          -62.0637528628316,
          -23.2066535734027
        ]
      },
      "properties": {
        "numero": "EM2-PL-S/N",
        "ubicacion": "ACCESO A USINA SURUBI",
        "tipo secc.": "XS",
        "tension": "13.2",
        "LOCALIDAD": "PALMAR LARGO"
      }
    },
    {
      "type": "Feature",
      "geometry": {
        "type": "Point",
        "coordinates": [
          -58.5558579990657,
          -24.9815843146361
        ]
      },
      "properties": {
        "numero": "EM2-ESP-005",
        "ubicacion": "FONTANA E/ ANTARTIDA ARG. E ISLAS MALVINAS",
        "tipo secc.": "XS",
        "tension": "13.2",
        "LOCALIDAD": "EL ESPINILLO"
      }
    },
    {
      "type": "Feature",
      "geometry": {
        "type": "Point",
        "coordinates": [
          -58.5531680544354,
          -24.9790572273007
        ]
      },
      "properties": {
        "numero": "EM2-ESP-004",
        "ubicacion": "FONTANA Y 9 DE JULIO",
        "tipo secc.": "A CUCHILLA",
        "tension": "13.2",
        "LOCALIDAD": "EL ESPINILLO"
      }
    },
    {
      "type": "Feature",
      "geometry": {
        "type": "Point",
        "coordinates": [
          -58.2189019654663,
          -26.1934613797283
        ]
      },
      "properties": {
        "numero": "EM2-FMA-0476",
        "ubicacion": "CATAMARCA Y JUAN JOSE SILVA",
        "tipo secc.": "XS",
        "tension": "13.2",
        "LOCALIDAD": "FORMOSA"
      }
    },
    {
      "type": "Feature",
      "geometry": {
        "type": "Point",
        "coordinates": [
          -61.4638283189484,
          -24.0960946214515
        ]
      },
      "properties": {
        "numero": "EM2-CHI-002",
        "tipo secc.": "XS",
        "tension": "13.2",
        "LOCALIDAD": "LOS CHIRIGUANOS"
      }
    },
    {
      "type": "Feature",
      "geometry": {
        "type": "Point",
        "coordinates": [
          -62.038042883274,
          -23.1910146556189
        ]
      },
      "properties": {
        "numero": "EM2-PL-S/N",
        "ubicacion": "ACCESO A USINA PALMAR LARGO",
        "tipo secc.": "XS",
        "tension": "13.2",
        "LOCALIDAD": "PALMAR LARGO"
      }
    },
    {
      "type": "Feature",
      "geometry": {
        "type": "Point",
        "coordinates": [
          -58.1856926547803,
          -26.173534866459
        ]
      },
      "properties": {
        "numero": "EM2-FMA-0198",
        "ubicacion": "VICENTE POSADAS Y CARLOS AYALA",
        "tipo secc.": "A CUERNOS",
        "tension": "13.2",
        "LOCALIDAD": "FORMOSA"
      }
    },
    {
      "type": "Feature",
      "geometry": {
        "type": "Point",
        "coordinates": [
          -58.2855602483641,
          -26.5285753488795
        ]
      },
      "properties": {
        "numero": "EM2-HER-S/N",
        "tipo secc.": "XS",
        "tension": "13.2"
      }
    },
    {
      "type": "Feature",
      "geometry": {
        "type": "Point",
        "coordinates": [
          -58.3087003487443,
          -26.4876430444462
        ]
      },
      "properties": {
        "numero": "EM2-HER-010",
        "tipo secc.": "XS",
        "tension": "13.2"
      }
    },
    {
      "type": "Feature",
      "geometry": {
        "type": "Point",
        "coordinates": [
          -59.3622641754713,
          -26.1779077815042
        ]
      },
      "properties": {
        "numero": "EM2-213-005",
        "ubicacion": null,
        "tipo secc.": "XS",
        "tension": "13.2",
        "LOCALIDAD": "VILLA 213"
      }
    },
    {
      "type": "Feature",
      "geometry": {
        "type": "Point",
        "coordinates": [
          -59.3673408945561,
          -26.1821781573778
        ]
      },
      "properties": {
        "numero": "EM2-213-002",
        "ubicacion": "IRIGOYEN S/N",
        "tipo secc.": "XS",
        "tension": "13.2"
      }
    },
    {
      "type": "Feature",
      "geometry": {
        "type": "Point",
        "coordinates": [
          -59.0775460312251,
          -26.2040758902575
        ]
      },
      "properties": {
        "numero": "EM2-VIL-001",
        "ubicacion": "AV. INDEPENDENCIA E/ ALEM Y FERLINI",
        "tipo secc.": "A CUERNO",
        "tension": "13.2"
      }
    },
    {
      "type": "Feature",
      "geometry": {
        "type": "Point",
        "coordinates": [
          -58.553487199608,
          -26.5348383999596
        ]
      },
      "properties": {
        "numero": "EM2-ESC-002",
        "ubicacion": "CAMINO A POTRERO DE LOS CABALLOS",
        "tipo secc.": "XS",
        "tension": "13.2"
      }
    },
    {
      "type": "Feature",
      "geometry": {
        "type": "Point",
        "coordinates": [
          -58.5852350816284,
          -26.4910271312465
        ]
      },
      "properties": {
        "numero": "EM2-ESC-003",
        "ubicacion": "CAMINO A POTRERO DE LOS CABALLOS",
        "tipo secc.": "XS",
        "tension": "13.2"
      }
    },
    {
      "type": "Feature",
      "geometry": {
        "type": "Point",
        "coordinates": [
          -59.4777839488549,
          -24.752344171051
        ]
      },
      "properties": {
        "numero": "EM2-GUE-012",
        "tipo secc.": "XS",
        "tension": "13.2",
        "LOCALIDAD": "GENERAL GUEMES"
      }
    },
    {
      "type": "Feature",
      "geometry": {
        "type": "Point",
        "coordinates": [
          -58.6035452784636,
          -26.4818439343992
        ]
      },
      "properties": {
        "numero": "EM2-ESC-004",
        "ubicacion": "COLONIA POTRERO DE LOS CABALLOS",
        "tipo secc.": "XS",
        "tension": "7.62"
      }
    },
    {
      "type": "Feature",
      "geometry": {
        "type": "Point",
        "coordinates": [
          -59.3475837927183,
          -26.310275296605
        ]
      },
      "properties": {
        "numero": "EM2-COL-001",
        "ubicacion": "SALIDA ET EL COLORADO",
        "tipo secc.": "A CUERNO",
        "tension": "13.2"
      }
    },
    {
      "type": "Feature",
      "geometry": {
        "type": "Point",
        "coordinates": [
          -59.3575287972909,
          -26.3117035346104
        ]
      },
      "properties": {
        "numero": "EM2-COL-002",
        "ubicacion": "MZ 77 - Bº 60 VIVIENDAS",
        "tipo secc.": "XS",
        "tension": "13.2"
      }
    },
    {
      "type": "Feature",
      "geometry": {
        "type": "Point",
        "coordinates": [
          -59.3603739790568,
          -26.3111411352992
        ]
      },
      "properties": {
        "numero": "EM2-COL-003",
        "ubicacion": "AV. NESTOR KIRCHNER AL 1500",
        "tipo secc.": "A CUERNO",
        "tension": "13.2"
      }
    },
    {
      "type": "Feature",
      "geometry": {
        "type": "Point",
        "coordinates": [
          -59.3667685858701,
          -26.3110365025681
        ]
      },
      "properties": {
        "numero": "EM2-COL-004",
        "ubicacion": "SARMIENTO ESQUINA LARRALDE",
        "tipo secc.": "XS",
        "tension": "13.2"
      }
    },
    {
      "type": "Feature",
      "geometry": {
        "type": "Point",
        "coordinates": [
          -59.3703890188728,
          -26.3076882052856
        ]
      },
      "properties": {
        "numero": "EM2-COL-005",
        "ubicacion": "CALLE TUCUMAN (FRENTE A REFSA)",
        "tipo secc.": "A CUERNO",
        "tension": "13.2"
      }
    },
    {
      "type": "Feature",
      "geometry": {
        "type": "Point",
        "coordinates": [
          -59.3673366495116,
          -26.3121874574141
        ]
      },
      "properties": {
        "numero": "EM2-COL-006",
        "ubicacion": "ESPAÑA ESQUINA LARRALDE",
        "tipo secc.": "XS",
        "tension": "13.2"
      }
    },
    {
      "type": "Feature",
      "geometry": {
        "type": "Point",
        "coordinates": [
          -59.3672753686736,
          -26.3161599076725
        ]
      },
      "properties": {
        "numero": "EM2-COL-007",
        "ubicacion": "CALLE FONTANA ESQUINA LARRALDE",
        "tipo secc.": "XS",
        "tension": "13.2"
      }
    },
    {
      "type": "Feature",
      "geometry": {
        "type": "Point",
        "coordinates": [
          -59.3648134353233,
          -26.3162043746284
        ]
      },
      "properties": {
        "numero": "EM2-COL-008",
        "ubicacion": "CALLE FONTANA ESQUINA G. CENTENO",
        "tipo secc.": "XS",
        "tension": "13.2"
      }
    },
    {
      "type": "Feature",
      "geometry": {
        "type": "Point",
        "coordinates": [
          -59.3670020366817,
          -26.3199988253227
        ]
      },
      "properties": {
        "numero": "EM2-COL-009",
        "ubicacion": "LARRALDE ESQUINA J. GONZALEZ",
        "tipo secc.": "A CUERNO",
        "tension": "13.2"
      }
    },
    {
      "type": "Feature",
      "geometry": {
        "type": "Point",
        "coordinates": [
          -59.3680817466852,
          -26.3213275511903
        ]
      },
      "properties": {
        "numero": "EM2-COL-010",
        "ubicacion": "PELLEGRINI ESQUINA LARRALDE",
        "tipo secc.": "A CUERNO",
        "tension": "13.2"
      }
    },
    {
      "type": "Feature",
      "geometry": {
        "type": "Point",
        "coordinates": [
          -59.3678813680719,
          -26.3214792551426
        ]
      },
      "properties": {
        "numero": "EM2-COL-011",
        "ubicacion": "PELLEGRINI ESQUINA LARRALDE",
        "tipo secc.": "XS",
        "tension": "13.2"
      }
    },
    {
      "type": "Feature",
      "geometry": {
        "type": "Point",
        "coordinates": [
          -59.3730109633001,
          -26.3080077800227
        ]
      },
      "properties": {
        "numero": "EM2-COL-012",
        "ubicacion": "BELGRANO ESQUINA SAN MARTIN",
        "tipo secc.": "A CUERNO",
        "tension": "13.2"
      }
    },
    {
      "type": "Feature",
      "geometry": {
        "type": "Point",
        "coordinates": [
          -59.3702460302507,
          -26.3034019820003
        ]
      },
      "properties": {
        "numero": "EM2-COL-013",
        "ubicacion": "R. PEÑA ESQUINA SAN MARTIN",
        "tipo secc.": "BAJO CARGA",
        "tension": "13.2"
      }
    },
    {
      "type": "Feature",
      "geometry": {
        "type": "Point",
        "coordinates": [
          -59.3696225220414,
          -26.3021445551287
        ]
      },
      "properties": {
        "numero": "EM2-COL-014",
        "ubicacion": "AV. SAN MARTIN AL 100",
        "tipo secc.": "BAJO CARGA",
        "tension": "13.2"
      }
    },
    {
      "type": "Feature",
      "geometry": {
        "type": "Point",
        "coordinates": [
          -59.3699532440245,
          -26.3017713356513
        ]
      },
      "properties": {
        "numero": "EM2-COL-015",
        "ubicacion": "MOSCONI ESQUINA SAN MARTIN",
        "tipo secc.": "XS",
        "tension": "13.2"
      }
    },
    {
      "type": "Feature",
      "geometry": {
        "type": "Point",
        "coordinates": [
          -59.3691867471932,
          -26.3018236562112
        ]
      },
      "properties": {
        "numero": "EM2-COL-016",
        "ubicacion": "G. BROWN ESQUINA SAN MARTIN",
        "tipo secc.": "XS",
        "tension": "13.2"
      }
    },
    {
      "type": "Feature",
      "geometry": {
        "type": "Point",
        "coordinates": [
          -59.37450553485,
          -26.3115993383549
        ]
      },
      "properties": {
        "numero": "EM2-COL-017",
        "ubicacion": "AV. SAN MARTIN Nº 950",
        "tipo secc.": "A CUERNO",
        "tension": "13.2"
      }
    },
    {
      "type": "Feature",
      "geometry": {
        "type": "Point",
        "coordinates": [
          -59.3580545479726,
          -26.3287294261286
        ]
      },
      "properties": {
        "numero": "EM2-COL-018",
        "ubicacion": "PELLEGRINI Y RUTA PROV. Nº 1",
        "tipo secc.": "XS",
        "tension": "13.2"
      }
    },
    {
      "type": "Feature",
      "geometry": {
        "type": "Point",
        "coordinates": [
          -59.3566499522563,
          -26.3287642983889
        ]
      },
      "properties": {
        "numero": "EM2-COL-019",
        "ubicacion": "INTA EL COLORADO",
        "tipo secc.": "XS",
        "tension": "13.2"
      }
    },
    {
      "type": "Feature",
      "geometry": {
        "type": "Point",
        "coordinates": [
          -58.2739241867155,
          -25.3613084176288
        ]
      },
      "properties": {
        "numero": "EM2-RHE-001",
        "tipo secc.": "A CUERNO",
        "tension": "13.2"
      }
    },
    {
      "type": "Feature",
      "geometry": {
        "type": "Point",
        "coordinates": [
          -58.274885814898,
          -25.3613681579978
        ]
      },
      "properties": {
        "numero": "EM2-RHE-002",
        "tipo secc.": "CUCHILLA",
        "tension": "13.2"
      }
    },
    {
      "type": "Feature",
      "geometry": {
        "type": "Point",
        "coordinates": [
          -58.2737538983916,
          -25.3628634678916
        ]
      },
      "properties": {
        "numero": "EM2-RHE-003",
        "tipo secc.": "A CUERNO",
        "tension": "13.2"
      }
    },
    {
      "type": "Feature",
      "geometry": {
        "type": "Point",
        "coordinates": [
          -58.2689137032065,
          -25.3630227734243
        ]
      },
      "properties": {
        "numero": "EM2-RHE-004",
        "tipo secc.": "XS",
        "tension": "13.2"
      }
    },
    {
      "type": "Feature",
      "geometry": {
        "type": "Point",
        "coordinates": [
          -58.2798442102138,
          -25.3624579619519
        ]
      },
      "properties": {
        "numero": "EM2-RHE-005",
        "tipo secc.": "XS",
        "tension": "13.2"
      }
    },
    {
      "type": "Feature",
      "geometry": {
        "type": "Point",
        "coordinates": [
          -60.308281,
          -24.885633
        ]
      },
      "properties": {
        "numero": "EM2-TIG-005",
        "ubicacion": "RUTA PROVINCIAL Nº 26 NORTE",
        "tipo secc.": "XS",
        "tension": "13.2"
      }
    },
    {
      "type": "Feature",
      "geometry": {
        "type": "Point",
        "coordinates": [
          -60.524182,
          -24.75371
        ]
      },
      "properties": {
        "numero": "EM2-BWN-002",
        "ubicacion": "SOBRE RUTA NACIONAL Nº 81",
        "tipo secc.": "XS",
        "tension": "7.62"
      }
    },
    {
      "type": "Feature",
      "geometry": {
        "type": "Point",
        "coordinates": [
          -60.520406,
          -24.755757
        ]
      },
      "properties": {
        "numero": "EM2-BWN-003",
        "ubicacion": "SOBRE RUTA NACIONAL Nº 81",
        "tipo secc.": "XS",
        "tension": "7.62"
      }
    },
    {
      "type": "Feature",
      "geometry": {
        "type": "Point",
        "coordinates": [
          -60.518814,
          -24.756754
        ]
      },
      "properties": {
        "numero": "EM2-BWN-004",
        "ubicacion": "SOBRE RUTA NACIONAL Nº 81",
        "tipo secc.": "XS",
        "tension": "7.62"
      }
    },
    {
      "type": "Feature",
      "geometry": {
        "type": "Point",
        "coordinates": [
          -60.479184,
          -24.739796
        ]
      },
      "properties": {
        "numero": "EM2-BWN-006",
        "ubicacion": "ACCESO A CAMPO ALEM",
        "tipo secc.": "XS",
        "tension": "7.62"
      }
    },
    {
      "type": "Feature",
      "geometry": {
        "type": "Point",
        "coordinates": [
          -60.5013192811754,
          -24.766644995453
        ]
      },
      "properties": {
        "numero": "EM2-BWN-005",
        "ubicacion": "SOBRE RUTA NACIONAL Nº 81",
        "tipo secc.": "XS",
        "tension": "7.62"
      }
    },
    {
      "type": "Feature",
      "geometry": {
        "type": "Point",
        "coordinates": [
          -60.484655,
          -24.776363
        ]
      },
      "properties": {
        "numero": "EM2-BWN-007",
        "ubicacion": "SOBRE RUTA NACIONAL Nº 81",
        "tipo secc.": "XS",
        "tension": "7.62"
      }
    },
    {
      "type": "Feature",
      "geometry": {
        "type": "Point",
        "coordinates": [
          -60.478295,
          -24.780097
        ]
      },
      "properties": {
        "numero": "EM2-BWN-008",
        "ubicacion": "SOBRE RUTA NACIONAL Nº 81",
        "tipo secc.": "XS",
        "tension": "7.62"
      }
    },
    {
      "type": "Feature",
      "geometry": {
        "type": "Point",
        "coordinates": [
          -60.473796,
          -24.782706
        ]
      },
      "properties": {
        "numero": "EM2-BWN-009",
        "ubicacion": "SOBRE RUTA NACIONAL Nº 81",
        "tipo secc.": "XS",
        "tension": "7.62"
      }
    },
    {
      "type": "Feature",
      "geometry": {
        "type": "Point",
        "coordinates": [
          -60.467987,
          -24.786427
        ]
      },
      "properties": {
        "numero": "EM2-BWN-010",
        "ubicacion": "SOBRE RUTA NACIONAL Nº 81",
        "tipo secc.": "XS",
        "tension": "7.62"
      }
    },
    {
      "type": "Feature",
      "geometry": {
        "type": "Point",
        "coordinates": [
          -60.463093,
          -24.789894
        ]
      },
      "properties": {
        "numero": "EM2-BWN-011",
        "ubicacion": "SOBRE RUTA NACIONAL Nº 81",
        "tipo secc.": "XS",
        "tension": "13.2"
      }
    },
    {
      "type": "Feature",
      "geometry": {
        "type": "Point",
        "coordinates": [
          -61.8255506628491,
          -23.9134175315369
        ]
      },
      "properties": {
        "numero": "EM1-JUA-XXX",
        "tipo secc.": "CUCHILLA",
        "tension": "33"
      }
    },
    {
      "type": "Feature",
      "geometry": {
        "type": "Point",
        "coordinates": [
          -59.4923742117763,
          -24.7601114376385
        ]
      },
      "properties": {
        "numero": "EM2-GUE-001",
        "ubicacion": "AVENIDA SAN MARTIN Y RUTA NACIONAL Nº 86",
        "tipo secc.": "A CUERNO",
        "tension": "13.2",
        "LOCALIDAD": "GENERAL GUEMES"
      }
    },
    {
      "type": "Feature",
      "geometry": {
        "type": "Point",
        "coordinates": [
          -59.4923959447972,
          -24.7601027444301
        ]
      },
      "properties": {
        "numero": "EM2-GUE-002",
        "ubicacion": "AVENIDA SAN MARTIN Y RUTA NACIONAL Nº 86",
        "tipo secc.": "ACUERNO",
        "tension": "13.2",
        "LOCALIDAD": "GENERAL GUEMES"
      }
    },
    {
      "type": "Feature",
      "geometry": {
        "type": "Point",
        "coordinates": [
          -59.4965612064059,
          -24.7435963472589
        ]
      },
      "properties": {
        "numero": "EM2-GUE-004",
        "ubicacion": "CEMENTERIO GRAL. GUEMES",
        "tipo secc.": "XS",
        "tension": "13.2",
        "LOCALIDAD": "GENERAL GUEMES"
      }
    },
    {
      "type": "Feature",
      "geometry": {
        "type": "Point",
        "coordinates": [
          -59.5292053073126,
          -24.7321773423698
        ]
      },
      "properties": {
        "numero": "EM2-GUE-005",
        "ubicacion": "SOBRE RUTA PROV. Nº 20",
        "tipo secc.": "XS",
        "tension": "7.62"
      }
    },
    {
      "type": "Feature",
      "geometry": {
        "type": "Point",
        "coordinates": [
          -59.6262162033,
          -24.7188673976
        ]
      },
      "properties": {
        "numero": "EM2-GUE-006",
        "ubicacion": "SOBRE RUTA PROV. Nº 20",
        "tipo secc.": "XS",
        "tension": "13.2"
      }
    },
    {
      "type": "Feature",
      "geometry": {
        "type": "Point",
        "coordinates": [
          -59.6869355483453,
          -24.7852366629419
        ]
      },
      "properties": {
        "numero": "EM2-GUE-007",
        "ubicacion": "SOBRE RUTA PROV. Nº 20 - UNION ESCUELA",
        "tipo secc.": "XS",
        "tension": "13.2"
      }
    },
    {
      "type": "Feature",
      "geometry": {
        "type": "Point",
        "coordinates": [
          -59.5815941663347,
          -24.9371379035678
        ]
      },
      "properties": {
        "numero": "EM2-PAV-001",
        "ubicacion": "SALIDA C.D. EL PAVAO",
        "tipo secc.": "XS",
        "tension": "13.2"
      }
    },
    {
      "type": "Feature",
      "geometry": {
        "type": "Point",
        "coordinates": [
          -59.3504458039,
          -25.0994345041
        ]
      },
      "properties": {
        "numero": "EM2-PAV-005",
        "tipo secc.": "XS",
        "tension": "7.62"
      }
    },
    {
      "type": "Feature",
      "geometry": {
        "type": "Point",
        "coordinates": [
          -58.6458258330177,
          -26.0304801753856
        ]
      },
      "properties": {
        "numero": "EM2-S/N",
        "tipo secc.": "XS",
        "tension": "7.62"
      }
    },
    {
      "type": "Feature",
      "geometry": {
        "type": "Point",
        "coordinates": [
          -58.3536169568,
          -26.402826808
        ]
      },
      "properties": {
        "numero": "EM2-TAT-002",
        "ubicacion": "SOBRE RUTA NACIONAL N°11",
        "tipo secc.": "XS",
        "tension": "13.2"
      }
    },
    {
      "type": "Feature",
      "geometry": {
        "type": "Point",
        "coordinates": [
          -58.35679318,
          -26.3984925824
        ]
      },
      "properties": {
        "numero": "EM2-TAT-001",
        "ubicacion": "SOBRE RUTA PROV. N° 1",
        "tipo secc.": "XS",
        "tension": "13.2"
      }
    },
    {
      "type": "Feature",
      "geometry": {
        "type": "Point",
        "coordinates": [
          -58.6882761940611,
          -26.1529712374319
        ]
      },
      "properties": {
        "numero": "EM2-",
        "ubicacion": "SOBRE RUTA PROV. N° 5 (ACCESO A CAMPO CONTADOR VALDEZ)",
        "tipo secc.": "XS",
        "tension": "13.2"
      }
    },
    {
      "type": "Feature",
      "geometry": {
        "type": "Point",
        "coordinates": [
          -60.6519477837415,
          -24.5165828159048
        ]
      },
      "properties": {
        "numero": "EM2-",
        "ubicacion": "ACCESO A COLONIA LA PALIZADA",
        "tipo secc.": "XS",
        "tension": "13.2"
      }
    },
    {
      "type": "Feature",
      "geometry": {
        "type": "Point",
        "coordinates": [
          -58.4418066572261,
          -26.3434427435742
        ]
      },
      "properties": {
        "numero": "EM2-XXX",
        "ubicacion": "RUTA PROVINCIAL N° 1 - EL ANGELITO",
        "tipo secc.": "XS",
        "tension": "13.2",
        "LOCALIDAD": "HERRADURA"
      }
    },
    {
      "type": "Feature",
      "geometry": {
        "type": "Point",
        "coordinates": [
          -58.8530617119166,
          -26.1750143752983
        ]
      },
      "properties": {
        "numero": "EM2- PRESIDENTE IRIGOYEN",
        "ubicacion": "EX RUTA PRO. N° 1 - COLONIA PRESINDENTE IRIGOYEN",
        "tipo secc.": "XS",
        "tension": "13.2",
        "LOCALIDAD": "LAISHI"
      }
    },
    {
      "type": "Feature",
      "geometry": {
        "type": "Point",
        "coordinates": [
          -58.1847859993,
          -26.1861789962
        ]
      },
      "properties": {
        "numero": "EM2-FMA-117",
        "ubicacion": "SAAVEDRA Y P. GOMEZ",
        "tipo secc.": "BAJO CARGA",
        "tension": "13.2",
        "LOCALIDAD": "FORMOSA"
      }
    },
    {
      "type": "Feature",
      "geometry": {
        "type": "Point",
        "coordinates": [
          -58.1934112831,
          -26.1854444352
        ]
      },
      "properties": {
        "numero": "EM2-FMA-176",
        "ubicacion": "FUERZA AEREA CASI ROTONDA DE GUADALUPE",
        "tipo secc.": "XS",
        "tension": "13.2",
        "LOCALIDAD": "FORMOSA"
      }
    },
    {
      "type": "Feature",
      "geometry": {
        "type": "Point",
        "coordinates": [
          -58.1910941627,
          -26.1830259854
        ]
      },
      "properties": {
        "numero": "EM2-FMA-179",
        "ubicacion": "TRINIDAD GONZALES S/N (FRENTE A COMISARIA GUADALUPE)",
        "tipo secc.": "XS",
        "tension": "13.2",
        "LOCALIDAD": "FORMOSA"
      }
    },
    {
      "type": "Feature",
      "geometry": {
        "type": "Point",
        "coordinates": [
          -58.1922475209163,
          -26.1883466644782
        ]
      },
      "properties": {
        "numero": "EM2-FMA-175",
        "ubicacion": "FUERZA AEREA CASI SAAVEDRA",
        "tipo secc.": "A CUERNO",
        "tension": "13.2",
        "LOCALIDAD": "FORMOSA"
      }
    },
    {
      "type": "Feature",
      "geometry": {
        "type": "Point",
        "coordinates": [
          -58.192522940415,
          -26.1887139530636
        ]
      },
      "properties": {
        "numero": "EM2-FMA-174",
        "ubicacion": "SAAVEDRA Y FZA. AEREA",
        "tipo secc.": "A CUERNO",
        "tension": "13.2",
        "LOCALIDAD": "FORMOSA"
      }
    },
    {
      "type": "Feature",
      "geometry": {
        "type": "Point",
        "coordinates": [
          -60.658143,
          -24.501514
        ]
      },
      "properties": {
        "numero": "EM1-S/N",
        "ubicacion": "C.D. PALMAR LARGO",
        "tipo secc.": "A CUERNOS",
        "tension": "33",
        "LOCALIDAD": "PALMAR LARGO"
      }
    },
    {
      "type": "Feature",
      "geometry": {
        "type": "Point",
        "coordinates": [
          -58.8213223670044,
          -26.4978220915644
        ]
      },
      "properties": {
        "numero": "EM2-",
        "ubicacion": "SALIDA C.D. KM 100",
        "tipo secc.": "XS",
        "tension": "13.2",
        "LOCALIDAD": "VILLA ESCOLAR"
      }
    },
    {
      "type": "Feature",
      "geometry": {
        "type": "Point",
        "coordinates": [
          -58.5394594838284,
          -26.7086032869207
        ]
      },
      "properties": {
        "numero": "EM2-MAN-S/N",
        "ubicacion": "SALIDA C.D. COLONIA CANO",
        "tipo secc.": "XS",
        "tension": "13.2"
      }
    },
    {
      "type": "Feature",
      "geometry": {
        "type": "Point",
        "coordinates": [
          -58.539455956383,
          -26.7086070682175
        ]
      },
      "properties": {
        "numero": "EM2-MAN-S/N",
        "ubicacion": "SALIDA C.D. COLONIA CANO",
        "tipo secc.": "XS",
        "tension": "13.2"
      }
    },
    {
      "type": "Feature",
      "geometry": {
        "type": "Point",
        "coordinates": [
          -60.0674429454405,
          -25.4915110138958
        ]
      },
      "properties": {
        "numero": "EM2-PER-004",
        "ubicacion": "RUTA PROV. N° 9 COLONIA MEDIA LUNA",
        "tipo secc.": "XS",
        "tension": "7.62",
        "LOCALIDAD": "SUBTENIENTE PERIN"
      }
    },
    {
      "type": "Feature",
      "geometry": {
        "type": "Point",
        "coordinates": [
          -60.0263166157624,
          -25.5485157678075
        ]
      },
      "properties": {
        "numero": "EM2-PER-003",
        "ubicacion": "RUTA NAC. N°95 Y RUTA PROV. N°9",
        "tipo secc.": "XS",
        "tension": "13.2",
        "LOCALIDAD": "SUBTENIENTE PERIN"
      }
    },
    {
      "type": "Feature",
      "geometry": {
        "type": "Point",
        "coordinates": [
          -59.846499,
          -25.207893
        ]
      },
      "properties": {
        "numero": "EM2-IBA-003",
        "ubicacion": "IRIGOYEN Y  RUTA NACIONA N° 81",
        "tipo secc.": "CUCHILLA",
        "tension": "13.2",
        "LOCALIDAD": "IBARRETA"
      }
    },
    {
      "type": "Feature",
      "geometry": {
        "type": "Point",
        "coordinates": [
          -59.8549137465463,
          -25.2181657933946
        ]
      },
      "properties": {
        "numero": "EM2-IBA-004",
        "ubicacion": "IRIGOYEN Y JORGE NEWBERY",
        "tipo secc.": "A CUERNOS",
        "tension": "13.2",
        "LOCALIDAD": "IBARRETA"
      }
    },
    {
      "type": "Feature",
      "geometry": {
        "type": "Point",
        "coordinates": [
          -59.854743,
          -25.202907
        ]
      },
      "properties": {
        "numero": "EM2-IBA-005",
        "ubicacion": "EUGENIO WAZNIUK Y RUTA NACIONA N° 81",
        "tipo secc.": "CUCHILLA",
        "tension": "13.2",
        "LOCALIDAD": "IBARRETA"
      }
    },
    {
      "type": "Feature",
      "geometry": {
        "type": "Point",
        "coordinates": [
          -59.8629073473678,
          -25.2127672916425
        ]
      },
      "properties": {
        "numero": "EM2-IBA-006",
        "ubicacion": "EUGENIO WAZNIUK Y JORGE NEWBERY",
        "tipo secc.": "A CUERNOS",
        "tension": "13.2",
        "LOCALIDAD": "IBARRETA"
      }
    },
    {
      "type": "Feature",
      "geometry": {
        "type": "Point",
        "coordinates": [
          -59.8607788061899,
          -25.2090383205801
        ]
      },
      "properties": {
        "numero": "EM2-IBA-007",
        "ubicacion": "BELGRANO Y RESISTENCIA",
        "tipo secc.": "XS",
        "tension": "13.2",
        "LOCALIDAD": "IBARRETA"
      }
    },
    {
      "type": "Feature",
      "geometry": {
        "type": "Point",
        "coordinates": [
          -59.854352856353,
          -25.2015650134024
        ]
      },
      "properties": {
        "numero": "EM2-IBA-008",
        "ubicacion": "RUTA NACIONA N° 81 Y EUGENIO WAZNIUK",
        "tipo secc.": "XS",
        "tension": "13.2",
        "LOCALIDAD": "IBARRETA"
      }
    },
    {
      "type": "Feature",
      "geometry": {
        "type": "Point",
        "coordinates": [
          -59.857877,
          -25.1605
        ]
      },
      "properties": {
        "numero": "EM2-IBA-009",
        "ubicacion": "TOMA DE AGUA",
        "tipo secc.": "XS",
        "tension": "7.62",
        "LOCALIDAD": "IBARRETA"
      }
    },
    {
      "type": "Feature",
      "geometry": {
        "type": "Point",
        "coordinates": [
          -58.2747513432602,
          -25.6926504554649
        ]
      },
      "properties": {
        "numero": "EM2-PAS-005",
        "ubicacion": "CAMINO PRINCIPAL AL FONDO",
        "tipo secc.": "XS",
        "tension": "7.62",
        "LOCALIDAD": "PASTORIL"
      }
    },
    {
      "type": "Feature",
      "geometry": {
        "type": "Point",
        "coordinates": [
          -61.9813740626,
          -23.3211725391
        ]
      },
      "properties": {
        "numero": "EM2-PL-",
        "ubicacion": "DESVIO A QUEBRACHO",
        "tipo secc.": "XS",
        "tension": "13.2 KV",
        "LOCALIDAD": "PALMAR LARGO"
      }
    },
    {
      "type": "Feature",
      "geometry": {
        "type": "Point",
        "coordinates": [
          -62.0103475358,
          -23.2595453504
        ]
      },
      "properties": {
        "numero": "EM2-PL-",
        "ubicacion": "CAMINO A DIVISADERO",
        "tipo secc.": "XS",
        "tension": "13.2 KV",
        "LOCALIDAD": "PALMAR LARGO"
      }
    },
    {
      "type": "Feature",
      "geometry": {
        "type": "Point",
        "coordinates": [
          -62.0128575806,
          -23.2536698878
        ]
      },
      "properties": {
        "numero": "EM2-PL-",
        "ubicacion": "ACCESO A LA BREA",
        "tipo secc.": "XS",
        "tension": "13.2 KV",
        "LOCALIDAD": "PALMAR LARGO"
      }
    },
    {
      "type": "Feature",
      "geometry": {
        "type": "Point",
        "coordinates": [
          -62.3004879379355,
          -23.1876877677733
        ]
      },
      "properties": {
        "numero": "EM2-PL-",
        "ubicacion": "EL CHORRO",
        "tipo secc.": "BAJO CARGA",
        "tension": "13.2 KV",
        "LOCALIDAD": "EL CHORRO"
      }
    },
    {
      "type": "Feature",
      "geometry": {
        "type": "Point",
        "coordinates": [
          -62.0981808286,
          -23.1031677872
        ]
      },
      "properties": {
        "numero": "EM2-PL-",
        "ubicacion": "ACCESO A PARAJE LAS ABEJITAS",
        "tipo secc.": "XS",
        "tension": "13.2 KV",
        "LOCALIDAD": "EL POTRILLO"
      }
    },
    {
      "type": "Feature",
      "geometry": {
        "type": "Point",
        "coordinates": [
          -62.2980232931669,
          -23.1809139143255
        ]
      },
      "properties": {
        "numero": "EM2-PL-",
        "ubicacion": "EL CHORRO",
        "tipo secc.": "XS",
        "tension": "13.2 KV",
        "LOCALIDAD": "EL CHORRO"
      }
    },
    {
      "type": "Feature",
      "geometry": {
        "type": "Point",
        "coordinates": [
          -62.2062282564258,
          -23.2487030885503
        ]
      },
      "properties": {
        "numero": "EM2-PL-",
        "ubicacion": "CAMINO A EL CHORRO",
        "tipo secc.": "XS",
        "tension": "7.62 KV",
        "LOCALIDAD": "PALMAR LARGO"
      }
    },
    {
      "type": "Feature",
      "geometry": {
        "type": "Point",
        "coordinates": [
          -58.8789972593,
          -25.8551004133
        ]
      },
      "properties": {
        "numero": "EM2-GGU-002",
        "ubicacion": "RUTA PROVINCIAL N° 16 (ACCESO AL PUEBLO)",
        "tipo secc.": "A CUERNO",
        "tension": "13.2",
        "LOCALIDAD": "GRAN GUARDIA"
      }
    },
    {
      "type": "Feature",
      "geometry": {
        "type": "Point",
        "coordinates": [
          -58.8713642769,
          -25.8088385804
        ]
      },
      "properties": {
        "numero": "EM2-GGU-001",
        "ubicacion": "RUTA NACIONAL N° 81 Y RUTA PROVINCIAL N° 16",
        "tipo secc.": "A CUERNO",
        "tension": "13.2",
        "LOCALIDAD": "GRAN GUARDIA"
      }
    },
    {
      "type": "Feature",
      "geometry": {
        "type": "Point",
        "coordinates": [
          -58.2550648770807,
          -25.673753679688
        ]
      },
      "properties": {
        "numero": "EM2-PAS-015",
        "tipo secc.": "CUCHILLA",
        "tension": "13.2",
        "LOCALIDAD": "COLONIA PASTORIL"
      }
    },
    {
      "type": "Feature",
      "geometry": {
        "type": "Point",
        "coordinates": [
          -58.0713344614038,
          -25.8606738161164
        ]
      },
      "properties": {
        "numero": "EM2-PAS-016",
        "ubicacion": "SIBRE RNN° 1 - FRENTE A RANCHO GRANDE",
        "tipo secc.": "CUCHILLA",
        "tension": "13.2",
        "LOCALIDAD": "COLONIA PASTORIL"
      }
    },
    {
      "type": "Feature",
      "geometry": {
        "type": "Point",
        "coordinates": [
          -58.0857235011,
          -25.8830869961
        ]
      },
      "properties": {
        "numero": "EM2-PAS-017",
        "ubicacion": "CRUCE RPN° 2 Y RNN° 11 - CAÑADA 12",
        "tipo secc.": "XS",
        "tension": "13.2",
        "LOCALIDAD": "COLONIA PASTORIL"
      }
    },
    {
      "type": "Feature",
      "geometry": {
        "type": "Point",
        "coordinates": [
          -58.2706876179408,
          -25.6932880726678
        ]
      },
      "properties": {
        "numero": "EM2-PAS-004",
        "ubicacion": "CAMINO PRINCIPAL AL FONDO",
        "tipo secc.": "XS",
        "tension": "7.62",
        "LOCALIDAD": "PASTORIL"
      }
    },
    {
      "type": "Feature",
      "geometry": {
        "type": "Point",
        "coordinates": [
          -58.208409937454,
          -25.7275245577942
        ]
      },
      "properties": {
        "numero": "EM2-PAS-019",
        "tipo secc.": "CUCHILLA",
        "tension": "13.2",
        "LOCALIDAD": "COLONIA PASTORIL"
      }
    },
    {
      "type": "Feature",
      "geometry": {
        "type": "Point",
        "coordinates": [
          -58.308711780675,
          -26.4822065258901
        ]
      },
      "properties": {
        "numero": "EM2-HER-004",
        "tipo secc.": "XS",
        "tension": "13.2",
        "LOCALIDAD": "HERRADURA"
      }
    },
    {
      "type": "Feature",
      "geometry": {
        "type": "Point",
        "coordinates": [
          -58.3067165257665,
          -26.4780120870094
        ]
      },
      "properties": {
        "numero": "EM2-HER-005",
        "ubicacion": null,
        "tipo secc.": "XS",
        "tension": "13.2",
        "LOCALIDAD": "HERRADURA"
      }
    },
    {
      "type": "Feature",
      "geometry": {
        "type": "Point",
        "coordinates": [
          -58.3105201371421,
          -26.4838889790902
        ]
      },
      "properties": {
        "numero": "EM2-HER-006",
        "tipo secc.": "XS",
        "tension": "13.2",
        "LOCALIDAD": "HERRADURA"
      }
    },
    {
      "type": "Feature",
      "geometry": {
        "type": "Point",
        "coordinates": [
          -58.3135371719,
          -26.4827914829
        ]
      },
      "properties": {
        "numero": "EM2-HER-007",
        "tipo secc.": "XS",
        "tension": "13.2",
        "LOCALIDAD": "HERRADURA"
      }
    },
    {
      "type": "Feature",
      "geometry": {
        "type": "Point",
        "coordinates": [
          -58.3113791813313,
          -26.4904781119019
        ]
      },
      "properties": {
        "numero": "EM2-HER-008",
        "tipo secc.": "XS",
        "tension": "13.2",
        "LOCALIDAD": "HERRADURA"
      }
    },
    {
      "type": "Feature",
      "geometry": {
        "type": "Point",
        "coordinates": [
          -58.5167981374897,
          -25.212670229314
        ]
      },
      "properties": {
        "numero": "EM1-S/N",
        "ubicacion": "FRENTE A C.D. TRES LAGUNAS",
        "tipo secc.": "A CUCHILA",
        "tension": "33",
        "LOCALIDAD": "TRES LAGUNAS"
      }
    },
    {
      "type": "Feature",
      "geometry": {
        "type": "Point",
        "coordinates": [
          -58.253916,
          -25.123168
        ]
      },
      "properties": {
        "numero": "EM2-LBL-001",
        "ubicacion": "FRAY ALDO BOLLINI Y MIGUEL INSFRAN",
        "tipo secc.": "CUCHILLA",
        "tension": "13.2",
        "LOCALIDAD": "LAGUNA BLANCA"
      }
    },
    {
      "type": "Feature",
      "geometry": {
        "type": "Point",
        "coordinates": [
          -58.247261,
          -25.114555
        ]
      },
      "properties": {
        "numero": "EM2-LBL-003",
        "tipo secc.": "XS",
        "tension": "7.62",
        "LOCALIDAD": "LAGUNA BLANCA"
      }
    },
    {
      "type": "Feature",
      "geometry": {
        "type": "Point",
        "coordinates": [
          -58.2469887628686,
          -25.1139007132908
        ]
      },
      "properties": {
        "numero": "EM2-LBL-004",
        "tipo secc.": "XS",
        "tension": "7.62",
        "LOCALIDAD": "LAGUNA BLANCA"
      }
    },
    {
      "type": "Feature",
      "geometry": {
        "type": "Point",
        "coordinates": [
          -58.242895,
          -25.104977
        ]
      },
      "properties": {
        "numero": "EM2-LBL-005",
        "tipo secc.": "XS",
        "tension": "7.62",
        "LOCALIDAD": "LAGUNA BLANCA"
      }
    },
    {
      "type": "Feature",
      "geometry": {
        "type": "Point",
        "coordinates": [
          -58.250182,
          -25.129681
        ]
      },
      "properties": {
        "numero": "EM2-LBL-006",
        "ubicacion": "AV. SAN MARTIN Y HERNANDEZ",
        "tipo secc.": "CUCHILLA",
        "tension": "13.2",
        "LOCALIDAD": "LAGUNA BLANCA"
      }
    },
    {
      "type": "Feature",
      "geometry": {
        "type": "Point",
        "coordinates": [
          -58.2467753792764,
          -25.1310732470143
        ]
      },
      "properties": {
        "numero": "EM2-LBL-008",
        "ubicacion": "SAN MARTIN Y IRIGOYEN",
        "tipo secc.": "A CUERNOS",
        "tension": "13.2",
        "LOCALIDAD": "LAGUNA BLANCA"
      }
    },
    {
      "type": "Feature",
      "geometry": {
        "type": "Point",
        "coordinates": [
          -58.243084,
          -25.133224
        ]
      },
      "properties": {
        "numero": "EM2-LBL-009",
        "ubicacion": "AV. 25 DE MAYO Y BELGRANO",
        "tipo secc.": "CUCHILLA",
        "tension": "13.2",
        "LOCALIDAD": "LAGUNA BLANCA"
      }
    },
    {
      "type": "Feature",
      "geometry": {
        "type": "Point",
        "coordinates": [
          -58.2397784580268,
          -25.1380959206585
        ]
      },
      "properties": {
        "numero": "EM2-LBL-011",
        "ubicacion": "RUTA NACIONAL 86 Y FRANCISCO PALACIOS",
        "tipo secc.": "CUCHILLAS",
        "tension": "13.2",
        "LOCALIDAD": "LAGUNA BLANCA"
      }
    },
    {
      "type": "Feature",
      "geometry": {
        "type": "Point",
        "coordinates": [
          -58.2249508286866,
          -25.1377892924487
        ]
      },
      "properties": {
        "numero": "EM2-LBL-013",
        "ubicacion": "CAMINO A PARQUE PILCOMAYO",
        "tipo secc.": "XS",
        "tension": "7.62",
        "LOCALIDAD": "LAGUNA BLANCA"
      }
    },
    {
      "type": "Feature",
      "geometry": {
        "type": "Point",
        "coordinates": [
          -58.2247945282451,
          -25.1378364581161
        ]
      },
      "properties": {
        "numero": "EM2-LBL-012",
        "ubicacion": "CAMINO A PARQUE PILCOMAYO",
        "tipo secc.": "XS",
        "tension": "7.62",
        "LOCALIDAD": "LAGUNA BLANCA"
      }
    },
    {
      "type": "Feature",
      "geometry": {
        "type": "Point",
        "coordinates": [
          -59.103336,
          -25.743218
        ]
      },
      "properties": {
        "numero": "EM2-PIR-005",
        "ubicacion": "PELLEGRINI Y FACUNDO QUIROGA",
        "tipo secc.": "A CUCHILLA",
        "tension": "13.2",
        "LOCALIDAD": "PIRANE"
      }
    },
    {
      "type": "Feature",
      "geometry": {
        "type": "Point",
        "coordinates": [
          -59.104731,
          -25.739548
        ]
      },
      "properties": {
        "numero": "EM2-PIR-004",
        "ubicacion": "VICENTE LOPEZ Y PLANES Y JUAN MANUEL DE ROSAS",
        "tipo secc.": "A CUCHILLA",
        "tension": "13.2",
        "LOCALIDAD": "PIRANE"
      }
    },
    {
      "type": "Feature",
      "geometry": {
        "type": "Point",
        "coordinates": [
          -59.3669643238791,
          -25.6058584834187
        ]
      },
      "properties": {
        "numero": "EM2-PSA-004",
        "ubicacion": "RUTA PROVINCIAL 23",
        "tipo secc.": "XS TRIFASICO",
        "tension": "7.62",
        "LOCALIDAD": "PALO SANTO"
      }
    },
    {
      "type": "Feature",
      "geometry": {
        "type": "Point",
        "coordinates": [
          -59.102359,
          -25.733048
        ]
      },
      "properties": {
        "numero": "EM2-PIR-010",
        "ubicacion": "JORGE NEWBERY Y SAN LORENZO",
        "tipo secc.": "A CUERNOS",
        "tension": "13.2",
        "LOCALIDAD": "PIRANE"
      }
    },
    {
      "type": "Feature",
      "geometry": {
        "type": "Point",
        "coordinates": [
          -59.117583,
          -25.730158
        ]
      },
      "properties": {
        "numero": "EM2-PIR-001",
        "ubicacion": "EVA PERON ENTRE JUAN BAUTISTA ALBERDI Y CORRIENTES",
        "tipo secc.": "A CUCHILLA",
        "tension": "13.2",
        "LOCALIDAD": "PIRANE"
      }
    },
    {
      "type": "Feature",
      "geometry": {
        "type": "Point",
        "coordinates": [
          -59.133569,
          -25.717878
        ]
      },
      "properties": {
        "numero": "EM2-PIR-015",
        "ubicacion": "CAMINO A ZAPLA",
        "tipo secc.": "XS",
        "tension": "13.2",
        "LOCALIDAD": "PIRANE"
      }
    },
    {
      "type": "Feature",
      "geometry": {
        "type": "Point",
        "coordinates": [
          -59.244051,
          -25.704048
        ]
      },
      "properties": {
        "numero": "EM2-PIR-016",
        "ubicacion": "CAMINO A PALO SANTO",
        "tipo secc.": "XS",
        "tension": "7.62",
        "LOCALIDAD": "PIRANE"
      }
    },
    {
      "type": "Feature",
      "geometry": {
        "type": "Point",
        "coordinates": [
          -59.117782,
          -25.760205
        ]
      },
      "properties": {
        "numero": "EM2-PIR-014",
        "ubicacion": "SOBRE RUTA N° 3",
        "tipo secc.": "XS",
        "tension": "13.2",
        "LOCALIDAD": "PIRANE"
      }
    },
    {
      "type": "Feature",
      "geometry": {
        "type": "Point",
        "coordinates": [
          -59.123765,
          -25.768132
        ]
      },
      "properties": {
        "numero": "EM2-PIR-013",
        "ubicacion": "SOBRE RUTA N° 3",
        "tipo secc.": "XS",
        "tension": "7.62",
        "LOCALIDAD": "PIRANE"
      }
    },
    {
      "type": "Feature",
      "geometry": {
        "type": "Point",
        "coordinates": [
          -59.455793,
          -25.470103
        ]
      },
      "properties": {
        "numero": "EM2-PSA-003",
        "ubicacion": "RUTA NACIONAL N° 81 - A LA ALTURA DE COLONIA ABORIGEN BARTOLOME DE LAS CASAS",
        "tipo secc.": "A CUERNOS",
        "tension": "13.2",
        "LOCALIDAD": "PALO SANTO"
      }
    },
    {
      "type": "Feature",
      "geometry": {
        "type": "Point",
        "coordinates": [
          -59.872694,
          -25.239794
        ]
      },
      "properties": {
        "numero": "EM2-IBA-011",
        "ubicacion": "N. HAMERNIK",
        "tipo secc.": "XS",
        "tension": "13.2",
        "LOCALIDAD": "IBARRETA"
      }
    },
    {
      "type": "Feature",
      "geometry": {
        "type": "Point",
        "coordinates": [
          -59.937846,
          -25.332264
        ]
      },
      "properties": {
        "numero": "EM2-IBA-010",
        "ubicacion": "DERIVACION AL ESCONDIDO",
        "tipo secc.": "XS",
        "tension": "13.2",
        "LOCALIDAD": "IBARRETA"
      }
    },
    {
      "type": "Feature",
      "geometry": {
        "type": "Point",
        "coordinates": [
          -58.1842282966,
          -26.1859684324
        ]
      },
      "properties": {
        "numero": "EM2-FMA-118",
        "ubicacion": "SAAVEDRA N°1675 (ESQUINA P. GOMEZ)",
        "tipo secc.": "A CUERNOS",
        "tension": "13.2",
        "LOCALIDAD": "FORMOSA"
      }
    },
    {
      "type": "Feature",
      "geometry": {
        "type": "Point",
        "coordinates": [
          -58.1778223953,
          -26.1838912125
        ]
      },
      "properties": {
        "numero": "EM2-FMA-160",
        "ubicacion": "SAAVEDRA ESQUINA J.A. ROCA",
        "tipo secc.": "A CUERNOS",
        "tension": "13.2",
        "LOCALIDAD": "FORMOSA"
      }
    },
    {
      "type": "Feature",
      "geometry": {
        "type": "Point",
        "coordinates": [
          -58.1770736845,
          -26.1836469138
        ]
      },
      "properties": {
        "numero": "EM2-FMA-161",
        "ubicacion": "SAAVEDRA (ENTRE SARMIENTO Y J.A. ROCA)",
        "tipo secc.": "A CUERNOS",
        "tension": "13.2",
        "LOCALIDAD": "FORMOSA"
      }
    },
    {
      "type": "Feature",
      "geometry": {
        "type": "Point",
        "coordinates": [
          -58.1812385172,
          -26.1933741132
        ]
      },
      "properties": {
        "numero": "EM2-FMA-94",
        "ubicacion": "SALTA (ESQUINA P. GOMEZ)",
        "tipo secc.": "A CUERNOS",
        "tension": "13.2",
        "LOCALIDAD": "FORMOSA"
      }
    },
    {
      "type": "Feature",
      "geometry": {
        "type": "Point",
        "coordinates": [
          -58.1780099907,
          -26.1830240235
        ]
      },
      "properties": {
        "numero": "EM2-FMA-140",
        "ubicacion": "J.A. ROCA N°527 (ESQUINA PRINGLES)",
        "tipo secc.": "A CUERNOS",
        "tension": "13.2",
        "LOCALIDAD": "FORMOSA"
      }
    },
    {
      "type": "Feature",
      "geometry": {
        "type": "Point",
        "coordinates": [
          -58.1824861826,
          -26.1903136534
        ]
      },
      "properties": {
        "numero": "EM2-FMA-97",
        "ubicacion": "BRANDSEN (ESQUINA P. GOMEZ)",
        "tipo secc.": "BAJO CARGA",
        "tension": "13.2",
        "LOCALIDAD": "FORMOSA"
      }
    },
    {
      "type": "Feature",
      "geometry": {
        "type": "Point",
        "coordinates": [
          -58.1731655063,
          -26.1872833986
        ]
      },
      "properties": {
        "numero": "EM2-FMA-266",
        "ubicacion": "BRANDSEN Y AV. 9 DE JULIO",
        "tipo secc.": "XS",
        "tension": "13.2",
        "LOCALIDAD": "FORMOSA"
      }
    },
    {
      "type": "Feature",
      "geometry": {
        "type": "Point",
        "coordinates": [
          -58.172454993,
          -26.1865938069
        ]
      },
      "properties": {
        "numero": "EM2-FMA-544",
        "ubicacion": "FONTANA (ENTRE J.M. URIBURU Y BRANDSEN)",
        "tipo secc.": "XS",
        "tension": "13.2",
        "LOCALIDAD": "FORMOSA"
      }
    },
    {
      "type": "Feature",
      "geometry": {
        "type": "Point",
        "coordinates": [
          -58.1744552561,
          -26.191858864
        ]
      },
      "properties": {
        "numero": "EM2-FMA-138",
        "ubicacion": "J.A. ROCA N°1365 (ENTRE SALTA Y AYACUCHO)",
        "tipo secc.": "A CUERNOS",
        "tension": "13.2",
        "LOCALIDAD": "FORMOSA"
      }
    },
    {
      "type": "Feature",
      "geometry": {
        "type": "Point",
        "coordinates": [
          -58.2408929734958,
          -25.1258202428366
        ]
      },
      "properties": {
        "numero": "EM2-LBL-007",
        "ubicacion": "ALEM Y MARTIN GUEMES",
        "tipo secc.": "XS",
        "tension": "13.2",
        "LOCALIDAD": "LAGUNA BLANCA"
      }
    },
    {
      "type": "Feature",
      "geometry": {
        "type": "Point",
        "coordinates": [
          -58.255212371348,
          -25.1209197453874
        ]
      },
      "properties": {
        "numero": "EM2-LBL-",
        "ubicacion": "FRAY ALDO BOLLINI Y AV. NESTOR KIRCHNER",
        "tipo secc.": "XS TRIFASICO",
        "tension": "13.2",
        "LOCALIDAD": "LAGUNA BLANCA"
      }
    },
    {
      "type": "Feature",
      "geometry": {
        "type": "Point",
        "coordinates": [
          -58.1755596476,
          -26.1891141632
        ]
      },
      "properties": {
        "numero": "EM2-FMA-139",
        "ubicacion": "J.A. ROCA N°1085 (ESQUINA H. IRIGOYEN)",
        "tipo secc.": "BAJO CARGA",
        "tension": "13.2",
        "LOCALIDAD": "FORMOSA"
      }
    },
    {
      "type": "Feature",
      "geometry": {
        "type": "Point",
        "coordinates": [
          -58.1757818728409,
          -26.1853640996295
        ]
      },
      "properties": {
        "numero": "EM2-FMA-619",
        "ubicacion": "SARMIENTO Y 25 DE MAYO - EDIFICIO LEGISLATURA",
        "tipo secc.": "A CUCHILLA",
        "tension": "13.2",
        "LOCALIDAD": "FORMOSA"
      }
    },
    {
      "type": "Feature",
      "geometry": {
        "type": "Point",
        "coordinates": [
          -58.830049,
          -24.979149
        ]
      },
      "properties": {
        "numero": "EM2-TAC-001",
        "ubicacion": "SOBRE CALLE BAIGORRIA",
        "tipo secc.": "A CUERNO",
        "tension": "13.2",
        "LOCALIDAD": "MISION TACAAGLE"
      }
    },
    {
      "type": "Feature",
      "geometry": {
        "type": "Point",
        "coordinates": [
          -58.8258640851672,
          -24.9593653282609
        ]
      },
      "properties": {
        "numero": "EM2-TAC-003",
        "ubicacion": "RUTA NACIONAL 86",
        "tipo secc.": "XS",
        "tension": "13.2",
        "LOCALIDAD": "MISION TACAAGLE"
      }
    },
    {
      "type": "Feature",
      "geometry": {
        "type": "Point",
        "coordinates": [
          -58.825821,
          -24.958983
        ]
      },
      "properties": {
        "numero": "EM2-TAC-002",
        "ubicacion": "ACCESO A BRUGUEZ",
        "tipo secc.": "XS",
        "tension": "13.2",
        "LOCALIDAD": "MISION TACAAGLE"
      }
    },
    {
      "type": "Feature",
      "geometry": {
        "type": "Point",
        "coordinates": [
          -58.824216,
          -24.876995
        ]
      },
      "properties": {
        "numero": "EM2-TAC-004",
        "ubicacion": "RUTA A BRUGUEZ",
        "tipo secc.": "XS",
        "tension": "7.62",
        "LOCALIDAD": "MISION TACAAGLE"
      }
    },
    {
      "type": "Feature",
      "geometry": {
        "type": "Point",
        "coordinates": [
          -58.803068,
          -24.81609
        ]
      },
      "properties": {
        "numero": "EM2-TAC-005",
        "tipo secc.": "XS",
        "tension": "13.2",
        "LOCALIDAD": "MISION TACAAGLE"
      }
    },
    {
      "type": "Feature",
      "geometry": {
        "type": "Point",
        "coordinates": [
          -60.844823,
          -23.936421
        ]
      },
      "properties": {
        "numero": "EM2-BAN-001",
        "ubicacion": "ACCESO A CAMPO",
        "tipo secc.": "XS",
        "tension": "7.62",
        "LOCALIDAD": "LA BANDERITA"
      }
    },
    {
      "type": "Feature",
      "geometry": {
        "type": "Point",
        "coordinates": [
          -60.8420550342492,
          -23.9453078916372
        ]
      },
      "properties": {
        "numero": "EM2-BAN-002",
        "ubicacion": "CAMINO A BAJO HONDO",
        "tipo secc.": "XS",
        "tension": "13.2",
        "LOCALIDAD": "LA BANDERITA"
      }
    },
    {
      "type": "Feature",
      "geometry": {
        "type": "Point",
        "coordinates": [
          -60.815118,
          -23.977697
        ]
      },
      "properties": {
        "numero": "EM2-BAN-003",
        "ubicacion": "ACCESO A CAMPO ALEGRE",
        "tipo secc.": "XS",
        "tension": "13.2",
        "LOCALIDAD": "LA BANDERITA"
      }
    },
    {
      "type": "Feature",
      "geometry": {
        "type": "Point",
        "coordinates": [
          -61.0569905490465,
          -23.7762668651973
        ]
      },
      "properties": {
        "numero": "EM1-MLU-001",
        "ubicacion": "RUTA NACIONAL 86",
        "tipo secc.": "A CUERNOS",
        "tension": "33KV",
        "LOCALIDAD": "MEDIA LUNA"
      }
    },
    {
      "type": "Feature",
      "geometry": {
        "type": "Point",
        "coordinates": [
          -59.955518,
          -25.132627
        ]
      },
      "properties": {
        "numero": "EM2-IBA-012",
        "ubicacion": "DERIVACION EN ZONA DE COLONIA JUANITA",
        "tipo secc.": "XS",
        "tension": "7.62"
      }
    },
    {
      "type": "Feature",
      "geometry": {
        "type": "Point",
        "coordinates": [
          -58.1918698517947,
          -26.1813117187493
        ]
      },
      "properties": {
        "numero": "EM2-FMA-134",
        "ubicacion": "AV. KIRCHNER Y TRINIDAD GONZALEZ",
        "tipo secc.": "A CUERNO",
        "tension": "13.2",
        "LOCALIDAD": "FORMOSA"
      }
    },
    {
      "type": "Feature",
      "geometry": {
        "type": "Point",
        "coordinates": [
          -58.2078329595,
          -26.1986904518
        ]
      },
      "properties": {
        "numero": "EM2-FMA-171",
        "tipo secc.": "BAJO CARGA",
        "tension": "13.2",
        "LOCALIDAD": "FORMOSA"
      }
    },
    {
      "type": "Feature",
      "geometry": {
        "type": "Point",
        "coordinates": [
          -58.2189282657389,
          -26.1994187497042
        ]
      },
      "properties": {
        "numero": "EM2-FMA-258",
        "ubicacion": "TASSONE Y ARTURO ILLIA",
        "tipo secc.": "A CUERNOS",
        "tension": "13.2",
        "LOCALIDAD": "FORMOSA"
      }
    },
    {
      "type": "Feature",
      "geometry": {
        "type": "Point",
        "coordinates": [
          -58.3018446996661,
          -26.4978915667574
        ]
      },
      "properties": {
        "numero": "EM2-HER-S/N",
        "ubicacion": "RUTA PROV. N°1 (CAMINO A LA PLAYA)",
        "tipo secc.": "XS",
        "tension": "7.62",
        "LOCALIDAD": "HERRADURA"
      }
    },
    {
      "type": "Feature",
      "geometry": {
        "type": "Point",
        "coordinates": [
          -58.3014469507296,
          -26.4992435520002
        ]
      },
      "properties": {
        "numero": "EM2-HER-S/N",
        "ubicacion": "SOBRE RUTA PROV. N°1 (CAMINO A LA PLAYA)",
        "tipo secc.": "XS",
        "tension": "7.62"
      }
    },
    {
      "type": "Feature",
      "geometry": {
        "type": "Point",
        "coordinates": [
          -58.2255001084,
          -26.2016550847
        ]
      },
      "properties": {
        "numero": "EM2-FMA-259",
        "ubicacion": "AV. ARTURO ILLIA S/N - SAGRADO CORAZON",
        "tipo secc.": "A CUERNO",
        "tension": "13.2",
        "LOCALIDAD": "FORMOSA"
      }
    },
    {
      "type": "Feature",
      "geometry": {
        "type": "Point",
        "coordinates": [
          -58.231738583,
          -26.2155287936
        ]
      },
      "properties": {
        "numero": "EM2-FMA-260",
        "ubicacion": "ACOMETIDA A SETIN AEROPUERTO",
        "tipo secc.": "XS",
        "tension": "13.2",
        "LOCALIDAD": "FORMOSA"
      }
    },
    {
      "type": "Feature",
      "geometry": {
        "type": "Point",
        "coordinates": [
          -58.20588130446,
          -26.2052656881547
        ]
      },
      "properties": {
        "numero": "EM2-FMA-61",
        "ubicacion": "AV. NAP. URIBURU Y STA. MARIA DE ORO",
        "tipo secc.": "A CUERNOS",
        "tension": "13.2",
        "LOCALIDAD": "FORMOSA"
      }
    },
    {
      "type": "Feature",
      "geometry": {
        "type": "Point",
        "coordinates": [
          -58.2094568616,
          -26.2051397038
        ]
      },
      "properties": {
        "numero": "EM2-FMA-136",
        "ubicacion": "AVELLANEDA Y PARAGUAY",
        "tipo secc.": "BAJO CARGA",
        "tension": "13.2",
        "LOCALIDAD": "FORMOSA"
      }
    },
    {
      "type": "Feature",
      "geometry": {
        "type": "Point",
        "coordinates": [
          -58.2107718551,
          -26.2030834182
        ]
      },
      "properties": {
        "numero": "EM2-FMA-62",
        "ubicacion": "SALTA Y AVELLANEDA",
        "tipo secc.": "CUCHILLA",
        "tension": "13.2",
        "LOCALIDAD": "FORMOSA"
      }
    },
    {
      "type": "Feature",
      "geometry": {
        "type": "Point",
        "coordinates": [
          -58.2098392291494,
          -26.2049565021879
        ]
      },
      "properties": {
        "numero": "EM2-FMA-515",
        "ubicacion": "AVELLANEDA Y PARAGUAY",
        "tipo secc.": "CUCHILLA",
        "tension": "13.2",
        "LOCALIDAD": "FORMOSA"
      }
    },
    {
      "type": "Feature",
      "geometry": {
        "type": "Point",
        "coordinates": [
          -58.14636624805,
          -26.1328376441671
        ]
      },
      "properties": {
        "numero": "EM2-FMA-328",
        "ubicacion": "MZ 42 - Bº 20 DE JUNIO",
        "tipo secc.": "XS",
        "tension": "13.2",
        "LOCALIDAD": "FORMOSA"
      }
    },
    {
      "type": "Feature",
      "geometry": {
        "type": "Point",
        "coordinates": [
          -58.1515233161064,
          -26.1294482185921
        ]
      },
      "properties": {
        "numero": "EM2-FMA-246",
        "ubicacion": "MZ 17 - Bº 20 DE JUNIO",
        "tipo secc.": "A CUERNOS",
        "tension": "13.2",
        "LOCALIDAD": "FORMOSA"
      }
    },
    {
      "type": "Feature",
      "geometry": {
        "type": "Point",
        "coordinates": [
          -58.1461941286673,
          -26.1333492867154
        ]
      },
      "properties": {
        "numero": "EM2-FMA-528",
        "ubicacion": "MZ 48 - Bº 20 DE JUNIO",
        "tipo secc.": "XS",
        "tension": "13.2",
        "LOCALIDAD": "FORMOSA"
      }
    },
    {
      "type": "Feature",
      "geometry": {
        "type": "Point",
        "coordinates": [
          -58.148205803424,
          -26.1356686543411
        ]
      },
      "properties": {
        "numero": "EM2-FMA-524",
        "ubicacion": "MZ 60 - Bº 20 DE JUNIO",
        "tipo secc.": "XS",
        "tension": "13.2",
        "LOCALIDAD": "FORMOSA"
      }
    },
    {
      "type": "Feature",
      "geometry": {
        "type": "Point",
        "coordinates": [
          -58.1477514259375,
          -26.130379254773
        ]
      },
      "properties": {
        "numero": "EM2-FMA-527",
        "ubicacion": "MZ 22 - Bº 20 DE JUNIO",
        "tipo secc.": "XS",
        "tension": "13.2",
        "LOCALIDAD": "FORMOSA"
      }
    },
    {
      "type": "Feature",
      "geometry": {
        "type": "Point",
        "coordinates": [
          -58.1488551414784,
          -26.1339307201367
        ]
      },
      "properties": {
        "numero": "EM2-FMA-327",
        "ubicacion": "MZ 44 - Bº 20 DE JUNIO",
        "tipo secc.": "XS",
        "tension": "13.2",
        "LOCALIDAD": "FORMOSA"
      }
    },
    {
      "type": "Feature",
      "geometry": {
        "type": "Point",
        "coordinates": [
          -58.1766328981,
          -26.1864467649
        ]
      },
      "properties": {
        "numero": "EM2-FMA-457",
        "ubicacion": "AV. 25 DE MAYO Y J.A. ROCA",
        "tipo secc.": "XS",
        "tension": "13.2",
        "LOCALIDAD": "FORMOSA"
      }
    },
    {
      "type": "Feature",
      "geometry": {
        "type": "Point",
        "coordinates": [
          -58.1762149389491,
          -26.1843468978405
        ]
      },
      "properties": {
        "numero": "EM2-FMA-618",
        "ubicacion": "SARMIENTO ENTRE SAAVEDRA Y ESPAÑA",
        "tipo secc.": "A CUCHILLA",
        "tension": "13.2",
        "LOCALIDAD": "FORMOSA"
      }
    },
    {
      "type": "Feature",
      "geometry": {
        "type": "Point",
        "coordinates": [
          -59.1130009261324,
          -25.7534568102409
        ]
      },
      "properties": {
        "numero": "EM2-PIR-007",
        "ubicacion": "SOBRE RUTA N° 3",
        "tipo secc.": "A CUCHILLA",
        "tension": "13.2",
        "LOCALIDAD": "PIRANE"
      }
    },
    {
      "type": "Feature",
      "geometry": {
        "type": "Point",
        "coordinates": [
          -59.106498,
          -25.724021
        ]
      },
      "properties": {
        "numero": "EM2-PIR-009",
        "ubicacion": "JUAN BAUTISTA ALBERDI Y 25 DE MAYO",
        "tipo secc.": "A CUCHILLA",
        "tension": "13.2",
        "LOCALIDAD": "PIRANE"
      }
    },
    {
      "type": "Feature",
      "geometry": {
        "type": "Point",
        "coordinates": [
          -58.3190157890925,
          -26.4825309096809
        ]
      },
      "properties": {
        "numero": "EM2-HER-011",
        "tipo secc.": "XS",
        "tension": "7.62",
        "LOCALIDAD": "HERRADURA"
      }
    },
    {
      "type": "Feature",
      "geometry": {
        "type": "Point",
        "coordinates": [
          -58.216865251527,
          -26.1930928474887
        ]
      },
      "properties": {
        "numero": "EM2-FMA-624",
        "ubicacion": "JUAN JOSE SILVA Y JUAN LUIZ DIAZ",
        "tipo secc.": "A CUERNOS",
        "tension": "13.2",
        "LOCALIDAD": "FORMOSA"
      }
    },
    {
      "type": "Feature",
      "geometry": {
        "type": "Point",
        "coordinates": [
          -58.629783605366,
          -26.6467886398072
        ]
      },
      "properties": {
        "numero": "EM2-MAN-005",
        "ubicacion": "SOBRE RUTA NÂº 9",
        "tipo secc.": "XS",
        "tension": "13.2"
      }
    },
    {
      "type": "Feature",
      "geometry": {
        "type": "Point",
        "coordinates": [
          -58.1820724258,
          -26.1937421942
        ]
      },
      "properties": {
        "numero": "EM2-FMA-95",
        "ubicacion": "SALTA Y AV. P. GOMEZ",
        "tipo secc.": "A CUERNOS",
        "tension": "13.2",
        "LOCALIDAD": "FORMOSA"
      }
    },
    {
      "type": "Feature",
      "geometry": {
        "type": "Point",
        "coordinates": [
          -59.4597484906994,
          -24.7523244770881
        ]
      },
      "properties": {
        "numero": "EM2-GUE-009",
        "tipo secc.": "XS",
        "tension": "13.2",
        "LOCALIDAD": "GENERAL GUEMES"
      }
    },
    {
      "type": "Feature",
      "geometry": {
        "type": "Point",
        "coordinates": [
          -59.4538511815134,
          -24.753878092584
        ]
      },
      "properties": {
        "numero": "EM2-GUE-010",
        "tipo secc.": "XS",
        "tension": "13.2",
        "LOCALIDAD": "GENERAL GUEMES"
      }
    },
    {
      "type": "Feature",
      "geometry": {
        "type": "Point",
        "coordinates": [
          -59.4489228101882,
          -24.7552665331949
        ]
      },
      "properties": {
        "numero": "EM2-GUE-011",
        "tipo secc.": "XS",
        "tension": "13.2",
        "LOCALIDAD": "GENERAL GUEMES"
      }
    },
    {
      "type": "Feature",
      "geometry": {
        "type": "Point",
        "coordinates": [
          -58.1438791101429,
          -26.132465054076
        ]
      },
      "properties": {
        "numero": "EM2-FMA-329",
        "ubicacion": "MZ 51 - Bº 20 DE JUNIO",
        "tipo secc.": "XS",
        "tension": "13.2",
        "LOCALIDAD": "FORMOSA"
      }
    },
    {
      "type": "Feature",
      "geometry": {
        "type": "Point",
        "coordinates": [
          -58.2237389234589,
          -26.1953492136594
        ]
      },
      "properties": {
        "numero": "EM2-FMA-637",
        "ubicacion": "JUAN JOSE SILVA Y AV. 12 DE OCTUBRE",
        "tipo secc.": "A CUCHILLA",
        "tension": "13.2",
        "LOCALIDAD": "FORMOSA"
      }
    },
    {
      "type": "Feature",
      "geometry": {
        "type": "Point",
        "coordinates": [
          -59.4656383222372,
          -24.7508150103621
        ]
      },
      "properties": {
        "numero": "EM2-GUE-008",
        "tipo secc.": "XS",
        "tension": "13.2",
        "LOCALIDAD": "GENERAL GUEMES"
      }
    }
  ]
}