{
  "type": "FeatureCollection",
  "features": [
    {
      "type": "Feature",
      "geometry": {
        "type": "LineString",
        "coordinates": [
          [
            -58.2377481544793,
            -26.1764133696246
          ],
          [
            -58.2477970786434,
            -26.1796675201223
          ],
          [
            -58.2484505944242,
            -26.1798890888288
          ],
          [
            -58.2501873349924,
            -26.1804284631547
          ],
          [
            -58.2510064677862,
            -26.1807037454871
          ],
          [
            -58.2518658857993,
            -26.1809790278194
          ],
          [
            -58.2533474866449,
            -26.181469164655
          ],
          [
            -58.2541129058129,
            -26.1817332566487
          ],
          [
            -58.2613552930278,
            -26.1841710719372
          ],
          [
            -58.2649406775514,
            -26.175140468596
          ],
          [
            -58.2652495308998,
            -26.1743750494281
          ],
          [
            -58.2683201598426,
            -26.1666928819018
          ]
        ]
      },
      "properties": {
        "id": 1,
        "kml_id": 45901,
        "tension": "13.2",
        "n_distribu": "1102",
        "localidad": "FORMOSA",
        "material": "AL/AL",
        "seccion": "35",
        "depto": "FORMOSA",
        "length_km": 4.5728,
        "num_points": 12
      }
    },
    {
      "type": "Feature",
      "geometry": {
        "type": "LineString",
        "coordinates": [
          [
            -58.267943045428,
            -26.1668551418131
          ],
          [
            -58.2854357829038,
            -26.1724838821856
          ]
        ]
      },
      "properties": {
        "id": 2,
        "kml_id": 45902,
        "tension": "13.2",
        "n_distribu": "1102",
        "localidad": "FORMOSA",
        "material": "AL/AL",
        "seccion": "35",
        "depto": "FORMOSA",
        "length_km": 1.8545,
        "num_points": 2
      }
    },
    {
      "type": "Feature",
      "geometry": {
        "type": "LineString",
        "coordinates": [
          [
            -58.2170755639777,
            -26.1652003074882
          ],
          [
            -58.2173139494986,
            -26.1645915075425
          ]
        ]
      },
      "properties": {
        "id": 3,
        "kml_id": 34787,
        "tension": "13.2",
        "n_distribu": "1101",
        "localidad": "FORMOSA",
        "material": null,
        "seccion": null,
        "depto": null,
        "length_km": 0.0718,
        "num_points": 2
      }
    },
    {
      "type": "Feature",
      "geometry": {
        "type": "LineString",
        "coordinates": [
          [
            -58.1801604982,
            -26.1964749057
          ],
          [
            -58.1812786125,
            -26.1936975682
          ]
        ]
      },
      "properties": {
        "id": 4,
        "kml_id": 23079,
        "tension": "13.2",
        "n_distribu": "1202",
        "localidad": "FORMOSA",
        "material": "AL/AL",
        "seccion": "50",
        "depto": "FORMOSA",
        "length_km": 0.3284,
        "num_points": 2
      }
    },
    {
      "type": "Feature",
      "geometry": {
        "type": "LineString",
        "coordinates": [
          [
            -58.1677370009,
            -26.1954590001
          ],
          [
            -58.1675158191,
            -26.196128076
          ]
        ]
      },
      "properties": {
        "id": 5,
        "kml_id": 23082,
        "tension": "13.2",
        "n_distribu": "1203",
        "localidad": "FORMOSA",
        "material": "AL/AL",
        "seccion": "70",
        "depto": "FORMOSA",
        "length_km": 0.0776,
        "num_points": 2
      }
    },
    {
      "type": "Feature",
      "geometry": {
        "type": "LineString",
        "coordinates": [
          [
            -58.1706490045,
            -26.1949640001
          ],
          [
            -58.1710484878,
            -26.1939989369
          ]
        ]
      },
      "properties": {
        "id": 6,
        "kml_id": 23094,
        "tension": "13.2",
        "n_distribu": "1203",
        "localidad": "FORMOSA",
        "material": "AL/AL",
        "seccion": "50",
        "depto": "FORMOSA",
        "length_km": 0.1145,
        "num_points": 2
      }
    },
    {
      "type": "Feature",
      "geometry": {
        "type": "LineString",
        "coordinates": [
          [
            -58.1710484878,
            -26.1939989369
          ],
          [
            -58.1712815158,
            -26.1934359856
          ]
        ]
      },
      "properties": {
        "id": 7,
        "kml_id": 23095,
        "tension": "13.2",
        "n_distribu": "1203",
        "localidad": "FORMOSA",
        "material": "AL/AL",
        "seccion": "50",
        "depto": "FORMOSA",
        "length_km": 0.0668,
        "num_points": 2
      }
    },
    {
      "type": "Feature",
      "geometry": {
        "type": "LineString",
        "coordinates": [
          [
            -58.1680740021,
            -26.2004529978
          ],
          [
            -58.170154998,
            -26.1951940017
          ]
        ]
      },
      "properties": {
        "id": 8,
        "kml_id": 23096,
        "tension": "13.2",
        "n_distribu": "1203",
        "localidad": "FORMOSA",
        "material": "AL/AL",
        "seccion": "50",
        "depto": "FORMOSA",
        "length_km": 0.6205,
        "num_points": 2
      }
    },
    {
      "type": "Feature",
      "geometry": {
        "type": "LineString",
        "coordinates": [
          [
            -58.170154998,
            -26.1951940017
          ],
          [
            -58.1706490045,
            -26.1949640001
          ]
        ]
      },
      "properties": {
        "id": 9,
        "kml_id": 23097,
        "tension": "13.2",
        "n_distribu": "1203",
        "localidad": "FORMOSA",
        "material": "AL/AL",
        "seccion": "50",
        "depto": "FORMOSA",
        "length_km": 0.0555,
        "num_points": 2
      }
    },
    {
      "type": "Feature",
      "geometry": {
        "type": "LineString",
        "coordinates": [
          [
            -58.1680740021,
            -26.2004529978
          ],
          [
            -58.1679199982,
            -26.2005390007
          ]
        ]
      },
      "properties": {
        "id": 10,
        "kml_id": 23098,
        "tension": "13.2",
        "n_distribu": "1203",
        "localidad": "FORMOSA",
        "material": "AL/AL",
        "seccion": "50",
        "depto": "FORMOSA",
        "length_km": 0.0181,
        "num_points": 2
      }
    },
    {
      "type": "Feature",
      "geometry": {
        "type": "LineString",
        "coordinates": [
          [
            -58.2082360678933,
            -26.127435423282
          ],
          [
            -58.2076903314379,
            -26.127275695539
          ],
          [
            -58.2035999701516,
            -26.1259432999492
          ],
          [
            -58.2034355836828,
            -26.1258048692385
          ],
          [
            -58.2038482136856,
            -26.1247952567961
          ],
          [
            -58.203709782975,
            -26.1249523224101
          ],
          [
            -58.2029843528087,
            -26.1247040788761
          ],
          [
            -58.2023274724654,
            -26.1244990949392
          ]
        ]
      },
      "properties": {
        "id": 11,
        "kml_id": 46156,
        "tension": "13.2",
        "n_distribu": "22",
        "localidad": "FORMOSA",
        "material": "AL/AL",
        "seccion": null,
        "depto": "FORMOSA",
        "length_km": 0.803,
        "num_points": 8
      }
    },
    {
      "type": "Feature",
      "geometry": {
        "type": "LineString",
        "coordinates": [
          [
            -58.2781796435802,
            -26.0790416350096
          ],
          [
            -58.2782495949318,
            -26.0787092827895
          ]
        ]
      },
      "properties": {
        "id": 12,
        "kml_id": 46030,
        "tension": "13.2",
        "n_distribu": "SAL POLO CIENTIFICO",
        "localidad": "FORMOSA",
        "material": "ALUMINIO",
        "seccion": "70",
        "depto": "FORMOSA",
        "length_km": 0.0376,
        "num_points": 2
      }
    },
    {
      "type": "Feature",
      "geometry": {
        "type": "LineString",
        "coordinates": [
          [
            -58.2349933947044,
            -26.1954217164975
          ],
          [
            -58.2372811354594,
            -26.19614520121
          ],
          [
            -58.2395904339184,
            -26.1969176784213
          ]
        ]
      },
      "properties": {
        "id": 13,
        "kml_id": 2091,
        "tension": "13.2",
        "n_distribu": "601",
        "localidad": "FORMOSA",
        "material": "AL/AL",
        "seccion": null,
        "depto": "FORMOSA",
        "length_km": 0.4879,
        "num_points": 3
      }
    },
    {
      "type": "Feature",
      "geometry": {
        "type": "LineString",
        "coordinates": [
          [
            -58.2397796000886,
            -26.1968008628742
          ],
          [
            -58.2395904339184,
            -26.1969176784213
          ]
        ]
      },
      "properties": {
        "id": 14,
        "kml_id": 2108,
        "tension": "13.2",
        "n_distribu": "601",
        "localidad": "FORMOSA",
        "material": "ALUMINIO",
        "seccion": "50",
        "depto": "FORMOSA",
        "length_km": 0.0229,
        "num_points": 2
      }
    },
    {
      "type": "Feature",
      "geometry": {
        "type": "LineString",
        "coordinates": [
          [
            -58.2405485974942,
            -26.1973559243807
          ],
          [
            -58.2428335412,
            -26.1981194468
          ],
          [
            -58.243483060842,
            -26.1983321932812
          ]
        ]
      },
      "properties": {
        "id": 15,
        "kml_id": 46158,
        "tension": "13.2",
        "n_distribu": "601",
        "localidad": "FORMOSA",
        "material": "AL/AL",
        "seccion": null,
        "depto": "FORMOSA",
        "length_km": 0.3123,
        "num_points": 3
      }
    },
    {
      "type": "Feature",
      "geometry": {
        "type": "LineString",
        "coordinates": [
          [
            -58.2208453051155,
            -26.1760308079725
          ],
          [
            -58.2132684549127,
            -26.1735728524464
          ],
          [
            -58.211383448,
            -26.1729780322
          ],
          [
            -58.2108392671,
            -26.174341117
          ],
          [
            -58.2093854094807,
            -26.1738683203254
          ],
          [
            -58.2093535865001,
            -26.173859207381
          ]
        ]
      },
      "properties": {
        "id": 16,
        "kml_id": 23922,
        "tension": "13.2",
        "n_distribu": "1101",
        "localidad": "FORMOSA",
        "material": "Al/Al",
        "seccion": null,
        "depto": "FORMOSA",
        "length_km": 1.322,
        "num_points": 6
      }
    },
    {
      "type": "Feature",
      "geometry": {
        "type": "LineString",
        "coordinates": [
          [
            -58.2736580604813,
            -26.080230784361
          ],
          [
            -58.2665332832672,
            -26.0855295211916
          ],
          [
            -58.2530801685665,
            -26.0955829609937
          ],
          [
            -58.2536280039267,
            -26.0961791236295
          ]
        ]
      },
      "properties": {
        "id": 17,
        "kml_id": 3578,
        "tension": "13.2",
        "n_distribu": "SAL POLO CIENTIFICO",
        "localidad": "FORMOSA",
        "material": "AL/AC",
        "seccion": "95/15",
        "depto": "FORMOSA",
        "length_km": 2.7575,
        "num_points": 4
      }
    },
    {
      "type": "Feature",
      "geometry": {
        "type": "LineString",
        "coordinates": [
          [
            -58.2031625809718,
            -26.1654122537823
          ],
          [
            -58.1994736887,
            -26.1642728313
          ],
          [
            -58.199386938,
            -26.1642891162
          ]
        ]
      },
      "properties": {
        "id": 18,
        "kml_id": 23923,
        "tension": "13.2",
        "n_distribu": "105",
        "localidad": "FORMOSA",
        "material": null,
        "seccion": null,
        "depto": "FORMOSA",
        "length_km": 0.3982,
        "num_points": 3
      }
    },
    {
      "type": "Feature",
      "geometry": {
        "type": "LineString",
        "coordinates": [
          [
            -58.2257223712,
            -26.192060283
          ],
          [
            -58.2278291863,
            -26.1867964166
          ]
        ]
      },
      "properties": {
        "id": 19,
        "kml_id": 23945,
        "tension": "13.2",
        "n_distribu": "1103",
        "localidad": "FORMOSA",
        "material": null,
        "seccion": null,
        "depto": "FORMOSA",
        "length_km": 0.6219,
        "num_points": 2
      }
    },
    {
      "type": "Feature",
      "geometry": {
        "type": "LineString",
        "coordinates": [
          [
            -58.2109472582184,
            -26.1679668778488
          ],
          [
            -58.2084957211257,
            -26.1740741770139
          ]
        ]
      },
      "properties": {
        "id": 20,
        "kml_id": 46032,
        "tension": "13.2",
        "n_distribu": "109",
        "localidad": "FORMOSA",
        "material": "AL/AL",
        "seccion": "95",
        "depto": "FORMOSA",
        "length_km": 0.7218,
        "num_points": 2
      }
    },
    {
      "type": "Feature",
      "geometry": {
        "type": "LineString",
        "coordinates": [
          [
            -58.1929895879404,
            -26.1716325056667
          ],
          [
            -58.1933571600749,
            -26.1707136492885
          ],
          [
            -58.1949909248903,
            -26.1666295659754
          ]
        ]
      },
      "properties": {
        "id": 21,
        "kml_id": 23788,
        "tension": "13.2",
        "n_distribu": "009",
        "localidad": "FORMOSA",
        "material": "AL/AL",
        "seccion": "70",
        "depto": "FORMOSA",
        "length_km": 0.5911,
        "num_points": 3
      }
    },
    {
      "type": "Feature",
      "geometry": {
        "type": "LineString",
        "coordinates": [
          [
            -58.1933571600749,
            -26.1707136492885
          ],
          [
            -58.1929472921,
            -26.1705747057
          ],
          [
            -58.1930170238,
            -26.1704003751
          ],
          [
            -58.1928748318,
            -26.1703534266
          ]
        ]
      },
      "properties": {
        "id": 22,
        "kml_id": 23802,
        "tension": "13.2",
        "n_distribu": "009",
        "localidad": "FORMOSA",
        "material": "Cu",
        "seccion": "50",
        "depto": "FORMOSA",
        "length_km": 0.0794,
        "num_points": 4
      }
    },
    {
      "type": "Feature",
      "geometry": {
        "type": "LineString",
        "coordinates": [
          [
            -58.1949977705096,
            -26.1704199250046
          ],
          [
            -58.1948705225265,
            -26.1704118713348
          ]
        ]
      },
      "properties": {
        "id": 23,
        "kml_id": 23803,
        "tension": "13.2",
        "n_distribu": "009",
        "localidad": "FORMOSA",
        "material": "AL/AL",
        "seccion": "35",
        "depto": "FORMOSA",
        "length_km": 0.0127,
        "num_points": 2
      }
    },
    {
      "type": "Feature",
      "geometry": {
        "type": "LineString",
        "coordinates": [
          [
            -58.1948705225265,
            -26.1704118713348
          ],
          [
            -58.1938018005415,
            -26.1700736172024
          ],
          [
            -58.1936415325122,
            -26.1699979127061
          ]
        ]
      },
      "properties": {
        "id": 24,
        "kml_id": 23804,
        "tension": "13.2",
        "n_distribu": "009",
        "localidad": "FORMOSA",
        "material": "AL/AL",
        "seccion": "35",
        "depto": "FORMOSA",
        "length_km": 0.1312,
        "num_points": 3
      }
    },
    {
      "type": "Feature",
      "geometry": {
        "type": "LineString",
        "coordinates": [
          [
            -58.2036611031335,
            -26.1661419162679
          ],
          [
            -58.2038543912091,
            -26.165690105391
          ],
          [
            -58.2039896928621,
            -26.1656836624552
          ]
        ]
      },
      "properties": {
        "id": 25,
        "kml_id": 46033,
        "tension": "13.2",
        "n_distribu": "109",
        "localidad": "FORMOSA",
        "material": "AL/AL",
        "seccion": "70",
        "depto": "FORMOSA",
        "length_km": 0.0673,
        "num_points": 3
      }
    },
    {
      "type": "Feature",
      "geometry": {
        "type": "LineString",
        "coordinates": [
          [
            -58.2029507694555,
            -26.167911307527
          ],
          [
            -58.202973319731,
            -26.1680691594554
          ],
          [
            -58.2025094283494,
            -26.1691709014866
          ],
          [
            -58.2024035225913,
            -26.1692067403173
          ]
        ]
      },
      "properties": {
        "id": 26,
        "kml_id": 46034,
        "tension": "13.2",
        "n_distribu": "109",
        "localidad": "FORMOSA",
        "material": "Cu",
        "seccion": "3x95",
        "depto": "FORMOSA",
        "length_km": 0.16,
        "num_points": 4
      }
    },
    {
      "type": "Feature",
      "geometry": {
        "type": "LineString",
        "coordinates": [
          [
            -58.2009654136493,
            -26.1686529164503
          ],
          [
            -58.2020225840089,
            -26.168998150269
          ],
          [
            -58.2024035225913,
            -26.1692067403173
          ]
        ]
      },
      "properties": {
        "id": 27,
        "kml_id": 46035,
        "tension": "13.2",
        "n_distribu": "109",
        "localidad": "FORMOSA",
        "material": "AL/AL",
        "seccion": "70",
        "depto": "FORMOSA",
        "length_km": 0.1568,
        "num_points": 3
      }
    },
    {
      "type": "Feature",
      "geometry": {
        "type": "LineString",
        "coordinates": [
          [
            -58.2496723496955,
            -26.0993313814199
          ],
          [
            -58.2540760388374,
            -26.096058852661
          ]
        ]
      },
      "properties": {
        "id": 28,
        "kml_id": 46165,
        "tension": "33",
        "n_distribu": "ALIMENTADOR 320",
        "localidad": "FORMOSA",
        "material": "AL/AC",
        "seccion": "95/15",
        "depto": "FORMOSA",
        "length_km": 0.5708,
        "num_points": 2
      }
    },
    {
      "type": "Feature",
      "geometry": {
        "type": "LineString",
        "coordinates": [
          [
            -58.2475505979097,
            -26.0949737407278
          ],
          [
            -58.2472307634878,
            -26.0946080329428
          ],
          [
            -58.2481916967078,
            -26.0938856225288
          ],
          [
            -58.2510207657163,
            -26.0969386663972
          ],
          [
            -58.274920549145,
            -26.0790990610125
          ],
          [
            -58.3310875358044,
            -26.0519695269001
          ],
          [
            -58.3642168553507,
            -26.0312859585363
          ],
          [
            -58.368314398128,
            -26.0286645816147
          ],
          [
            -58.3703808144378,
            -26.0274067226998
          ],
          [
            -58.3947327660346,
            -26.0115061532109
          ],
          [
            -58.3967089971923,
            -26.0101846793111
          ],
          [
            -58.408289947042,
            -26.0019859229105
          ],
          [
            -58.4222588428738,
            -25.9921371436784
          ],
          [
            -58.4240762697421,
            -25.9907890178766
          ],
          [
            -58.4259760395752,
            -25.9894990320425
          ],
          [
            -58.4352631496883,
            -25.9827845328841
          ],
          [
            -58.4372276175652,
            -25.9814997464189
          ],
          [
            -58.4555842170984,
            -25.9704463018963
          ],
          [
            -58.4580015712824,
            -25.9690899956997
          ],
          [
            -58.4717028524783,
            -25.9612188808919
          ],
          [
            -58.4735967406711,
            -25.9599285706584
          ],
          [
            -58.4919415769236,
            -25.9476143861569
          ],
          [
            -58.5064192346457,
            -25.9378721261144
          ],
          [
            -58.508589559935,
            -25.9364281721014
          ],
          [
            -58.5106598973383,
            -25.9350212255263
          ],
          [
            -58.5127361163819,
            -25.9336354196173
          ],
          [
            -58.5145653065309,
            -25.9353068476189
          ],
          [
            -58.5239656382206,
            -25.9316796600711
          ],
          [
            -58.5427515974994,
            -25.9244434642362
          ],
          [
            -58.5662075792162,
            -25.9154187554307
          ],
          [
            -58.5853346736353,
            -25.9080440080914
          ],
          [
            -58.6107110109265,
            -25.8981820759299
          ],
          [
            -58.6268178830257,
            -25.89206821646
          ],
          [
            -58.6640810154647,
            -25.8779953479879
          ],
          [
            -58.6759648697924,
            -25.8734455819853
          ],
          [
            -58.6783895760268,
            -25.8725485734167
          ],
          [
            -58.6809260334279,
            -25.8719174880856
          ],
          [
            -58.6834032498563,
            -25.8712500733686
          ],
          [
            -58.6859283685458,
            -25.8706354615931
          ],
          [
            -58.6884163024139,
            -25.8700123043727
          ],
          [
            -58.6934495161437,
            -25.8687064419581
          ],
          [
            -58.705898007945,
            -25.8655270630944
          ],
          [
            -58.7084035867342,
            -25.8648800629133
          ],
          [
            -58.7383514289876,
            -25.8571554804432
          ],
          [
            -58.7407643719413,
            -25.8565322521437
          ],
          [
            -58.7607737124129,
            -25.8513875159759
          ],
          [
            -58.7657848699914,
            -25.8500973271241
          ],
          [
            -58.7682772150898,
            -25.8494462726368
          ],
          [
            -58.7732574940564,
            -25.8481441529096
          ],
          [
            -58.7807477630424,
            -25.8462465259301
          ],
          [
            -58.8281861332875,
            -25.8339906160325
          ],
          [
            -58.8280185065375,
            -25.8327439120171
          ],
          [
            -58.832275343741,
            -25.8300042933619
          ],
          [
            -58.8343839118065,
            -25.8286503424684
          ],
          [
            -58.8432945969372,
            -25.8229484907769
          ],
          [
            -58.8449929205883,
            -25.8218327063354
          ],
          [
            -58.8470970774236,
            -25.8204588078461
          ],
          [
            -58.849201234259,
            -25.8191365147666
          ],
          [
            -58.8614026971656,
            -25.81126598444
          ],
          [
            -58.8656065996059,
            -25.8085536674113
          ],
          [
            -58.8713478157928,
            -25.8048563973393
          ],
          [
            -58.8808319608576,
            -25.7987125581273
          ],
          [
            -58.8829449401534,
            -25.7973781075112
          ],
          [
            -58.8850887980611,
            -25.7960039254025
          ],
          [
            -58.8874532174819,
            -25.7950507261433
          ],
          [
            -58.8897205898369,
            -25.7941134060647
          ],
          [
            -58.9172704873196,
            -25.7828784922294
          ],
          [
            -58.9281162321255,
            -25.7785017009352
          ],
          [
            -58.9688783524089,
            -25.7467238137972
          ],
          [
            -58.987821939649,
            -25.7320051030314
          ],
          [
            -59.0038231382766,
            -25.722103067364
          ],
          [
            -59.023017675505,
            -25.7101115706736
          ],
          [
            -59.025157024155,
            -25.7087803637046
          ],
          [
            -59.0486145743092,
            -25.6941558912823
          ],
          [
            -59.0643585491988,
            -25.6842874559777
          ],
          [
            -59.0670186190745,
            -25.6826138963275
          ],
          [
            -59.0735715506434,
            -25.6784694734422
          ],
          [
            -59.0752529155649,
            -25.677412141934
          ],
          [
            -59.0756042455484,
            -25.6779577713972
          ],
          [
            -59.075829656148,
            -25.6783123820924
          ]
        ]
      },
      "properties": {
        "id": 29,
        "kml_id": 34051,
        "tension": "132",
        "n_distribu": "LAT 132",
        "localidad": "FORMOSA - PIRANE",
        "material": "AL/AC",
        "seccion": null,
        "depto": "PIRANE",
        "length_km": 96.7548,
        "num_points": 80
      }
    },
    {
      "type": "Feature",
      "geometry": {
        "type": "LineString",
        "coordinates": [
          [
            -58.1669513318743,
            -26.1351550623757
          ],
          [
            -58.1676946838202,
            -26.135392835603
          ]
        ]
      },
      "properties": {
        "id": 30,
        "kml_id": 24030,
        "tension": "13.2",
        "n_distribu": "502",
        "localidad": null,
        "material": null,
        "seccion": null,
        "depto": null,
        "length_km": 0.0788,
        "num_points": 2
      }
    },
    {
      "type": "Feature",
      "geometry": {
        "type": "LineString",
        "coordinates": [
          [
            -58.2782415125106,
            -26.0786930800905
          ],
          [
            -58.2789120316776,
            -26.0783726603621
          ],
          [
            -58.3094220701233,
            -26.063613332725
          ],
          [
            -58.3309610006332,
            -26.0533420813895
          ],
          [
            -58.3941633094166,
            -26.014159148411
          ],
          [
            -58.3965749640668,
            -26.0124489881452
          ]
        ]
      },
      "properties": {
        "id": 31,
        "kml_id": 3577,
        "tension": "13.2",
        "n_distribu": "SAL POLO CIENTIFICO",
        "localidad": "FORMOSA",
        "material": "AL/AC",
        "seccion": "95/15",
        "depto": "FORMOSA",
        "length_km": 13.9519,
        "num_points": 6
      }
    },
    {
      "type": "Feature",
      "geometry": {
        "type": "LineString",
        "coordinates": [
          [
            -58.1786038572807,
            -26.1278008597055
          ],
          [
            -58.1807971636684,
            -26.1284543754863
          ],
          [
            -58.1811865874556,
            -26.1283693289121
          ],
          [
            -58.1841587414177,
            -26.1208180883487
          ]
        ]
      },
      "properties": {
        "id": 32,
        "kml_id": 45934,
        "tension": "13.2",
        "n_distribu": "023",
        "localidad": "FORMOSA",
        "material": "Al/AL",
        "seccion": "50",
        "depto": "FORMOSA",
        "length_km": 1.1613,
        "num_points": 4
      }
    },
    {
      "type": "Feature",
      "geometry": {
        "type": "LineString",
        "coordinates": [
          [
            -58.3027529421,
            -26.2354849569
          ],
          [
            -58.3098685626976,
            -26.239265482501
          ]
        ]
      },
      "properties": {
        "id": 33,
        "kml_id": 2222,
        "tension": "13.2",
        "n_distribu": "SALIDA VILLA DEL CARMEN",
        "localidad": "FORMOSA",
        "material": "AL/AL",
        "seccion": "35",
        "depto": "FORMOSA",
        "length_km": 0.8249,
        "num_points": 2
      }
    },
    {
      "type": "Feature",
      "geometry": {
        "type": "LineString",
        "coordinates": [
          [
            -58.3061656084072,
            -26.2333508231418
          ],
          [
            -58.3090977006,
            -26.2288996025
          ]
        ]
      },
      "properties": {
        "id": 34,
        "kml_id": 45937,
        "tension": "13.2",
        "n_distribu": "SALIDA VILLA DEL CARMEN",
        "localidad": "FORMOSA",
        "material": "AL/AL",
        "seccion": "25",
        "depto": "FORMOSA",
        "length_km": 0.5749,
        "num_points": 2
      }
    },
    {
      "type": "Feature",
      "geometry": {
        "type": "LineString",
        "coordinates": [
          [
            -58.1765797077285,
            -26.1833624645202
          ],
          [
            -58.1763498930441,
            -26.1839858245226
          ]
        ]
      },
      "properties": {
        "id": 35,
        "kml_id": 46089,
        "tension": "13.2",
        "n_distribu": "002",
        "localidad": "FORMOSA",
        "material": null,
        "seccion": "70",
        "depto": "FORMOSA",
        "length_km": 0.073,
        "num_points": 2
      }
    },
    {
      "type": "Feature",
      "geometry": {
        "type": "LineString",
        "coordinates": [
          [
            -58.1762157522841,
            -26.1843396700935
          ],
          [
            -58.1763284403858,
            -26.1840457440165
          ]
        ]
      },
      "properties": {
        "id": 36,
        "kml_id": 46090,
        "tension": "13.2",
        "n_distribu": "83",
        "localidad": "FORMOSA",
        "material": "AL/AL",
        "seccion": "70",
        "depto": "FORMOSA",
        "length_km": 0.0346,
        "num_points": 2
      }
    },
    {
      "type": "Feature",
      "geometry": {
        "type": "LineString",
        "coordinates": [
          [
            -58.2341179986,
            -26.1987730035
          ],
          [
            -58.2258018911,
            -26.1960584657
          ]
        ]
      },
      "properties": {
        "id": 37,
        "kml_id": 2095,
        "tension": "13.2",
        "n_distribu": "30",
        "localidad": "FORMOSA",
        "material": "AL/AL",
        "seccion": "50",
        "depto": "FORMOSA",
        "length_km": 0.8829,
        "num_points": 2
      }
    },
    {
      "type": "Feature",
      "geometry": {
        "type": "LineString",
        "coordinates": [
          [
            -58.2192181056,
            -26.1986256157
          ],
          [
            -58.2189282657389,
            -26.1994187497042
          ]
        ]
      },
      "properties": {
        "id": 38,
        "kml_id": 23935,
        "tension": "13.2",
        "n_distribu": "601",
        "localidad": "FORMOSA",
        "material": null,
        "seccion": null,
        "depto": "FORMOSA",
        "length_km": 0.0928,
        "num_points": 2
      }
    },
    {
      "type": "Feature",
      "geometry": {
        "type": "LineString",
        "coordinates": [
          [
            -58.2166250073679,
            -26.1931387461722
          ],
          [
            -58.2150627515,
            -26.1970492136
          ]
        ]
      },
      "properties": {
        "id": 39,
        "kml_id": 23937,
        "tension": "13.2",
        "n_distribu": "106",
        "localidad": "FORMOSA",
        "material": "AL/AL",
        "seccion": null,
        "depto": "FORMOSA",
        "length_km": 0.4619,
        "num_points": 2
      }
    },
    {
      "type": "Feature",
      "geometry": {
        "type": "LineString",
        "coordinates": [
          [
            -58.2150588074,
            -26.1970590853
          ],
          [
            -58.2149464682,
            -26.1973334607
          ]
        ]
      },
      "properties": {
        "id": 40,
        "kml_id": 23938,
        "tension": "13.2",
        "n_distribu": "601",
        "localidad": "FORMOSA",
        "material": null,
        "seccion": null,
        "depto": "FORMOSA",
        "length_km": 0.0325,
        "num_points": 2
      }
    },
    {
      "type": "Feature",
      "geometry": {
        "type": "LineString",
        "coordinates": [
          [
            -58.2225541981,
            -26.1927241062
          ],
          [
            -58.2225511825048,
            -26.1927315698559
          ],
          [
            -58.2209765468,
            -26.1966288886
          ]
        ]
      },
      "properties": {
        "id": 41,
        "kml_id": 23963,
        "tension": "13.2",
        "n_distribu": "30",
        "localidad": "FORMOSA",
        "material": "AL/AL",
        "seccion": "50",
        "depto": "FORMOSA",
        "length_km": 0.4618,
        "num_points": 3
      }
    },
    {
      "type": "Feature",
      "geometry": {
        "type": "LineString",
        "coordinates": [
          [
            -58.2226728396,
            -26.1949862727
          ],
          [
            -58.21686808967,
            -26.1930961385313
          ]
        ]
      },
      "properties": {
        "id": 42,
        "kml_id": 23964,
        "tension": "13.2",
        "n_distribu": "30",
        "localidad": "FORMOSA",
        "material": "AL/AL",
        "seccion": "50",
        "depto": "FORMOSA",
        "length_km": 0.6161,
        "num_points": 2
      }
    },
    {
      "type": "Feature",
      "geometry": {
        "type": "LineString",
        "coordinates": [
          [
            -58.2197982087,
            -26.1905175627
          ],
          [
            -58.2257247757,
            -26.1924402282
          ]
        ]
      },
      "properties": {
        "id": 43,
        "kml_id": 23967,
        "tension": "13.2",
        "n_distribu": "30",
        "localidad": "FORMOSA",
        "material": "AL/AL",
        "seccion": null,
        "depto": "FORMOSA",
        "length_km": 0.6288,
        "num_points": 2
      }
    },
    {
      "type": "Feature",
      "geometry": {
        "type": "LineString",
        "coordinates": [
          [
            -58.2200558856,
            -26.1903523852
          ],
          [
            -58.2188996434,
            -26.1932198658
          ]
        ]
      },
      "properties": {
        "id": 44,
        "kml_id": 23968,
        "tension": "13.2",
        "n_distribu": "30",
        "localidad": "FORMOSA",
        "material": "AL/AL",
        "seccion": null,
        "depto": "FORMOSA",
        "length_km": 0.3391,
        "num_points": 2
      }
    },
    {
      "type": "Feature",
      "geometry": {
        "type": "LineString",
        "coordinates": [
          [
            -58.2188996434,
            -26.1934643284
          ],
          [
            -58.2180076852,
            -26.1956777063
          ]
        ]
      },
      "properties": {
        "id": 45,
        "kml_id": 23969,
        "tension": "13.2",
        "n_distribu": "30",
        "localidad": "FORMOSA",
        "material": "AL/AL",
        "seccion": null,
        "depto": "FORMOSA",
        "length_km": 0.2617,
        "num_points": 2
      }
    },
    {
      "type": "Feature",
      "geometry": {
        "type": "LineString",
        "coordinates": [
          [
            -58.2188996434,
            -26.1932198658
          ],
          [
            -58.2188996434,
            -26.1934643284
          ]
        ]
      },
      "properties": {
        "id": 46,
        "kml_id": 23970,
        "tension": "13.2",
        "n_distribu": "30",
        "localidad": "FORMOSA",
        "material": "AL/AL",
        "seccion": null,
        "depto": "FORMOSA",
        "length_km": 0.0272,
        "num_points": 2
      }
    },
    {
      "type": "Feature",
      "geometry": {
        "type": "LineString",
        "coordinates": [
          [
            -58.218305219257,
            -26.1997781857471
          ],
          [
            -58.2170648630356,
            -26.199384719272
          ],
          [
            -58.2170648630356,
            -26.199384719272
          ]
        ]
      },
      "properties": {
        "id": 47,
        "kml_id": 34221,
        "tension": "13.2",
        "n_distribu": "601",
        "localidad": "FORMOSA",
        "material": "ALUMINIO",
        "seccion": "3x70",
        "depto": "FORMOSA",
        "length_km": 0.1313,
        "num_points": 3
      }
    },
    {
      "type": "Feature",
      "geometry": {
        "type": "LineString",
        "coordinates": [
          [
            -58.2209765468,
            -26.1966288886
          ],
          [
            -58.2204499988964,
            -26.1979830237777
          ]
        ]
      },
      "properties": {
        "id": 48,
        "kml_id": 34756,
        "tension": "13.2",
        "n_distribu": "30",
        "localidad": "FORMOSA",
        "material": "AL/AL",
        "seccion": null,
        "depto": "FORMOSA",
        "length_km": 0.1595,
        "num_points": 2
      }
    },
    {
      "type": "Feature",
      "geometry": {
        "type": "LineString",
        "coordinates": [
          [
            -58.2204090036421,
            -26.1978335146334
          ],
          [
            -58.2210027736163,
            -26.1980150614265
          ]
        ]
      },
      "properties": {
        "id": 49,
        "kml_id": 34757,
        "tension": "13.2",
        "n_distribu": "30",
        "localidad": "FORMOSA",
        "material": "AL/AL",
        "seccion": null,
        "depto": "FORMOSA",
        "length_km": 0.0626,
        "num_points": 2
      }
    },
    {
      "type": "Feature",
      "geometry": {
        "type": "LineString",
        "coordinates": [
          [
            -58.2168609763623,
            -26.1930939066956
          ],
          [
            -58.2156810113398,
            -26.1927097012456
          ]
        ]
      },
      "properties": {
        "id": 50,
        "kml_id": 45968,
        "tension": "13.2",
        "n_distribu": "106",
        "localidad": "FORMOSA",
        "material": "AL/AL",
        "seccion": null,
        "depto": "FORMOSA",
        "length_km": 0.1252,
        "num_points": 2
      }
    },
    {
      "type": "Feature",
      "geometry": {
        "type": "LineString",
        "coordinates": [
          [
            -58.2226730468762,
            -26.1949853853589
          ],
          [
            -58.2258058521381,
            -26.1960638542523
          ]
        ]
      },
      "properties": {
        "id": 51,
        "kml_id": 45969,
        "tension": "13.2",
        "n_distribu": "30",
        "localidad": "FORMOSA",
        "material": "AL/AL",
        "seccion": "50",
        "depto": "FORMOSA",
        "length_km": 0.3348,
        "num_points": 2
      }
    },
    {
      "type": "Feature",
      "geometry": {
        "type": "LineString",
        "coordinates": [
          [
            -58.2341180357333,
            -26.1987730352544
          ],
          [
            -58.239618646727,
            -26.2005497812834
          ]
        ]
      },
      "properties": {
        "id": 52,
        "kml_id": 45970,
        "tension": "13.2",
        "n_distribu": "30",
        "localidad": "FORMOSA",
        "material": "AL/AL",
        "seccion": "50",
        "depto": "FORMOSA",
        "length_km": 0.5833,
        "num_points": 2
      }
    },
    {
      "type": "Feature",
      "geometry": {
        "type": "LineString",
        "coordinates": [
          [
            -58.2843355224181,
            -26.286921666478
          ],
          [
            -58.2818542500601,
            -26.2826583152016
          ],
          [
            -58.2704656907523,
            -26.2701929126133
          ],
          [
            -58.2639770123763,
            -26.2630906983616
          ],
          [
            -58.2625537073097,
            -26.2615326711668
          ],
          [
            -58.2603440683011,
            -26.259200892551
          ],
          [
            -58.2578094726698,
            -26.2555014483871
          ],
          [
            -58.2550965156192,
            -26.2513582440836
          ],
          [
            -58.2496100314275,
            -26.2428918175522
          ],
          [
            -58.2423117958379,
            -26.2316207066412
          ],
          [
            -58.2533028400399,
            -26.2041311922659
          ]
        ]
      },
      "properties": {
        "id": 53,
        "kml_id": 34571,
        "tension": "33",
        "n_distribu": "ALIMENTADOR 332",
        "localidad": "FORMOSA",
        "material": "AL/AC",
        "seccion": "95/15",
        "depto": "FORMOSA",
        "length_km": 10.7144,
        "num_points": 11
      }
    },
    {
      "type": "Feature",
      "geometry": {
        "type": "LineString",
        "coordinates": [
          [
            -58.2626756285315,
            -26.2043978626022
          ],
          [
            -58.2551035210937,
            -26.2019383094564
          ]
        ]
      },
      "properties": {
        "id": 54,
        "kml_id": 45989,
        "tension": "33",
        "n_distribu": "ALIMENTADOR 332",
        "localidad": "FORMOSA",
        "material": "AL",
        "seccion": "150",
        "depto": "FORMOSA",
        "length_km": 0.8034,
        "num_points": 2
      }
    },
    {
      "type": "Feature",
      "geometry": {
        "type": "LineString",
        "coordinates": [
          [
            -58.255142948271,
            -26.20183610397
          ],
          [
            -58.2544148128774,
            -26.2015886837376
          ]
        ]
      },
      "properties": {
        "id": 55,
        "kml_id": 45990,
        "tension": "33",
        "n_distribu": "ALIMENTADOR 330",
        "localidad": "FORMOSA",
        "material": "COBRE",
        "seccion": null,
        "depto": "FORMOSA",
        "length_km": 0.0777,
        "num_points": 2
      }
    },
    {
      "type": "Feature",
      "geometry": {
        "type": "LineString",
        "coordinates": [
          [
            -58.2551021440843,
            -26.2019376801869
          ],
          [
            -58.254704303007,
            -26.2018008341425
          ]
        ]
      },
      "properties": {
        "id": 56,
        "kml_id": 45991,
        "tension": "33",
        "n_distribu": "ALIMENTADOR 332",
        "localidad": "FORMOSA",
        "material": "CU",
        "seccion": "150",
        "depto": "FORMOSA",
        "length_km": 0.0425,
        "num_points": 2
      }
    },
    {
      "type": "Feature",
      "geometry": {
        "type": "LineString",
        "coordinates": [
          [
            -58.2547343838659,
            -26.2017495037498
          ],
          [
            -58.2542779668331,
            -26.2019061101291
          ]
        ]
      },
      "properties": {
        "id": 57,
        "kml_id": 45992,
        "tension": "33",
        "n_distribu": "ALIMENTADOR 331",
        "localidad": "FORMOSA",
        "material": "AL",
        "seccion": "150",
        "depto": "FORMOSA",
        "length_km": 0.0488,
        "num_points": 2
      }
    },
    {
      "type": "Feature",
      "geometry": {
        "type": "LineString",
        "coordinates": [
          [
            -58.2535123478859,
            -26.2039526565733
          ],
          [
            -58.2534947430773,
            -26.2038639324308
          ]
        ]
      },
      "properties": {
        "id": 58,
        "kml_id": 45993,
        "tension": "33",
        "n_distribu": "ALIMENTADOR 331",
        "localidad": "FORMOSA",
        "material": "AL",
        "seccion": "150",
        "depto": "FORMOSA",
        "length_km": 0.01,
        "num_points": 2
      }
    },
    {
      "type": "Feature",
      "geometry": {
        "type": "LineString",
        "coordinates": [
          [
            -58.2534302620199,
            -26.2040191118081
          ],
          [
            -58.2535283206602,
            -26.2039819399928
          ]
        ]
      },
      "properties": {
        "id": 59,
        "kml_id": 45994,
        "tension": "33",
        "n_distribu": "ALIMENTADOR 332",
        "localidad": "FORMOSA",
        "material": "AL",
        "seccion": "150",
        "depto": "FORMOSA",
        "length_km": 0.0106,
        "num_points": 2
      }
    },
    {
      "type": "Feature",
      "geometry": {
        "type": "LineString",
        "coordinates": [
          [
            -58.2534947430773,
            -26.2038639324308
          ],
          [
            -58.253500013958,
            -26.2038507662788
          ]
        ]
      },
      "properties": {
        "id": 60,
        "kml_id": 45995,
        "tension": "33",
        "n_distribu": "ALIMENTADOR 331",
        "localidad": "FORMOSA",
        "material": "AL",
        "seccion": "150",
        "depto": "FORMOSA",
        "length_km": 0.0016,
        "num_points": 2
      }
    },
    {
      "type": "Feature",
      "geometry": {
        "type": "LineString",
        "coordinates": [
          [
            -58.253500013958,
            -26.2038507662788
          ],
          [
            -58.2542780178542,
            -26.2019044838468
          ],
          [
            -58.2542793776171,
            -26.2019046993451
          ],
          [
            -58.2542778034972,
            -26.2019066274166
          ]
        ]
      },
      "properties": {
        "id": 61,
        "kml_id": 45996,
        "tension": "33",
        "n_distribu": "ALIMENTADOR 331",
        "localidad": "FORMOSA",
        "material": "AL",
        "seccion": "150",
        "depto": "FORMOSA",
        "length_km": 0.2303,
        "num_points": 4
      }
    },
    {
      "type": "Feature",
      "geometry": {
        "type": "LineString",
        "coordinates": [
          [
            -58.2551308679197,
            -26.2018879493674
          ],
          [
            -58.2547330268424,
            -26.201751103323
          ]
        ]
      },
      "properties": {
        "id": 62,
        "kml_id": 45997,
        "tension": "33",
        "n_distribu": "ALIMENTADOR 331",
        "localidad": "FORMOSA",
        "material": "CU",
        "seccion": "150",
        "depto": "FORMOSA",
        "length_km": 0.0425,
        "num_points": 2
      }
    },
    {
      "type": "Feature",
      "geometry": {
        "type": "LineString",
        "coordinates": [
          [
            -58.2547043738887,
            -26.2018005207112
          ],
          [
            -58.2542902362021,
            -26.2019257051879
          ],
          [
            -58.2535134065043,
            -26.2038583477252
          ],
          [
            -58.253527876972,
            -26.2039806089283
          ]
        ]
      },
      "properties": {
        "id": 63,
        "kml_id": 45998,
        "tension": "33",
        "n_distribu": "ALIMENTADOR 332",
        "localidad": "FORMOSA",
        "material": "AL",
        "seccion": "150",
        "depto": "FORMOSA",
        "length_km": 0.2857,
        "num_points": 4
      }
    },
    {
      "type": "Feature",
      "geometry": {
        "type": "LineString",
        "coordinates": [
          [
            -58.2093242122495,
            -26.2063114678993
          ],
          [
            -58.2099613377143,
            -26.2065082330212
          ]
        ]
      },
      "properties": {
        "id": 64,
        "kml_id": 46008,
        "tension": "33",
        "n_distribu": "ALIMENTADOR CD3 - CD7",
        "localidad": "FORMOSA",
        "material": "AL",
        "seccion": null,
        "depto": "FORMOSA",
        "length_km": 0.0672,
        "num_points": 2
      }
    },
    {
      "type": "Feature",
      "geometry": {
        "type": "LineString",
        "coordinates": [
          [
            -58.1854403935372,
            -26.1936868109046
          ],
          [
            -58.1854362509345,
            -26.193697494459
          ],
          [
            -58.1854360329028,
            -26.1936970583956
          ]
        ]
      },
      "properties": {
        "id": 65,
        "kml_id": 46177,
        "tension": "33",
        "n_distribu": "ALIMENTADOR 305",
        "localidad": "FORMOSA",
        "material": "AL",
        "seccion": null,
        "depto": "FORMOSA",
        "length_km": 0.0013,
        "num_points": 3
      }
    },
    {
      "type": "Feature",
      "geometry": {
        "type": "LineString",
        "coordinates": [
          [
            -58.2235840991372,
            -26.1524238058649
          ],
          [
            -58.2242474742808,
            -26.1507438441866
          ]
        ]
      },
      "properties": {
        "id": 66,
        "kml_id": 46179,
        "tension": "13.2",
        "n_distribu": "1101",
        "localidad": "FORMOSA",
        "material": null,
        "seccion": null,
        "depto": "FORMOSA",
        "length_km": 0.1982,
        "num_points": 2
      }
    },
    {
      "type": "Feature",
      "geometry": {
        "type": "LineString",
        "coordinates": [
          [
            -58.1613979591066,
            -26.1279316686891
          ],
          [
            -58.1597403783448,
            -26.1274152175974
          ]
        ]
      },
      "properties": {
        "id": 67,
        "kml_id": 24074,
        "tension": "13.2",
        "n_distribu": "501",
        "localidad": "FORMOSA",
        "material": "AL/AL",
        "seccion": "35",
        "depto": "FORMOSA",
        "length_km": 0.1752,
        "num_points": 2
      }
    },
    {
      "type": "Feature",
      "geometry": {
        "type": "LineString",
        "coordinates": [
          [
            -58.1611227681679,
            -26.1300393517691
          ],
          [
            -58.1612379880132,
            -26.1300760514235
          ]
        ]
      },
      "properties": {
        "id": 68,
        "kml_id": 46196,
        "tension": "13.2",
        "n_distribu": "501",
        "localidad": null,
        "material": null,
        "seccion": null,
        "depto": null,
        "length_km": 0.0122,
        "num_points": 2
      }
    },
    {
      "type": "Feature",
      "geometry": {
        "type": "LineString",
        "coordinates": [
          [
            -58.1592567761317,
            -26.1271816653873
          ],
          [
            -58.1581059331742,
            -26.1301533368295
          ]
        ]
      },
      "properties": {
        "id": 69,
        "kml_id": 24081,
        "tension": "13.2",
        "n_distribu": "501",
        "localidad": "FORMOSA",
        "material": "AL/AL",
        "seccion": "35",
        "depto": "FORMOSA",
        "length_km": 0.3498,
        "num_points": 2
      }
    },
    {
      "type": "Feature",
      "geometry": {
        "type": "LineString",
        "coordinates": [
          [
            -58.1586052473451,
            -26.1270565063565
          ],
          [
            -58.1574634444651,
            -26.1299947101924
          ]
        ]
      },
      "properties": {
        "id": 70,
        "kml_id": 24082,
        "tension": "13.2",
        "n_distribu": "501",
        "localidad": "FORMOSA",
        "material": "AL/AL",
        "seccion": "35",
        "depto": "FORMOSA",
        "length_km": 0.346,
        "num_points": 2
      }
    },
    {
      "type": "Feature",
      "geometry": {
        "type": "LineString",
        "coordinates": [
          [
            -58.1578519537391,
            -26.1267968306103
          ],
          [
            -58.1567326135584,
            -26.1297639801538
          ]
        ]
      },
      "properties": {
        "id": 71,
        "kml_id": 24083,
        "tension": "13.2",
        "n_distribu": "501",
        "localidad": "FORMOSA",
        "material": "AL/AL",
        "seccion": "35",
        "depto": "FORMOSA",
        "length_km": 0.3483,
        "num_points": 2
      }
    },
    {
      "type": "Feature",
      "geometry": {
        "type": "LineString",
        "coordinates": [
          [
            -58.1525796292518,
            -26.1249474778207
          ],
          [
            -58.1526480831868,
            -26.1215866629207
          ]
        ]
      },
      "properties": {
        "id": 72,
        "kml_id": 23720,
        "tension": "13.2",
        "n_distribu": "501",
        "localidad": "FORMOSA",
        "material": "AL/AL",
        "seccion": "70",
        "depto": "FORMOSA",
        "length_km": 0.3738,
        "num_points": 2
      }
    },
    {
      "type": "Feature",
      "geometry": {
        "type": "LineString",
        "coordinates": [
          [
            -58.1570893024485,
            -26.1265699067601
          ],
          [
            -58.1559500043548,
            -26.1295807417631
          ]
        ]
      },
      "properties": {
        "id": 73,
        "kml_id": 24084,
        "tension": "13.2",
        "n_distribu": "501",
        "localidad": "FORMOSA",
        "material": "AL/AL",
        "seccion": "35",
        "depto": "FORMOSA",
        "length_km": 0.3536,
        "num_points": 2
      }
    },
    {
      "type": "Feature",
      "geometry": {
        "type": "LineString",
        "coordinates": [
          [
            -58.1563551514418,
            -26.1262957643482
          ],
          [
            -58.155174486248,
            -26.1293696090055
          ]
        ]
      },
      "properties": {
        "id": 74,
        "kml_id": 24085,
        "tension": "13.2",
        "n_distribu": "501",
        "localidad": "FORMOSA",
        "material": "AL/AL",
        "seccion": "35",
        "depto": "FORMOSA",
        "length_km": 0.3615,
        "num_points": 2
      }
    },
    {
      "type": "Feature",
      "geometry": {
        "type": "LineString",
        "coordinates": [
          [
            -58.1618995640729,
            -26.1318868605917
          ],
          [
            -58.1619629222789,
            -26.1317480117573
          ],
          [
            -58.1620974427109,
            -26.131382729817
          ]
        ]
      },
      "properties": {
        "id": 75,
        "kml_id": 46076,
        "tension": "13.2",
        "n_distribu": "504",
        "localidad": "FORMOSA",
        "material": "AL",
        "seccion": "3x70",
        "depto": "FORMOSA",
        "length_km": 0.0595,
        "num_points": 3
      }
    },
    {
      "type": "Feature",
      "geometry": {
        "type": "LineString",
        "coordinates": [
          [
            -58.1613386636356,
            -26.1287890806236
          ],
          [
            -58.1546943901903,
            -26.1266564894402
          ]
        ]
      },
      "properties": {
        "id": 76,
        "kml_id": 24072,
        "tension": "13.2",
        "n_distribu": "501",
        "localidad": "FORMOSA",
        "material": "AL/AL",
        "seccion": "35",
        "depto": "FORMOSA",
        "length_km": 0.7044,
        "num_points": 2
      }
    },
    {
      "type": "Feature",
      "geometry": {
        "type": "LineString",
        "coordinates": [
          [
            -58.1605888084104,
            -26.1281529150626
          ],
          [
            -58.1593847863319,
            -26.1277567730834
          ]
        ]
      },
      "properties": {
        "id": 77,
        "kml_id": 24075,
        "tension": "13.2",
        "n_distribu": "501",
        "localidad": "FORMOSA",
        "material": "AL/AL",
        "seccion": "35",
        "depto": "FORMOSA",
        "length_km": 0.128,
        "num_points": 2
      }
    },
    {
      "type": "Feature",
      "geometry": {
        "type": "LineString",
        "coordinates": [
          [
            -58.1592283642955,
            -26.126656816304
          ],
          [
            -58.1546950543138,
            -26.1251946503902
          ]
        ]
      },
      "properties": {
        "id": 78,
        "kml_id": 24076,
        "tension": "13.2",
        "n_distribu": "501",
        "localidad": "FORMOSA",
        "material": "AL/AL",
        "seccion": "35",
        "depto": "FORMOSA",
        "length_km": 0.4809,
        "num_points": 2
      }
    },
    {
      "type": "Feature",
      "geometry": {
        "type": "LineString",
        "coordinates": [
          [
            -58.162099470119,
            -26.1313788988356
          ],
          [
            -58.162226525051,
            -26.1310161228444
          ]
        ]
      },
      "properties": {
        "id": 79,
        "kml_id": 23718,
        "tension": "13.2",
        "n_distribu": "501",
        "localidad": "FORMOSA",
        "material": "AL",
        "seccion": "3x70",
        "depto": "FORMOSA",
        "length_km": 0.0423,
        "num_points": 2
      }
    },
    {
      "type": "Feature",
      "geometry": {
        "type": "LineString",
        "coordinates": [
          [
            -58.1530987557537,
            -26.1250603378692
          ],
          [
            -58.1502274914069,
            -26.1250203666718
          ]
        ]
      },
      "properties": {
        "id": 80,
        "kml_id": 24077,
        "tension": "13.2",
        "n_distribu": "501",
        "localidad": "FORMOSA",
        "material": "AL/AL",
        "seccion": "35",
        "depto": "FORMOSA",
        "length_km": 0.2867,
        "num_points": 2
      }
    },
    {
      "type": "Feature",
      "geometry": {
        "type": "LineString",
        "coordinates": [
          [
            -58.1524271613583,
            -26.1257507580517
          ],
          [
            -58.1496816346053,
            -26.1257291351056
          ]
        ]
      },
      "properties": {
        "id": 81,
        "kml_id": 24078,
        "tension": "13.2",
        "n_distribu": "501",
        "localidad": "FORMOSA",
        "material": "AL/AL",
        "seccion": "35",
        "depto": "FORMOSA",
        "length_km": 0.2741,
        "num_points": 2
      }
    },
    {
      "type": "Feature",
      "geometry": {
        "type": "LineString",
        "coordinates": [
          [
            -58.2151927318758,
            -26.1971745241114
          ],
          [
            -58.2145918914891,
            -26.1986988555776
          ],
          [
            -58.2109638153717,
            -26.2074692930845
          ],
          [
            -58.2101055946953,
            -26.2071829599127
          ],
          [
            -58.2092835174447,
            -26.2069244143493
          ]
        ]
      },
      "properties": {
        "id": 82,
        "kml_id": 3130,
        "tension": "33",
        "n_distribu": "ALIMENTADOR 306",
        "localidad": "FORMOSA",
        "material": "AL",
        "seccion": "120",
        "depto": "FORMOSA",
        "length_km": 1.3983,
        "num_points": 5
      }
    },
    {
      "type": "Feature",
      "geometry": {
        "type": "LineString",
        "coordinates": [
          [
            -58.2296100948592,
            -26.1544192826314
          ],
          [
            -58.2295734224382,
            -26.1545102898206
          ],
          [
            -58.2201320076,
            -26.1781710994
          ],
          [
            -58.2189711997,
            -26.1780233006
          ],
          [
            -58.2197072907,
            -26.1792306064
          ],
          [
            -58.2192850981,
            -26.1803545998
          ],
          [
            -58.2098915946961,
            -26.1772607117643
          ],
          [
            -58.2098893671404,
            -26.1772594155769
          ]
        ]
      },
      "properties": {
        "id": 83,
        "kml_id": 23158,
        "tension": "33",
        "n_distribu": "ALIMENTADOR 308",
        "localidad": "FORMOSA",
        "material": "AL/AC",
        "seccion": "95/15",
        "depto": "FORMOSA",
        "length_km": 4.206,
        "num_points": 8
      }
    },
    {
      "type": "Feature",
      "geometry": {
        "type": "LineString",
        "coordinates": [
          [
            -58.2698748627789,
            -26.0841723180167
          ],
          [
            -58.2713309857033,
            -26.0830820429485
          ],
          [
            -58.2727943771282,
            -26.0819851050882
          ],
          [
            -58.2742686713038,
            -26.0809020985204
          ],
          [
            -58.2756969316432,
            -26.0799172167088
          ]
        ]
      },
      "properties": {
        "id": 84,
        "kml_id": 46166,
        "tension": "33",
        "n_distribu": "ALIMENTADOR 300",
        "localidad": "FORMOSA",
        "material": "AL/AC",
        "seccion": "95/15",
        "depto": "FORMOSA",
        "length_km": 0.7497,
        "num_points": 5
      }
    },
    {
      "type": "Feature",
      "geometry": {
        "type": "LineString",
        "coordinates": [
          [
            -58.1609705152669,
            -26.1286709172199
          ],
          [
            -58.1602984228232,
            -26.1303757963584
          ]
        ]
      },
      "properties": {
        "id": 85,
        "kml_id": 24079,
        "tension": "13.2",
        "n_distribu": "501",
        "localidad": "FORMOSA",
        "material": "AL/AL",
        "seccion": "35",
        "depto": "FORMOSA",
        "length_km": 0.2011,
        "num_points": 2
      }
    },
    {
      "type": "Feature",
      "geometry": {
        "type": "LineString",
        "coordinates": [
          [
            -58.1552326747859,
            -26.1248471191892
          ],
          [
            -58.153594973307,
            -26.1290510254782
          ]
        ]
      },
      "properties": {
        "id": 86,
        "kml_id": 24087,
        "tension": "13.2",
        "n_distribu": "501",
        "localidad": "FORMOSA",
        "material": "AL/AL",
        "seccion": "35",
        "depto": "FORMOSA",
        "length_km": 0.4952,
        "num_points": 2
      }
    },
    {
      "type": "Feature",
      "geometry": {
        "type": "LineString",
        "coordinates": [
          [
            -58.1528252154812,
            -26.1265003829569
          ],
          [
            -58.148498240347,
            -26.1264458511895
          ]
        ]
      },
      "properties": {
        "id": 87,
        "kml_id": 24073,
        "tension": "13.2",
        "n_distribu": "501",
        "localidad": "FORMOSA",
        "material": "AL/AL",
        "seccion": "35",
        "depto": "FORMOSA",
        "length_km": 0.432,
        "num_points": 2
      }
    },
    {
      "type": "Feature",
      "geometry": {
        "type": "LineString",
        "coordinates": [
          [
            -58.160073554846,
            -26.1273436907216
          ],
          [
            -58.1592916840552,
            -26.1294024182064
          ]
        ]
      },
      "properties": {
        "id": 88,
        "kml_id": 24080,
        "tension": "13.2",
        "n_distribu": "501",
        "localidad": "FORMOSA",
        "material": "AL/AL",
        "seccion": "35",
        "depto": "FORMOSA",
        "length_km": 0.2419,
        "num_points": 2
      }
    },
    {
      "type": "Feature",
      "geometry": {
        "type": "LineString",
        "coordinates": [
          [
            -58.2098435864273,
            -26.1772363875747
          ],
          [
            -58.2098179820172,
            -26.1772888766153
          ],
          [
            -58.2097552512125,
            -26.1773042392614
          ],
          [
            -58.2096899599669,
            -26.1772440688977
          ],
          [
            -58.2096118265093,
            -26.1771062451592
          ]
        ]
      },
      "properties": {
        "id": 89,
        "kml_id": 46199,
        "tension": "33",
        "n_distribu": "ALIMENTADOR 307",
        "localidad": "FORMOSA",
        "material": null,
        "seccion": null,
        "depto": "FORMOSA",
        "length_km": 0.0394,
        "num_points": 5
      }
    },
    {
      "type": "Feature",
      "geometry": {
        "type": "LineString",
        "coordinates": [
          [
            -58.2098798388995,
            -26.1772302292457
          ],
          [
            -58.2100841611968,
            -26.1767085099873
          ],
          [
            -58.2101550000646,
            -26.1765497626449
          ],
          [
            -58.2105057804824,
            -26.1756587291747
          ]
        ]
      },
      "properties": {
        "id": 90,
        "kml_id": 46200,
        "tension": "33",
        "n_distribu": "ALIMENTADOR 300",
        "localidad": "FORMOSA",
        "material": "AL/AC",
        "seccion": "95/15",
        "depto": "FORMOSA",
        "length_km": 0.1856,
        "num_points": 4
      }
    },
    {
      "type": "Feature",
      "geometry": {
        "type": "LineString",
        "coordinates": [
          [
            -58.2098797526565,
            -26.1772299864722
          ],
          [
            -58.2098392656831,
            -26.1773082399504
          ],
          [
            -58.2097656530041,
            -26.1773280833682
          ],
          [
            -58.2097061227507,
            -26.1772999185172
          ],
          [
            -58.2096683562459,
            -26.1772531904688
          ],
          [
            -58.2095838616927,
            -26.1770906024649
          ]
        ]
      },
      "properties": {
        "id": 91,
        "kml_id": 46201,
        "tension": "33",
        "n_distribu": null,
        "localidad": null,
        "material": null,
        "seccion": null,
        "depto": null,
        "length_km": 0.0503,
        "num_points": 6
      }
    },
    {
      "type": "Feature",
      "geometry": {
        "type": "LineString",
        "coordinates": [
          [
            -58.1851653970643,
            -26.177879248892
          ],
          [
            -58.1826226018254,
            -26.1841843663221
          ],
          [
            -58.1823912601599,
            -26.1842177387164
          ],
          [
            -58.1802043867916,
            -26.1835080090636
          ],
          [
            -58.1770145295182,
            -26.1824564011271
          ],
          [
            -58.1767862079789,
            -26.1825406626476
          ],
          [
            -58.1762727110249,
            -26.1839288636471
          ],
          [
            -58.1761273509247,
            -26.1838714271128
          ]
        ]
      },
      "properties": {
        "id": 92,
        "kml_id": 46010,
        "tension": "33",
        "n_distribu": "ALIMENTADOR 301-307",
        "localidad": "FORMOSA",
        "material": "AL",
        "seccion": "150",
        "depto": "FORMOSA",
        "length_km": 1.5433,
        "num_points": 8
      }
    },
    {
      "type": "Feature",
      "geometry": {
        "type": "LineString",
        "coordinates": [
          [
            -58.1762814693908,
            -26.1839430582402
          ],
          [
            -58.1768031206855,
            -26.1825527431523
          ],
          [
            -58.1770096973163,
            -26.1824748238968
          ],
          [
            -58.1823847668886,
            -26.1842328393473
          ]
        ]
      },
      "properties": {
        "id": 93,
        "kml_id": 22979,
        "tension": "33",
        "n_distribu": "ALIMENTADOR 300",
        "localidad": "FORMOSA",
        "material": "AL",
        "seccion": "150",
        "depto": "FORMOSA",
        "length_km": 0.7563,
        "num_points": 4
      }
    },
    {
      "type": "Feature",
      "geometry": {
        "type": "LineString",
        "coordinates": [
          [
            -58.1826352863554,
            -26.1841981078962
          ],
          [
            -58.18515739373,
            -26.1779269668857
          ]
        ]
      },
      "properties": {
        "id": 94,
        "kml_id": 22980,
        "tension": "33",
        "n_distribu": "ALIMENTADOR 300",
        "localidad": "FORMOSA",
        "material": "AL",
        "seccion": "150",
        "depto": "FORMOSA",
        "length_km": 0.7413,
        "num_points": 2
      }
    },
    {
      "type": "Feature",
      "geometry": {
        "type": "LineString",
        "coordinates": [
          [
            -58.2090723683732,
            -26.1760155281132
          ],
          [
            -58.2089863946157,
            -26.1760578885677
          ],
          [
            -58.2096118115576,
            -26.1771063049122
          ],
          [
            -58.2087385879029,
            -26.1777129599905
          ],
          [
            -58.2092249296488,
            -26.1785215763764
          ],
          [
            -58.2092080720493,
            -26.1786607576767
          ],
          [
            -58.2088911491785,
            -26.1794096107331
          ],
          [
            -58.2043544530699,
            -26.1779125616802
          ],
          [
            -58.2021293552942,
            -26.1835273655968
          ],
          [
            -58.1851723433545,
            -26.1780284431254
          ],
          [
            -58.18515739373,
            -26.1779269668857
          ]
        ]
      },
      "properties": {
        "id": 95,
        "kml_id": 34574,
        "tension": "33",
        "n_distribu": "ALIMENTADOR 300",
        "localidad": "FORMOSA",
        "material": "AL",
        "seccion": "150",
        "depto": "FORMOSA",
        "length_km": 3.4146,
        "num_points": 11
      }
    },
    {
      "type": "Feature",
      "geometry": {
        "type": "LineString",
        "coordinates": [
          [
            -58.2104358584395,
            -26.1756749586359
          ],
          [
            -58.2105275542331,
            -26.1757080843414
          ],
          [
            -58.2105155521659,
            -26.1757392897162
          ]
        ]
      },
      "properties": {
        "id": 96,
        "kml_id": 46202,
        "tension": "33",
        "n_distribu": "ALIMENTADOR 306",
        "localidad": "FORMOSA",
        "material": "AL",
        "seccion": null,
        "depto": "FORMOSA",
        "length_km": 0.0135,
        "num_points": 3
      }
    },
    {
      "type": "Feature",
      "geometry": {
        "type": "LineString",
        "coordinates": [
          [
            -58.2105059505121,
            -26.1757685747602
          ],
          [
            -58.2104872272872,
            -26.1758141826157
          ],
          [
            -58.2104502609202,
            -26.1758007403004
          ]
        ]
      },
      "properties": {
        "id": 97,
        "kml_id": 46203,
        "tension": "33",
        "n_distribu": "ALIMENTADOR 300",
        "localidad": "FORMOSA",
        "material": null,
        "seccion": null,
        "depto": "FORMOSA",
        "length_km": 0.0094,
        "num_points": 3
      }
    },
    {
      "type": "Feature",
      "geometry": {
        "type": "LineString",
        "coordinates": [
          [
            -58.2402350575,
            -26.2053513943
          ],
          [
            -58.2379916446175,
            -26.204613382958
          ]
        ]
      },
      "properties": {
        "id": 98,
        "kml_id": 2080,
        "tension": "13.2",
        "n_distribu": "033",
        "localidad": "FORMOSA",
        "material": "AL/AL",
        "seccion": null,
        "depto": "FORMOSA",
        "length_km": 0.2384,
        "num_points": 2
      }
    },
    {
      "type": "Feature",
      "geometry": {
        "type": "LineString",
        "coordinates": [
          [
            -58.3861868801491,
            -26.3884376449676
          ],
          [
            -58.3847410681289,
            -26.3884538121947
          ],
          [
            -58.3819810915088,
            -26.3888464448519
          ],
          [
            -58.3797130605122,
            -26.3891582413738
          ],
          [
            -58.3773295493223,
            -26.3894561802726
          ],
          [
            -58.3749552765478,
            -26.3897749056061
          ],
          [
            -58.3724955484303,
            -26.3901167269783
          ],
          [
            -58.3711167149222,
            -26.3902922568721
          ],
          [
            -58.3686847020511,
            -26.3906410070559
          ],
          [
            -58.3677308356543,
            -26.3907888217034
          ],
          [
            -58.3664605535279,
            -26.3895439452195
          ]
        ]
      },
      "properties": {
        "id": 99,
        "kml_id": 46232,
        "tension": "13.2",
        "n_distribu": "SALIDA RURAL C.D. HERRADURA",
        "localidad": "TATANE",
        "material": "AL/AL",
        "seccion": "35",
        "depto": "LAISHI",
        "length_km": 2.0458,
        "num_points": 11
      }
    },
    {
      "type": "Feature",
      "geometry": {
        "type": "LineString",
        "coordinates": [
          [
            -58.3968622412279,
            -26.0125125816647
          ],
          [
            -58.4331604696807,
            -25.9865473736725
          ],
          [
            -58.4379430818865,
            -25.9832821712067
          ],
          [
            -58.4706296698951,
            -25.9630764454642
          ],
          [
            -58.5064936122916,
            -25.9389266476422
          ],
          [
            -58.5276992162671,
            -25.9284723406988
          ]
        ]
      },
      "properties": {
        "id": 100,
        "kml_id": 2258,
        "tension": "13.2",
        "n_distribu": "SAL POLO CIENTIFICO",
        "localidad": "M BOEDO",
        "material": "AL/AL",
        "seccion": "25",
        "depto": null,
        "length_km": 16.1002,
        "num_points": 6
      }
    },
    {
      "type": "Feature",
      "geometry": {
        "type": "LineString",
        "coordinates": [
          [
            -58.1841593770586,
            -26.128095733209
          ],
          [
            -58.1837463942094,
            -26.1291487009501
          ],
          [
            -58.1825066819866,
            -26.1287660472983
          ],
          [
            -58.1808855524086,
            -26.1282860002925
          ]
        ]
      },
      "properties": {
        "id": 101,
        "kml_id": 46157,
        "tension": "13.2",
        "n_distribu": "023",
        "localidad": "FORMOSA",
        "material": "Al/AL",
        "seccion": "35",
        "depto": "FORMOSA",
        "length_km": 0.4254,
        "num_points": 4
      }
    },
    {
      "type": "Feature",
      "geometry": {
        "type": "LineString",
        "coordinates": [
          [
            -58.2627151304825,
            -26.204296286157
          ],
          [
            -58.2551430230446,
            -26.2018367330111
          ]
        ]
      },
      "properties": {
        "id": 102,
        "kml_id": 45988,
        "tension": "33",
        "n_distribu": "ALIMENTADOR 330",
        "localidad": "FORMOSA",
        "material": "AL",
        "seccion": "150",
        "depto": "FORMOSA",
        "length_km": 0.8034,
        "num_points": 2
      }
    },
    {
      "type": "Feature",
      "geometry": {
        "type": "LineString",
        "coordinates": [
          [
            -58.1618519791005,
            -26.1315714411623
          ],
          [
            -58.1614803499397,
            -26.1318748119057
          ],
          [
            -58.1611036645999,
            -26.1318520591
          ],
          [
            -58.1526269804093,
            -26.129238014527
          ],
          [
            -58.1500154639259,
            -26.1292000931841
          ]
        ]
      },
      "properties": {
        "id": 103,
        "kml_id": 46241,
        "tension": "13.2",
        "n_distribu": "503",
        "localidad": null,
        "material": null,
        "seccion": null,
        "depto": null,
        "length_km": 1.2433,
        "num_points": 5
      }
    },
    {
      "type": "Feature",
      "geometry": {
        "type": "LineString",
        "coordinates": [
          [
            -58.1506512784425,
            -26.1292089414974
          ],
          [
            -58.1504515593697,
            -26.1296399807621
          ]
        ]
      },
      "properties": {
        "id": 104,
        "kml_id": 46240,
        "tension": "13.2",
        "n_distribu": "503",
        "localidad": null,
        "material": null,
        "seccion": null,
        "depto": null,
        "length_km": 0.0519,
        "num_points": 2
      }
    },
    {
      "type": "Feature",
      "geometry": {
        "type": "LineString",
        "coordinates": [
          [
            -58.1497862807981,
            -26.1322957267543
          ],
          [
            -58.1497853403197,
            -26.1322954148382
          ]
        ]
      },
      "properties": {
        "id": 105,
        "kml_id": 46264,
        "tension": "13.2",
        "n_distribu": "504",
        "localidad": null,
        "material": "AL/AL",
        "seccion": null,
        "depto": null,
        "length_km": 0.0001,
        "num_points": 2
      }
    },
    {
      "type": "Feature",
      "geometry": {
        "type": "LineString",
        "coordinates": [
          [
            -58.1497853403197,
            -26.1322954148382
          ],
          [
            -58.1497795143575,
            -26.1322934826182
          ]
        ]
      },
      "properties": {
        "id": 106,
        "kml_id": 46265,
        "tension": "13.2",
        "n_distribu": "504",
        "localidad": null,
        "material": "AL/AL",
        "seccion": null,
        "depto": null,
        "length_km": 0.0006,
        "num_points": 2
      }
    },
    {
      "type": "Feature",
      "geometry": {
        "type": "LineString",
        "coordinates": [
          [
            -58.1497795143575,
            -26.1322934826182
          ],
          [
            -58.1494363856957,
            -26.1321796816626
          ]
        ]
      },
      "properties": {
        "id": 107,
        "kml_id": 46266,
        "tension": "13.2",
        "n_distribu": "503",
        "localidad": null,
        "material": "AL/AL",
        "seccion": null,
        "depto": null,
        "length_km": 0.0365,
        "num_points": 2
      }
    },
    {
      "type": "Feature",
      "geometry": {
        "type": "LineString",
        "coordinates": [
          [
            -58.1528536846783,
            -26.133313052124
          ],
          [
            -58.1497913849412,
            -26.132297419578
          ]
        ]
      },
      "properties": {
        "id": 108,
        "kml_id": 46267,
        "tension": "13.2",
        "n_distribu": "504",
        "localidad": null,
        "material": "AL/AL",
        "seccion": null,
        "depto": null,
        "length_km": 0.3259,
        "num_points": 2
      }
    },
    {
      "type": "Feature",
      "geometry": {
        "type": "LineString",
        "coordinates": [
          [
            -58.1670336133845,
            -26.1330564611453
          ],
          [
            -58.1676451827338,
            -26.1314232444462
          ]
        ]
      },
      "properties": {
        "id": 109,
        "kml_id": 24023,
        "tension": "13.2",
        "n_distribu": "501",
        "localidad": null,
        "material": null,
        "seccion": null,
        "depto": null,
        "length_km": 0.1916,
        "num_points": 2
      }
    },
    {
      "type": "Feature",
      "geometry": {
        "type": "LineString",
        "coordinates": [
          [
            -58.185397838,
            -26.13447564
          ],
          [
            -58.183828461,
            -26.1383860259
          ]
        ]
      },
      "properties": {
        "id": 110,
        "kml_id": 23844,
        "tension": "13.2",
        "n_distribu": "023",
        "localidad": "FORMOSA",
        "material": "AL/AL",
        "seccion": "35",
        "depto": "FORMOSA",
        "length_km": 0.4622,
        "num_points": 2
      }
    },
    {
      "type": "Feature",
      "geometry": {
        "type": "LineString",
        "coordinates": [
          [
            -58.1853977417684,
            -26.1344770788078
          ],
          [
            -58.1860423360512,
            -26.1328206118094
          ],
          [
            -58.1861298225992,
            -26.1322049045943
          ]
        ]
      },
      "properties": {
        "id": 111,
        "kml_id": 46269,
        "tension": "13.2",
        "n_distribu": "023",
        "localidad": "FORMOSA",
        "material": "AL/AL",
        "seccion": "35",
        "depto": "FORMOSA",
        "length_km": 0.2641,
        "num_points": 3
      }
    },
    {
      "type": "Feature",
      "geometry": {
        "type": "LineString",
        "coordinates": [
          [
            -58.1986737293529,
            -26.1790143104462
          ],
          [
            -58.1967435469097,
            -26.178379729917
          ]
        ]
      },
      "properties": {
        "id": 112,
        "kml_id": 46272,
        "tension": "13.2",
        "n_distribu": "112",
        "localidad": "FORMOSA",
        "material": "AL/AL",
        "seccion": "70",
        "depto": "FORMOSA",
        "length_km": 0.2051,
        "num_points": 2
      }
    },
    {
      "type": "Feature",
      "geometry": {
        "type": "LineString",
        "coordinates": [
          [
            -58.196742720633,
            -26.1783764248101
          ],
          [
            -58.1967129746707,
            -26.178453268546
          ]
        ]
      },
      "properties": {
        "id": 113,
        "kml_id": 46275,
        "tension": "13.2",
        "n_distribu": "112",
        "localidad": "FORMOSA",
        "material": null,
        "seccion": "70",
        "depto": "FORMOSA",
        "length_km": 0.009,
        "num_points": 2
      }
    },
    {
      "type": "Feature",
      "geometry": {
        "type": "LineString",
        "coordinates": [
          [
            -58.193453950565,
            -26.1796573089398
          ],
          [
            -58.2003450004,
            -26.1818200765
          ]
        ]
      },
      "properties": {
        "id": 114,
        "kml_id": 24005,
        "tension": "13.2",
        "n_distribu": "401",
        "localidad": "FORMOSA",
        "material": "AL/AL",
        "seccion": null,
        "depto": "FORMOSA",
        "length_km": 0.7285,
        "num_points": 2
      }
    },
    {
      "type": "Feature",
      "geometry": {
        "type": "LineString",
        "coordinates": [
          [
            -58.1955256150085,
            -26.180402455354
          ],
          [
            -58.1964394770728,
            -26.1780822702939
          ]
        ]
      },
      "properties": {
        "id": 115,
        "kml_id": 46273,
        "tension": "13.2",
        "n_distribu": "401",
        "localidad": "FORMOSA",
        "material": "AL/AL",
        "seccion": "70",
        "depto": "FORMOSA",
        "length_km": 0.2736,
        "num_points": 2
      }
    },
    {
      "type": "Feature",
      "geometry": {
        "type": "LineString",
        "coordinates": [
          [
            -58.1961469751101,
            -26.1781764658412
          ],
          [
            -58.196708843287,
            -26.1783681620427
          ]
        ]
      },
      "properties": {
        "id": 116,
        "kml_id": 46274,
        "tension": "13.2",
        "n_distribu": "401",
        "localidad": "FORMOSA",
        "material": "AL/AL",
        "seccion": "70",
        "depto": "FORMOSA",
        "length_km": 0.06,
        "num_points": 2
      }
    },
    {
      "type": "Feature",
      "geometry": {
        "type": "LineString",
        "coordinates": [
          [
            -58.1967104958405,
            -26.178367335766
          ],
          [
            -58.196687360092,
            -26.1784375692881
          ]
        ]
      },
      "properties": {
        "id": 117,
        "kml_id": 46276,
        "tension": "13.2",
        "n_distribu": "401",
        "localidad": "FORMOSA",
        "material": null,
        "seccion": null,
        "depto": "FORMOSA",
        "length_km": 0.0081,
        "num_points": 2
      }
    },
    {
      "type": "Feature",
      "geometry": {
        "type": "LineString",
        "coordinates": [
          [
            -58.3478592826,
            -26.398807448
          ],
          [
            -58.3458897896,
            -26.3975615694
          ],
          [
            -58.3446853447525,
            -26.396855616917
          ],
          [
            -58.3441893466983,
            -26.3962510478601
          ],
          [
            -58.3431443378,
            -26.3941954803
          ],
          [
            -58.342845562,
            -26.392806028
          ]
        ]
      },
      "properties": {
        "id": 118,
        "kml_id": 698,
        "tension": "13.2",
        "n_distribu": "SALIDA RURAL C.D. HERADURA",
        "localidad": "TATANE",
        "material": "AL/AL",
        "seccion": "25",
        "depto": "LAISHI",
        "length_km": 0.8754,
        "num_points": 6
      }
    },
    {
      "type": "Feature",
      "geometry": {
        "type": "LineString",
        "coordinates": [
          [
            -58.2295490531709,
            -26.2033878310409
          ],
          [
            -58.2285248239445,
            -26.2030380384702
          ]
        ]
      },
      "properties": {
        "id": 119,
        "kml_id": 46293,
        "tension": "13.2",
        "n_distribu": "601",
        "localidad": "FORMOSA",
        "material": "AL/AL",
        "seccion": "35",
        "depto": "FORMOSA",
        "length_km": 0.1093,
        "num_points": 2
      }
    },
    {
      "type": "Feature",
      "geometry": {
        "type": "LineString",
        "coordinates": [
          [
            -58.1501976851232,
            -26.2087170471409
          ],
          [
            -58.1499029395182,
            -26.2095751311012
          ],
          [
            -58.149915866957,
            -26.2097146972117
          ],
          [
            -58.1509773174122,
            -26.2100521101571
          ]
        ]
      },
      "properties": {
        "id": 120,
        "kml_id": 46294,
        "tension": "13.2",
        "n_distribu": "204",
        "localidad": "FORMOSA",
        "material": "AL/AL",
        "seccion": "50",
        "depto": "FORMOSA",
        "length_km": 0.2278,
        "num_points": 4
      }
    },
    {
      "type": "Feature",
      "geometry": {
        "type": "LineString",
        "coordinates": [
          [
            -58.1509172048217,
            -26.2097462058811
          ],
          [
            -58.150804736104,
            -26.210041091818
          ]
        ]
      },
      "properties": {
        "id": 121,
        "kml_id": 46295,
        "tension": "13.2",
        "n_distribu": null,
        "localidad": null,
        "material": null,
        "seccion": null,
        "depto": null,
        "length_km": 0.0347,
        "num_points": 2
      }
    },
    {
      "type": "Feature",
      "geometry": {
        "type": "LineString",
        "coordinates": [
          [
            -58.1685266461219,
            -26.1457109227273
          ],
          [
            -58.1712285365297,
            -26.1466239842168
          ]
        ]
      },
      "properties": {
        "id": 122,
        "kml_id": 23712,
        "tension": "13.2",
        "n_distribu": "91",
        "localidad": null,
        "material": null,
        "seccion": null,
        "depto": null,
        "length_km": 0.2882,
        "num_points": 2
      }
    },
    {
      "type": "Feature",
      "geometry": {
        "type": "LineString",
        "coordinates": [
          [
            -58.1664828672877,
            -26.1508115285482
          ],
          [
            -58.1663478370674,
            -26.1507684474779
          ],
          [
            -58.1646245942562,
            -26.1502193245821
          ]
        ]
      },
      "properties": {
        "id": 123,
        "kml_id": 23713,
        "tension": "13.2",
        "n_distribu": "91",
        "localidad": null,
        "material": null,
        "seccion": null,
        "depto": null,
        "length_km": 0.1968,
        "num_points": 3
      }
    },
    {
      "type": "Feature",
      "geometry": {
        "type": "LineString",
        "coordinates": [
          [
            -58.16464296427,
            -26.1503862613135
          ],
          [
            -58.1655479437625,
            -26.148117997154
          ]
        ]
      },
      "properties": {
        "id": 124,
        "kml_id": 23714,
        "tension": "13.2",
        "n_distribu": "91",
        "localidad": null,
        "material": null,
        "seccion": null,
        "depto": null,
        "length_km": 0.2679,
        "num_points": 2
      }
    },
    {
      "type": "Feature",
      "geometry": {
        "type": "LineString",
        "coordinates": [
          [
            -58.1598088379001,
            -26.1393882934127
          ],
          [
            -58.165977789964,
            -26.1413558766226
          ]
        ]
      },
      "properties": {
        "id": 125,
        "kml_id": 23716,
        "tension": "13.2",
        "n_distribu": "91",
        "localidad": "FORMOSA",
        "material": "AL/AL",
        "seccion": null,
        "depto": null,
        "length_km": 0.6535,
        "num_points": 2
      }
    },
    {
      "type": "Feature",
      "geometry": {
        "type": "LineString",
        "coordinates": [
          [
            -58.1590375581418,
            -26.1509478447706
          ],
          [
            -58.1589584690128,
            -26.1507645894717
          ],
          [
            -58.1591783753716,
            -26.1502283265968
          ]
        ]
      },
      "properties": {
        "id": 126,
        "kml_id": 46296,
        "tension": "13.2",
        "n_distribu": "91",
        "localidad": "FORMOSA",
        "material": "AL/AL",
        "seccion": null,
        "depto": "FORMOSA",
        "length_km": 0.0854,
        "num_points": 3
      }
    },
    {
      "type": "Feature",
      "geometry": {
        "type": "LineString",
        "coordinates": [
          [
            -58.1557606640461,
            -26.1451179150099
          ],
          [
            -58.1557944216011,
            -26.1450368968777
          ],
          [
            -58.1559130552947,
            -26.1449915653037
          ]
        ]
      },
      "properties": {
        "id": 127,
        "kml_id": 46297,
        "tension": "13.2",
        "n_distribu": "92",
        "localidad": "FORMOSA",
        "material": "SUBTERRANEO",
        "seccion": null,
        "depto": null,
        "length_km": 0.0225,
        "num_points": 3
      }
    },
    {
      "type": "Feature",
      "geometry": {
        "type": "LineString",
        "coordinates": [
          [
            -58.1510483504836,
            -26.1488568053594
          ],
          [
            -58.1477420806,
            -26.1573590133
          ],
          [
            -58.1475451649,
            -26.1570687948
          ],
          [
            -58.157834936,
            -26.1604621495
          ],
          [
            -58.1577752799,
            -26.1606058109
          ],
          [
            -58.1667555617,
            -26.1634324067
          ],
          [
            -58.1711141776246,
            -26.1648477689965
          ],
          [
            -58.17112911686,
            -26.164852620147
          ],
          [
            -58.1711500510413,
            -26.1648594180088
          ],
          [
            -58.1766591139477,
            -26.1666482943814
          ]
        ]
      },
      "properties": {
        "id": 128,
        "kml_id": 23767,
        "tension": "13.2",
        "n_distribu": "007",
        "localidad": "FORMOSA",
        "material": null,
        "seccion": null,
        "depto": "FORMOSA",
        "length_km": 4.1511,
        "num_points": 10
      }
    },
    {
      "type": "Feature",
      "geometry": {
        "type": "LineString",
        "coordinates": [
          [
            -58.1546538382091,
            -26.1527984821648
          ],
          [
            -58.1538769321917,
            -26.1525579595849
          ]
        ]
      },
      "properties": {
        "id": 129,
        "kml_id": 46298,
        "tension": "13.2",
        "n_distribu": "90",
        "localidad": "FORMOSA",
        "material": "AL/AL",
        "seccion": "35",
        "depto": null,
        "length_km": 0.082,
        "num_points": 2
      }
    },
    {
      "type": "Feature",
      "geometry": {
        "type": "LineString",
        "coordinates": [
          [
            -58.1676778363867,
            -26.1313877679308
          ],
          [
            -58.1676439620365,
            -26.1313761713065
          ]
        ]
      },
      "properties": {
        "id": 130,
        "kml_id": 46300,
        "tension": "13.2",
        "n_distribu": "501",
        "localidad": null,
        "material": null,
        "seccion": null,
        "depto": null,
        "length_km": 0.0036,
        "num_points": 2
      }
    },
    {
      "type": "Feature",
      "geometry": {
        "type": "LineString",
        "coordinates": [
          [
            -58.1676561690095,
            -26.1314268302446
          ],
          [
            -58.1676256515769,
            -26.1314170646661
          ]
        ]
      },
      "properties": {
        "id": 131,
        "kml_id": 46299,
        "tension": "13.2",
        "n_distribu": "501",
        "localidad": null,
        "material": null,
        "seccion": null,
        "depto": null,
        "length_km": 0.0032,
        "num_points": 2
      }
    },
    {
      "type": "Feature",
      "geometry": {
        "type": "LineString",
        "coordinates": [
          [
            -58.1676591444592,
            -26.1313815118572
          ],
          [
            -58.1680202798152,
            -26.1304211211355
          ]
        ]
      },
      "properties": {
        "id": 132,
        "kml_id": 46301,
        "tension": "13.2",
        "n_distribu": "501",
        "localidad": null,
        "material": null,
        "seccion": null,
        "depto": null,
        "length_km": 0.1127,
        "num_points": 2
      }
    },
    {
      "type": "Feature",
      "geometry": {
        "type": "LineString",
        "coordinates": [
          [
            -58.3597749314,
            -26.395303906
          ],
          [
            -58.3563537063,
            -26.3982523087
          ]
        ]
      },
      "properties": {
        "id": 133,
        "kml_id": 695,
        "tension": "13.2",
        "n_distribu": "SALIDA RURAL C.D. HERADURA",
        "localidad": "TATANE",
        "material": "AL/AL",
        "seccion": "25",
        "depto": "LAISHI",
        "length_km": 0.4729,
        "num_points": 2
      }
    },
    {
      "type": "Feature",
      "geometry": {
        "type": "LineString",
        "coordinates": [
          [
            -58.3535797822,
            -26.4027965305
          ],
          [
            -58.3523223752,
            -26.4017724002
          ],
          [
            -58.3510895988,
            -26.4008867529
          ],
          [
            -58.3496750978,
            -26.3999284259
          ],
          [
            -58.3478592826,
            -26.398807448
          ]
        ]
      },
      "properties": {
        "id": 134,
        "kml_id": 697,
        "tension": "13.2",
        "n_distribu": "SALIDA RURAL C.D. HERADURA",
        "localidad": "TATANE",
        "material": "AL/AL",
        "seccion": "25",
        "depto": "LAISHI",
        "length_km": 0.723,
        "num_points": 5
      }
    },
    {
      "type": "Feature",
      "geometry": {
        "type": "LineString",
        "coordinates": [
          [
            -58.3549743873,
            -26.4024413402
          ],
          [
            -58.355276325,
            -26.4021488824
          ],
          [
            -58.3558574622,
            -26.4016362637
          ],
          [
            -58.3579404547,
            -26.3997987525
          ]
        ]
      },
      "properties": {
        "id": 135,
        "kml_id": 699,
        "tension": "13.2",
        "n_distribu": "SALIDA RURAL C.D. HERADURA",
        "localidad": "TATANE",
        "material": "AL/AL",
        "seccion": "25",
        "depto": "LAISHI",
        "length_km": 0.4167,
        "num_points": 4
      }
    },
    {
      "type": "Feature",
      "geometry": {
        "type": "LineString",
        "coordinates": [
          [
            -58.3597159346,
            -26.4012430352
          ],
          [
            -58.3567930061,
            -26.3984924188
          ],
          [
            -58.3567572685,
            -26.3982793262
          ]
        ]
      },
      "properties": {
        "id": 136,
        "kml_id": 701,
        "tension": "13.2",
        "n_distribu": "SALIDA RURAL C.D. HERADURA",
        "localidad": "TATANE",
        "material": "AL/AL",
        "seccion": "25",
        "depto": "LAISHI",
        "length_km": 0.4462,
        "num_points": 3
      }
    },
    {
      "type": "Feature",
      "geometry": {
        "type": "LineString",
        "coordinates": [
          [
            -58.357412882,
            -26.3977143165
          ],
          [
            -58.3557157651,
            -26.3991768803
          ],
          [
            -58.3557157651,
            -26.3991768803
          ],
          [
            -58.3557089571,
            -26.399184421
          ],
          [
            -58.3557021719,
            -26.3991919783
          ],
          [
            -58.3556954094,
            -26.3991995521
          ],
          [
            -58.3556886698,
            -26.3992071425
          ],
          [
            -58.3556819531,
            -26.3992147493
          ],
          [
            -58.3556752593,
            -26.3992223724
          ],
          [
            -58.3556685884,
            -26.3992300119
          ],
          [
            -58.3556619407,
            -26.3992376676
          ],
          [
            -58.355655316,
            -26.3992453396
          ],
          [
            -58.3556487144,
            -26.3992530277
          ],
          [
            -58.355642136,
            -26.3992607319
          ],
          [
            -58.3556355809,
            -26.3992684522
          ],
          [
            -58.355629049,
            -26.3992761884
          ],
          [
            -58.3556225405,
            -26.3992839406
          ],
          [
            -58.3556160553,
            -26.3992917086
          ],
          [
            -58.3556095935,
            -26.3992994925
          ],
          [
            -58.3556031553,
            -26.3993072921
          ],
          [
            -58.3555967405,
            -26.3993151074
          ],
          [
            -58.3555903493,
            -26.3993229383
          ],
          [
            -58.3555839817,
            -26.3993307848
          ],
          [
            -58.3555776378,
            -26.3993386469
          ],
          [
            -58.3555713175,
            -26.3993465244
          ],
          [
            -58.355565021,
            -26.3993544173
          ],
          [
            -58.3555587483,
            -26.3993623256
          ],
          [
            -58.3555524995,
            -26.3993702492
          ],
          [
            -58.3555462745,
            -26.399378188
          ],
          [
            -58.3555400735,
            -26.399386142
          ],
          [
            -58.3555338965,
            -26.3993941111
          ],
          [
            -58.3555277434,
            -26.3994020953
          ],
          [
            -58.3555216145,
            -26.3994100944
          ],
          [
            -58.3555155097,
            -26.3994181085
          ],
          [
            -58.355509429,
            -26.3994261375
          ],
          [
            -58.3555033725,
            -26.3994341814
          ],
          [
            -58.3554973403,
            -26.3994422399
          ],
          [
            -58.3554913324,
            -26.3994503132
          ],
          [
            -58.3554853488,
            -26.3994584012
          ],
          [
            -58.3554793896,
            -26.3994665037
          ],
          [
            -58.3554734548,
            -26.3994746207
          ],
          [
            -58.3554675445,
            -26.3994827522
          ],
          [
            -58.3554616587,
            -26.3994908982
          ],
          [
            -58.3554557975,
            -26.3994990584
          ],
          [
            -58.3554499609,
            -26.399507233
          ],
          [
            -58.3554441489,
            -26.3995154218
          ],
          [
            -58.3554383616,
            -26.3995236247
          ],
          [
            -58.355432599,
            -26.3995318418
          ],
          [
            -58.3554268612,
            -26.3995400729
          ],
          [
            -58.3554211482,
            -26.399548318
          ],
          [
            -58.3554154601,
            -26.399556577
          ],
          [
            -58.3554097968,
            -26.3995648499
          ],
          [
            -58.3554041585,
            -26.3995731366
          ],
          [
            -58.3553985452,
            -26.399581437
          ],
          [
            -58.3553929569,
            -26.3995897511
          ],
          [
            -58.3553873937,
            -26.3995980788
          ],
          [
            -58.3553818556,
            -26.3996064201
          ],
          [
            -58.3553763426,
            -26.3996147749
          ],
          [
            -58.3553708548,
            -26.3996231432
          ],
          [
            -58.3553653922,
            -26.3996315247
          ],
          [
            -58.3553599549,
            -26.3996399197
          ],
          [
            -58.3553545429,
            -26.3996483278
          ],
          [
            -58.3553491562,
            -26.3996567492
          ],
          [
            -58.3553437949,
            -26.3996651837
          ],
          [
            -58.3553384591,
            -26.3996736312
          ],
          [
            -58.3553331487,
            -26.3996820917
          ],
          [
            -58.3553278638,
            -26.3996905652
          ],
          [
            -58.3553226045,
            -26.3996990516
          ],
          [
            -58.3553173707,
            -26.3997075508
          ],
          [
            -58.3553121625,
            -26.3997160627
          ],
          [
            -58.3553069801,
            -26.3997245874
          ],
          [
            -58.3553018233,
            -26.3997331246
          ],
          [
            -58.3552966922,
            -26.3997416744
          ],
          [
            -58.3552915869,
            -26.3997502368
          ],
          [
            -58.3552865074,
            -26.3997588115
          ],
          [
            -58.3552814538,
            -26.3997673987
          ],
          [
            -58.355276426,
            -26.3997759981
          ],
          [
            -58.3552714242,
            -26.3997846098
          ],
          [
            -58.3552664483,
            -26.3997932337
          ],
          [
            -58.3552614985,
            -26.3998018697
          ],
          [
            -58.3552565746,
            -26.3998105178
          ],
          [
            -58.3552516768,
            -26.3998191779
          ],
          [
            -58.3552468051,
            -26.3998278499
          ],
          [
            -58.3552419596,
            -26.3998365337
          ],
          [
            -58.3552371402,
            -26.3998452294
          ],
          [
            -58.3552323471,
            -26.3998539368
          ],
          [
            -58.3552275801,
            -26.3998626559
          ],
          [
            -58.3552228395,
            -26.3998713866
          ],
          [
            -58.3552181252,
            -26.3998801289
          ],
          [
            -58.3552134372,
            -26.3998888826
          ],
          [
            -58.3552087756,
            -26.3998976478
          ],
          [
            -58.3552041404,
            -26.3999064243
          ],
          [
            -58.3551995317,
            -26.3999152121
          ],
          [
            -58.3551949495,
            -26.3999240111
          ],
          [
            -58.3551903938,
            -26.3999328213
          ],
          [
            -58.3551858646,
            -26.3999416426
          ],
          [
            -58.355181362,
            -26.3999504749
          ],
          [
            -58.3551768861,
            -26.3999593182
          ],
          [
            -58.3551724368,
            -26.3999681724
          ],
          [
            -58.3551680141,
            -26.3999770374
          ],
          [
            -58.3551636182,
            -26.3999859132
          ],
          [
            -58.3551592491,
            -26.3999947997
          ],
          [
            -58.3551549067,
            -26.4000036968
          ],
          [
            -58.3551505912,
            -26.4000126045
          ],
          [
            -58.3551463025,
            -26.4000215228
          ],
          [
            -58.3551420406,
            -26.4000304514
          ],
          [
            -58.3551378057,
            -26.4000393905
          ],
          [
            -58.3551335977,
            -26.4000483398
          ],
          [
            -58.3551294167,
            -26.4000572994
          ],
          [
            -58.3551252627,
            -26.4000662692
          ],
          [
            -58.3551211357,
            -26.4000752491
          ],
          [
            -58.3551170358,
            -26.400084239
          ],
          [
            -58.355112963,
            -26.400093239
          ],
          [
            -58.3551089173,
            -26.4001022488
          ],
          [
            -58.3551048988,
            -26.4001112685
          ],
          [
            -58.3551009074,
            -26.400120298
          ],
          [
            -58.3550969432,
            -26.4001293372
          ],
          [
            -58.3550930063,
            -26.400138386
          ],
          [
            -58.3550890967,
            -26.4001474444
          ],
          [
            -58.3550852144,
            -26.4001565124
          ],
          [
            -58.3550813593,
            -26.4001655898
          ],
          [
            -58.3550775317,
            -26.4001746765
          ],
          [
            -58.3550737314,
            -26.4001837726
          ],
          [
            -58.3550699585,
            -26.400192878
          ],
          [
            -58.3550662131,
            -26.4002019925
          ],
          [
            -58.3550624952,
            -26.4002111161
          ],
          [
            -58.3550588047,
            -26.4002202488
          ],
          [
            -58.3550551418,
            -26.4002293905
          ],
          [
            -58.3550515064,
            -26.4002385411
          ],
          [
            -58.3550478986,
            -26.4002477005
          ],
          [
            -58.3550443183,
            -26.4002568687
          ],
          [
            -58.3550407658,
            -26.4002660457
          ],
          [
            -58.3550372408,
            -26.4002752312
          ],
          [
            -58.3550337436,
            -26.4002844254
          ],
          [
            -58.355030274,
            -26.400293628
          ],
          [
            -58.3550268322,
            -26.4003028391
          ],
          [
            -58.3550234182,
            -26.4003120586
          ],
          [
            -58.3550200319,
            -26.4003212864
          ],
          [
            -58.3550166734,
            -26.4003305224
          ],
          [
            -58.3550133428,
            -26.4003397666
          ],
          [
            -58.35501004,
            -26.4003490188
          ],
          [
            -58.3550067651,
            -26.4003582792
          ],
          [
            -58.3550035181,
            -26.4003675474
          ],
          [
            -58.355000299,
            -26.4003768236
          ],
          [
            -58.3549971079,
            -26.4003861076
          ],
          [
            -58.3549939448,
            -26.4003953994
          ],
          [
            -58.3549908097,
            -26.4004046989
          ],
          [
            -58.3549877025,
            -26.400414006
          ],
          [
            -58.3549846235,
            -26.4004233206
          ],
          [
            -58.3549815725,
            -26.4004326427
          ],
          [
            -58.3549785495,
            -26.4004419723
          ],
          [
            -58.3549755547,
            -26.4004513092
          ],
          [
            -58.3549725881,
            -26.4004606534
          ],
          [
            -58.3549696496,
            -26.4004700048
          ],
          [
            -58.3549667392,
            -26.4004793633
          ],
          [
            -58.3549638571,
            -26.4004887289
          ],
          [
            -58.3549610032,
            -26.4004981015
          ],
          [
            -58.3549581775,
            -26.4005074811
          ],
          [
            -58.3549553801,
            -26.4005168675
          ],
          [
            -58.354952611,
            -26.4005262607
          ],
          [
            -58.3549498701,
            -26.4005356607
          ],
          [
            -58.3549471576,
            -26.4005450673
          ],
          [
            -58.3549444735,
            -26.4005544805
          ],
          [
            -58.3549418177,
            -26.4005639002
          ],
          [
            -58.3549391903,
            -26.4005733264
          ],
          [
            -58.3549365913,
            -26.400582759
          ],
          [
            -58.3549340207,
            -26.4005921979
          ],
          [
            -58.3549314785,
            -26.400601643
          ],
          [
            -58.3549289648,
            -26.4006110943
          ],
          [
            -58.3549264796,
            -26.4006205517
          ],
          [
            -58.3549240229,
            -26.4006300151
          ],
          [
            -58.3549215947,
            -26.4006394845
          ],
          [
            -58.354919195,
            -26.4006489598
          ],
          [
            -58.3549168239,
            -26.4006584409
          ],
          [
            -58.3549144813,
            -26.4006679278
          ],
          [
            -58.3549121673,
            -26.4006774204
          ],
          [
            -58.354909882,
            -26.4006869186
          ],
          [
            -58.3549076252,
            -26.4006964223
          ],
          [
            -58.3549053971,
            -26.4007059316
          ],
          [
            -58.3549031976,
            -26.4007154462
          ],
          [
            -58.3549010268,
            -26.4007249661
          ],
          [
            -58.3548988847,
            -26.4007344914
          ],
          [
            -58.3548967713,
            -26.4007440218
          ],
          [
            -58.3548967713,
            -26.4007440218
          ],
          [
            -58.3548146275,
            -26.4017100491
          ],
          [
            -58.3550509582,
            -26.4027918355
          ],
          [
            -58.3552509506,
            -26.4031032045
          ],
          [
            -58.3555516355,
            -26.4033629104
          ],
          [
            -58.3555569622,
            -26.4033679587
          ]
        ]
      },
      "properties": {
        "id": 137,
        "kml_id": 702,
        "tension": "13.2",
        "n_distribu": "SALIDA RURAL C.D. HERADURA",
        "localidad": "TATANE",
        "material": "AL/AL",
        "seccion": "25",
        "depto": "LAISHI",
        "length_km": 0.7415,
        "num_points": 189
      }
    },
    {
      "type": "Feature",
      "geometry": {
        "type": "LineString",
        "coordinates": [
          [
            -58.3441300935,
            -26.3933415178
          ],
          [
            -58.3429949489,
            -26.3935007543
          ]
        ]
      },
      "properties": {
        "id": 138,
        "kml_id": 709,
        "tension": "13.2",
        "n_distribu": "SALIDA RURAL C.D. HERADURA",
        "localidad": "TATANE",
        "material": "AL/AL",
        "seccion": "25",
        "depto": "LAISHI",
        "length_km": 0.1144,
        "num_points": 2
      }
    },
    {
      "type": "Feature",
      "geometry": {
        "type": "LineString",
        "coordinates": [
          [
            -58.3597480074,
            -26.3952770924
          ],
          [
            -58.3598017933,
            -26.3953307732
          ]
        ]
      },
      "properties": {
        "id": 139,
        "kml_id": 711,
        "tension": "13.2",
        "n_distribu": "SALIDA RURAL C.D. HERADURA",
        "localidad": "TATANE",
        "material": "AL/AL",
        "seccion": "25",
        "depto": "LAISHI",
        "length_km": 0.008,
        "num_points": 2
      }
    },
    {
      "type": "Feature",
      "geometry": {
        "type": "LineString",
        "coordinates": [
          [
            -58.3188705030573,
            -26.3465725047487
          ],
          [
            -58.3190376080128,
            -26.346849910485
          ],
          [
            -58.3191299724341,
            -26.3470058536663
          ],
          [
            -58.3198799724341,
            -26.3483158536663
          ],
          [
            -58.3214399724341,
            -26.3509558536663
          ],
          [
            -58.3230499724341,
            -26.3537658536663
          ],
          [
            -58.3265735888227,
            -26.3599162524815
          ],
          [
            -58.3274971118818,
            -26.3615806832554
          ],
          [
            -58.3325885421579,
            -26.3703058010459
          ],
          [
            -58.336308530225,
            -26.3766772954907
          ],
          [
            -58.3386742513295,
            -26.3806416934955
          ],
          [
            -58.3406971059153,
            -26.3842516923772
          ],
          [
            -58.3416913907773,
            -26.3869763324453
          ],
          [
            -58.3422599724341,
            -26.3894858536663
          ],
          [
            -58.3424742423798,
            -26.3912958536663
          ],
          [
            -58.3428455620001,
            -26.3928060280001
          ]
        ]
      },
      "properties": {
        "id": 140,
        "kml_id": 715,
        "tension": "13.2",
        "n_distribu": "SALIDA RURAL C.D. HERRADURA",
        "localidad": "HERRADURA",
        "material": null,
        "seccion": null,
        "depto": null,
        "length_km": 5.6984,
        "num_points": 16
      }
    },
    {
      "type": "Feature",
      "geometry": {
        "type": "LineString",
        "coordinates": [
          [
            -58.3480742416122,
            -26.3988617209643
          ],
          [
            -58.3471829982061,
            -26.3999295554068
          ],
          [
            -58.3463048358859,
            -26.4011281406025
          ],
          [
            -58.3457218675215,
            -26.4007844975613
          ],
          [
            -58.3440363581228,
            -26.4029927052384
          ],
          [
            -58.3432158750614,
            -26.4040299286173
          ],
          [
            -58.3426393110666,
            -26.4047140761427
          ],
          [
            -58.3418645491096,
            -26.4059142788953
          ],
          [
            -58.3406791291931,
            -26.4083214249836
          ],
          [
            -58.3398677108499,
            -26.4109658664344
          ],
          [
            -58.3386543165949,
            -26.4151083774725
          ],
          [
            -58.3378876484081,
            -26.4170574117117
          ],
          [
            -58.3335977138918,
            -26.4237793353168
          ],
          [
            -58.3301601629652,
            -26.4293857870045
          ],
          [
            -58.3264077138918,
            -26.4351581614045
          ],
          [
            -58.3219877546331,
            -26.4419358015787
          ],
          [
            -58.3187226120386,
            -26.4468287110246
          ],
          [
            -58.3137389384285,
            -26.4526431301118
          ],
          [
            -58.3123745722164,
            -26.4543724855037
          ],
          [
            -58.3085539180578,
            -26.4613525961992
          ],
          [
            -58.3069329903298,
            -26.4640393877482
          ],
          [
            -58.3057860211511,
            -26.4683805456903
          ],
          [
            -58.3060747588564,
            -26.4725846896501
          ],
          [
            -58.3063102444478,
            -26.4754967699193
          ],
          [
            -58.3064183971207,
            -26.4769023467716
          ],
          [
            -58.3066390606524,
            -26.4794533159774
          ]
        ]
      },
      "properties": {
        "id": 141,
        "kml_id": 742,
        "tension": "13.2",
        "n_distribu": "SALIDA RURAL C.D. HERRADURA",
        "localidad": "HERRADURA",
        "material": "AL/AL",
        "seccion": null,
        "depto": "LAISHI",
        "length_km": 10.1747,
        "num_points": 26
      }
    },
    {
      "type": "Feature",
      "geometry": {
        "type": "LineString",
        "coordinates": [
          [
            -58.2163195817,
            -26.2027822562
          ],
          [
            -58.2173152312,
            -26.2018886502
          ],
          [
            -58.2177536911,
            -26.2013198058
          ],
          [
            -58.2180025466,
            -26.2006977953
          ]
        ]
      },
      "properties": {
        "id": 142,
        "kml_id": 2018,
        "tension": "13.2",
        "n_distribu": "704",
        "localidad": "FORMOSA",
        "material": "AL/AL",
        "seccion": null,
        "depto": "FORMOSA",
        "length_km": 0.2909,
        "num_points": 4
      }
    },
    {
      "type": "Feature",
      "geometry": {
        "type": "LineString",
        "coordinates": [
          [
            -58.2180025466,
            -26.2006977953
          ],
          [
            -58.217125627,
            -26.2004067252
          ]
        ]
      },
      "properties": {
        "id": 143,
        "kml_id": 2019,
        "tension": "13.2",
        "n_distribu": "704",
        "localidad": "FORMOSA",
        "material": "AL/AL",
        "seccion": null,
        "depto": "FORMOSA",
        "length_km": 0.0933,
        "num_points": 2
      }
    },
    {
      "type": "Feature",
      "geometry": {
        "type": "LineString",
        "coordinates": [
          [
            -58.2088370899,
            -26.2046497313
          ],
          [
            -58.2099085432,
            -26.2049777203
          ]
        ]
      },
      "properties": {
        "id": 144,
        "kml_id": 2020,
        "tension": "13.2",
        "n_distribu": "704",
        "localidad": "FORMOSA",
        "material": "AL/AL",
        "seccion": null,
        "depto": "FORMOSA",
        "length_km": 0.1129,
        "num_points": 2
      }
    },
    {
      "type": "Feature",
      "geometry": {
        "type": "LineString",
        "coordinates": [
          [
            -58.2091091419,
            -26.2067657346
          ],
          [
            -58.2092631953,
            -26.2063776611
          ],
          [
            -58.2089540511,
            -26.2062003789
          ]
        ]
      },
      "properties": {
        "id": 145,
        "kml_id": 2021,
        "tension": "13.2",
        "n_distribu": "702",
        "localidad": "FORMOSA",
        "material": "AL/AL",
        "seccion": null,
        "depto": "FORMOSA",
        "length_km": 0.0824,
        "num_points": 3
      }
    },
    {
      "type": "Feature",
      "geometry": {
        "type": "LineString",
        "coordinates": [
          [
            -58.2058808482139,
            -26.205266195382
          ],
          [
            -58.2051955465,
            -26.2049651593
          ],
          [
            -58.2047223124642,
            -26.2048125172831
          ],
          [
            -58.1973716772,
            -26.2024415383
          ]
        ]
      },
      "properties": {
        "id": 146,
        "kml_id": 2022,
        "tension": "13.2",
        "n_distribu": "702",
        "localidad": "FORMOSA",
        "material": "AL/AL",
        "seccion": null,
        "depto": "FORMOSA",
        "length_km": 0.9056,
        "num_points": 4
      }
    },
    {
      "type": "Feature",
      "geometry": {
        "type": "LineString",
        "coordinates": [
          [
            -58.2089540511,
            -26.2062003789
          ],
          [
            -58.206499945,
            -26.205384234
          ],
          [
            -58.2061378331,
            -26.2053242108
          ]
        ]
      },
      "properties": {
        "id": 147,
        "kml_id": 2023,
        "tension": "13.2",
        "n_distribu": "702",
        "localidad": "FORMOSA",
        "material": "AL/AL",
        "seccion": null,
        "depto": "FORMOSA",
        "length_km": 0.2979,
        "num_points": 3
      }
    },
    {
      "type": "Feature",
      "geometry": {
        "type": "LineString",
        "coordinates": [
          [
            -58.2061370249,
            -26.205324144
          ],
          [
            -58.205882252577,
            -26.205266195382
          ]
        ]
      },
      "properties": {
        "id": 148,
        "kml_id": 2024,
        "tension": "13.2",
        "n_distribu": "702",
        "localidad": "FORMOSA",
        "material": "AL/AL",
        "seccion": null,
        "depto": "FORMOSA",
        "length_km": 0.0262,
        "num_points": 2
      }
    },
    {
      "type": "Feature",
      "geometry": {
        "type": "LineString",
        "coordinates": [
          [
            -58.1968192768,
            -26.1986948044
          ],
          [
            -58.197632,
            -26.19666
          ]
        ]
      },
      "properties": {
        "id": 149,
        "kml_id": 2025,
        "tension": "13.2",
        "n_distribu": "703",
        "localidad": "FORMOSA",
        "material": "AL/AL",
        "seccion": null,
        "depto": "FORMOSA",
        "length_km": 0.2404,
        "num_points": 2
      }
    },
    {
      "type": "Feature",
      "geometry": {
        "type": "LineString",
        "coordinates": [
          [
            -58.1945435685,
            -26.1978201534
          ],
          [
            -58.1908727191,
            -26.1966361705
          ]
        ]
      },
      "properties": {
        "id": 150,
        "kml_id": 2026,
        "tension": "13.2",
        "n_distribu": "703",
        "localidad": "FORMOSA",
        "material": "AL/AL",
        "seccion": null,
        "depto": "FORMOSA",
        "length_km": 0.3892,
        "num_points": 2
      }
    },
    {
      "type": "Feature",
      "geometry": {
        "type": "LineString",
        "coordinates": [
          [
            -58.1921606261,
            -26.1971195694
          ],
          [
            -58.192679,
            -26.195825
          ]
        ]
      },
      "properties": {
        "id": 151,
        "kml_id": 2027,
        "tension": "13.2",
        "n_distribu": "703",
        "localidad": "FORMOSA",
        "material": "AL/AL",
        "seccion": null,
        "depto": "FORMOSA",
        "length_km": 0.153,
        "num_points": 2
      }
    },
    {
      "type": "Feature",
      "geometry": {
        "type": "LineString",
        "coordinates": [
          [
            -58.194633602,
            -26.1977339571
          ],
          [
            -58.1945435685,
            -26.1978201534
          ],
          [
            -58.1945435685,
            -26.1978201534
          ]
        ]
      },
      "properties": {
        "id": 152,
        "kml_id": 2028,
        "tension": "13.2",
        "n_distribu": "703",
        "localidad": "FORMOSA",
        "material": "AL/AL",
        "seccion": null,
        "depto": "FORMOSA",
        "length_km": 0.0131,
        "num_points": 3
      }
    },
    {
      "type": "Feature",
      "geometry": {
        "type": "LineString",
        "coordinates": [
          [
            -58.1949128267066,
            -26.1957903033214
          ],
          [
            -58.1936478792687,
            -26.1989067296536
          ]
        ]
      },
      "properties": {
        "id": 153,
        "kml_id": 2029,
        "tension": "13.2",
        "n_distribu": "703",
        "localidad": "FORMOSA",
        "material": "AL/AL",
        "seccion": null,
        "depto": "FORMOSA",
        "length_km": 0.3688,
        "num_points": 2
      }
    },
    {
      "type": "Feature",
      "geometry": {
        "type": "LineString",
        "coordinates": [
          [
            -58.2069138998,
            -26.2077074985
          ],
          [
            -58.2052644001,
            -26.211790498
          ],
          [
            -58.2052644001,
            -26.211790498
          ]
        ]
      },
      "properties": {
        "id": 154,
        "kml_id": 2030,
        "tension": "13.2",
        "n_distribu": "703",
        "localidad": "FORMOSA",
        "material": "AL/AL",
        "seccion": null,
        "depto": "FORMOSA",
        "length_km": 0.4829,
        "num_points": 3
      }
    },
    {
      "type": "Feature",
      "geometry": {
        "type": "LineString",
        "coordinates": [
          [
            -58.2001128839,
            -26.2185669032
          ],
          [
            -58.2003309358,
            -26.2179724654
          ],
          [
            -58.1999684029,
            -26.2162514956
          ],
          [
            -58.1999403009,
            -26.2153291015
          ],
          [
            -58.2003818044,
            -26.2132467962
          ]
        ]
      },
      "properties": {
        "id": 155,
        "kml_id": 2031,
        "tension": "13.2",
        "n_distribu": "703",
        "localidad": "FORMOSA",
        "material": "AL/AL",
        "seccion": null,
        "depto": "FORMOSA",
        "length_km": 0.6026,
        "num_points": 5
      }
    },
    {
      "type": "Feature",
      "geometry": {
        "type": "LineString",
        "coordinates": [
          [
            -58.2003818044,
            -26.2132467962
          ],
          [
            -58.200497395,
            -26.2127498029
          ],
          [
            -58.2002933957,
            -26.211132201
          ],
          [
            -58.2014202986,
            -26.208306304
          ]
        ]
      },
      "properties": {
        "id": 156,
        "kml_id": 2032,
        "tension": "13.2",
        "n_distribu": "703",
        "localidad": "FORMOSA",
        "material": "AL/AL",
        "seccion": null,
        "depto": "FORMOSA",
        "length_km": 0.5712,
        "num_points": 4
      }
    },
    {
      "type": "Feature",
      "geometry": {
        "type": "LineString",
        "coordinates": [
          [
            -58.2042352111,
            -26.208292512
          ],
          [
            -58.2049387912,
            -26.2067040883
          ]
        ]
      },
      "properties": {
        "id": 157,
        "kml_id": 2033,
        "tension": "13.2",
        "n_distribu": "703",
        "localidad": "FORMOSA",
        "material": "AL/AL",
        "seccion": null,
        "depto": "FORMOSA",
        "length_km": 0.1901,
        "num_points": 2
      }
    },
    {
      "type": "Feature",
      "geometry": {
        "type": "LineString",
        "coordinates": [
          [
            -58.2047008476,
            -26.2072523116
          ],
          [
            -58.2047021094,
            -26.2072494928
          ]
        ]
      },
      "properties": {
        "id": 158,
        "kml_id": 2034,
        "tension": "13.2",
        "n_distribu": "703",
        "localidad": "FORMOSA",
        "material": "AL/AL",
        "seccion": null,
        "depto": "FORMOSA",
        "length_km": 0.0003,
        "num_points": 2
      }
    },
    {
      "type": "Feature",
      "geometry": {
        "type": "LineString",
        "coordinates": [
          [
            -58.2027875218,
            -26.2129671739
          ],
          [
            -58.2024001384,
            -26.2139207316
          ]
        ]
      },
      "properties": {
        "id": 159,
        "kml_id": 2035,
        "tension": "13.2",
        "n_distribu": "703",
        "localidad": "FORMOSA",
        "material": "AL/AL",
        "seccion": null,
        "depto": "FORMOSA",
        "length_km": 0.1129,
        "num_points": 2
      }
    },
    {
      "type": "Feature",
      "geometry": {
        "type": "LineString",
        "coordinates": [
          [
            -58.2052644001,
            -26.211790498
          ],
          [
            -58.206581297,
            -26.2122282995
          ]
        ]
      },
      "properties": {
        "id": 160,
        "kml_id": 2036,
        "tension": "13.2",
        "n_distribu": "703",
        "localidad": "FORMOSA",
        "material": "AL/AL",
        "seccion": null,
        "depto": "FORMOSA",
        "length_km": 0.1401,
        "num_points": 2
      }
    },
    {
      "type": "Feature",
      "geometry": {
        "type": "LineString",
        "coordinates": [
          [
            -58.2021815352,
            -26.2064512559
          ],
          [
            -58.1988209701,
            -26.2053699578
          ]
        ]
      },
      "properties": {
        "id": 161,
        "kml_id": 2037,
        "tension": "13.2",
        "n_distribu": "703",
        "localidad": "FORMOSA",
        "material": "AL/AL",
        "seccion": null,
        "depto": "FORMOSA",
        "length_km": 0.3562,
        "num_points": 2
      }
    },
    {
      "type": "Feature",
      "geometry": {
        "type": "LineString",
        "coordinates": [
          [
            -58.2027721988,
            -26.2087557983
          ],
          [
            -58.2014202986,
            -26.208306304
          ]
        ]
      },
      "properties": {
        "id": 162,
        "kml_id": 2038,
        "tension": "13.2",
        "n_distribu": "703",
        "localidad": "FORMOSA",
        "material": "AL/AL",
        "seccion": null,
        "depto": "FORMOSA",
        "length_km": 0.1438,
        "num_points": 2
      }
    },
    {
      "type": "Feature",
      "geometry": {
        "type": "LineString",
        "coordinates": [
          [
            -58.189356,
            -26.19842
          ],
          [
            -58.182516,
            -26.196172
          ]
        ]
      },
      "properties": {
        "id": 163,
        "kml_id": 2039,
        "tension": "13.2",
        "n_distribu": "702",
        "localidad": "FORMOSA",
        "material": "AL/AL",
        "seccion": null,
        "depto": "FORMOSA",
        "length_km": 0.7268,
        "num_points": 2
      }
    },
    {
      "type": "Feature",
      "geometry": {
        "type": "LineString",
        "coordinates": [
          [
            -58.2014202986,
            -26.208306304
          ],
          [
            -58.2021803277,
            -26.2064508674
          ]
        ]
      },
      "properties": {
        "id": 164,
        "kml_id": 2040,
        "tension": "13.2",
        "n_distribu": "703",
        "localidad": "FORMOSA",
        "material": "AL/AL",
        "seccion": null,
        "depto": "FORMOSA",
        "length_km": 0.2198,
        "num_points": 2
      }
    },
    {
      "type": "Feature",
      "geometry": {
        "type": "LineString",
        "coordinates": [
          [
            -58.2055254616,
            -26.2148487874
          ],
          [
            -58.2031422706,
            -26.2140915686
          ]
        ]
      },
      "properties": {
        "id": 165,
        "kml_id": 2041,
        "tension": "13.2",
        "n_distribu": "705",
        "localidad": "FORMOSA",
        "material": "AL/AL",
        "seccion": null,
        "depto": "FORMOSA",
        "length_km": 0.2522,
        "num_points": 2
      }
    },
    {
      "type": "Feature",
      "geometry": {
        "type": "LineString",
        "coordinates": [
          [
            -58.2037361166,
            -26.197058381
          ],
          [
            -58.2033587207,
            -26.1969384432
          ]
        ]
      },
      "properties": {
        "id": 166,
        "kml_id": 2054,
        "tension": "13.2",
        "n_distribu": "701",
        "localidad": "FORMOSA",
        "material": "AL/AL",
        "seccion": null,
        "depto": "FORMOSA",
        "length_km": 0.0399,
        "num_points": 2
      }
    },
    {
      "type": "Feature",
      "geometry": {
        "type": "LineString",
        "coordinates": [
          [
            -58.2040512468,
            -26.1962513432
          ],
          [
            -58.2036738532,
            -26.1961314062
          ]
        ]
      },
      "properties": {
        "id": 167,
        "kml_id": 2055,
        "tension": "13.2",
        "n_distribu": "701",
        "localidad": "FORMOSA",
        "material": "AL/AL",
        "seccion": null,
        "depto": "FORMOSA",
        "length_km": 0.0399,
        "num_points": 2
      }
    },
    {
      "type": "Feature",
      "geometry": {
        "type": "LineString",
        "coordinates": [
          [
            -58.1906269698,
            -26.1998891939
          ],
          [
            -58.1806355142,
            -26.1966382657
          ]
        ]
      },
      "properties": {
        "id": 168,
        "kml_id": 2056,
        "tension": "13.2",
        "n_distribu": "1202",
        "localidad": "FORMOSA",
        "material": "AL/AL",
        "seccion": null,
        "depto": "FORMOSA",
        "length_km": 1.0604,
        "num_points": 2
      }
    },
    {
      "type": "Feature",
      "geometry": {
        "type": "LineString",
        "coordinates": [
          [
            -58.1906457913,
            -26.1998953153
          ],
          [
            -58.1930258272,
            -26.2006690263
          ],
          [
            -58.1939409866,
            -26.2009725734
          ],
          [
            -58.198258206,
            -26.2023967953
          ]
        ]
      },
      "properties": {
        "id": 169,
        "kml_id": 2057,
        "tension": "13.2",
        "n_distribu": "702",
        "localidad": "FORMOSA",
        "material": "AL/AL",
        "seccion": null,
        "depto": "FORMOSA",
        "length_km": 0.8088,
        "num_points": 4
      }
    },
    {
      "type": "Feature",
      "geometry": {
        "type": "LineString",
        "coordinates": [
          [
            -58.1855769754,
            -26.1994840847
          ],
          [
            -58.1810261885,
            -26.1979990699
          ]
        ]
      },
      "properties": {
        "id": 170,
        "kml_id": 2058,
        "tension": "13.2",
        "n_distribu": "702",
        "localidad": "FORMOSA",
        "material": "AL/AL",
        "seccion": null,
        "depto": "FORMOSA",
        "length_km": 0.4831,
        "num_points": 2
      }
    },
    {
      "type": "Feature",
      "geometry": {
        "type": "LineString",
        "coordinates": [
          [
            -58.197621,
            -26.20206
          ],
          [
            -58.1971968958,
            -26.2031013862
          ]
        ]
      },
      "properties": {
        "id": 171,
        "kml_id": 2059,
        "tension": "13.2",
        "n_distribu": "702",
        "localidad": "FORMOSA",
        "material": "AL/AL",
        "seccion": null,
        "depto": "FORMOSA",
        "length_km": 0.1233,
        "num_points": 2
      }
    },
    {
      "type": "Feature",
      "geometry": {
        "type": "LineString",
        "coordinates": [
          [
            -58.199193736,
            -26.2030292992
          ],
          [
            -58.198815,
            -26.203996
          ]
        ]
      },
      "properties": {
        "id": 172,
        "kml_id": 2061,
        "tension": "13.2",
        "n_distribu": "702",
        "localidad": "FORMOSA",
        "material": "AL/AL",
        "seccion": null,
        "depto": "FORMOSA",
        "length_km": 0.1139,
        "num_points": 2
      }
    },
    {
      "type": "Feature",
      "geometry": {
        "type": "LineString",
        "coordinates": [
          [
            -58.1939499832,
            -26.200906268
          ],
          [
            -58.1939267366,
            -26.2009622233
          ],
          [
            -58.1938853951,
            -26.2010617334
          ],
          [
            -58.193826730617,
            -26.2012029405277
          ]
        ]
      },
      "properties": {
        "id": 173,
        "kml_id": 2062,
        "tension": "13.2",
        "n_distribu": "702",
        "localidad": "FORMOSA",
        "material": "AL/AL",
        "seccion": null,
        "depto": "FORMOSA",
        "length_km": 0.0352,
        "num_points": 4
      }
    },
    {
      "type": "Feature",
      "geometry": {
        "type": "LineString",
        "coordinates": [
          [
            -58.1849634717,
            -26.1980225901
          ],
          [
            -58.1847140946,
            -26.1986434735
          ]
        ]
      },
      "properties": {
        "id": 174,
        "kml_id": 2063,
        "tension": "13.2",
        "n_distribu": "702",
        "localidad": "FORMOSA",
        "material": "AL/AL",
        "seccion": null,
        "depto": "FORMOSA",
        "length_km": 0.0734,
        "num_points": 2
      }
    },
    {
      "type": "Feature",
      "geometry": {
        "type": "LineString",
        "coordinates": [
          [
            -58.1861046541526,
            -26.1952310521186
          ],
          [
            -58.1849634717,
            -26.1980225901
          ]
        ]
      },
      "properties": {
        "id": 175,
        "kml_id": 2064,
        "tension": "13.2",
        "n_distribu": "702",
        "localidad": "FORMOSA",
        "material": "AL/AL",
        "seccion": null,
        "depto": "FORMOSA",
        "length_km": 0.3306,
        "num_points": 2
      }
    },
    {
      "type": "Feature",
      "geometry": {
        "type": "LineString",
        "coordinates": [
          [
            -58.1847072788,
            -26.198660443
          ],
          [
            -58.1844397053,
            -26.1993266233
          ]
        ]
      },
      "properties": {
        "id": 176,
        "kml_id": 2065,
        "tension": "13.2",
        "n_distribu": "702",
        "localidad": "FORMOSA",
        "material": "AL/AL",
        "seccion": null,
        "depto": "FORMOSA",
        "length_km": 0.0787,
        "num_points": 2
      }
    },
    {
      "type": "Feature",
      "geometry": {
        "type": "LineString",
        "coordinates": [
          [
            -58.218951004,
            -26.2091200028
          ],
          [
            -58.2186914621,
            -26.2097647226
          ]
        ]
      },
      "properties": {
        "id": 177,
        "kml_id": 2066,
        "tension": "13.2",
        "n_distribu": "704",
        "localidad": "FORMOSA",
        "material": "AL/AL",
        "seccion": null,
        "depto": "FORMOSA",
        "length_km": 0.0762,
        "num_points": 2
      }
    },
    {
      "type": "Feature",
      "geometry": {
        "type": "LineString",
        "coordinates": [
          [
            -58.2186846326,
            -26.2097816875
          ],
          [
            -58.2135572008,
            -26.2225170983
          ]
        ]
      },
      "properties": {
        "id": 178,
        "kml_id": 2067,
        "tension": "13.2",
        "n_distribu": "704",
        "localidad": "FORMOSA",
        "material": "AL/AL",
        "seccion": null,
        "depto": "FORMOSA",
        "length_km": 1.5057,
        "num_points": 2
      }
    },
    {
      "type": "Feature",
      "geometry": {
        "type": "LineString",
        "coordinates": [
          [
            -58.2432527521,
            -26.1992643686
          ],
          [
            -58.2407958724,
            -26.205404036
          ],
          [
            -58.2409533089,
            -26.2055842368
          ]
        ]
      },
      "properties": {
        "id": 179,
        "kml_id": 2068,
        "tension": "13.2",
        "n_distribu": "30",
        "localidad": "FORMOSA",
        "material": "AL/AL",
        "seccion": null,
        "depto": "FORMOSA",
        "length_km": 0.7508,
        "num_points": 3
      }
    },
    {
      "type": "Feature",
      "geometry": {
        "type": "LineString",
        "coordinates": [
          [
            -58.2424477434,
            -26.2012761326
          ],
          [
            -58.2425876397,
            -26.2015102254
          ]
        ]
      },
      "properties": {
        "id": 180,
        "kml_id": 2069,
        "tension": "13.2",
        "n_distribu": "30",
        "localidad": "FORMOSA",
        "material": "AL/AL",
        "seccion": null,
        "depto": "FORMOSA",
        "length_km": 0.0295,
        "num_points": 2
      }
    },
    {
      "type": "Feature",
      "geometry": {
        "type": "LineString",
        "coordinates": [
          [
            -58.2432370309099,
            -26.1992562678587
          ],
          [
            -58.2424303325,
            -26.2012704574
          ]
        ]
      },
      "properties": {
        "id": 181,
        "kml_id": 2070,
        "tension": "13.2",
        "n_distribu": "603",
        "localidad": "FORMOSA",
        "material": "AL/AL",
        "seccion": null,
        "depto": "FORMOSA",
        "length_km": 0.238,
        "num_points": 2
      }
    },
    {
      "type": "Feature",
      "geometry": {
        "type": "LineString",
        "coordinates": [
          [
            -58.2459093867,
            -26.200391419
          ],
          [
            -58.251694,
            -26.202241
          ]
        ]
      },
      "properties": {
        "id": 182,
        "kml_id": 2074,
        "tension": "13.2",
        "n_distribu": "603",
        "localidad": "FORMOSA",
        "material": "AL/AL",
        "seccion": null,
        "depto": "FORMOSA",
        "length_km": 0.6127,
        "num_points": 2
      }
    },
    {
      "type": "Feature",
      "geometry": {
        "type": "LineString",
        "coordinates": [
          [
            -58.2431068201,
            -26.1995814538
          ],
          [
            -58.2433169472,
            -26.1995702257
          ]
        ]
      },
      "properties": {
        "id": 183,
        "kml_id": 2075,
        "tension": "13.2",
        "n_distribu": "603",
        "localidad": "FORMOSA",
        "material": "AL/AL",
        "seccion": null,
        "depto": "FORMOSA",
        "length_km": 0.021,
        "num_points": 2
      }
    },
    {
      "type": "Feature",
      "geometry": {
        "type": "LineString",
        "coordinates": [
          [
            -58.2423521110232,
            -26.1993303991483
          ],
          [
            -58.2428361806,
            -26.1981203244
          ]
        ]
      },
      "properties": {
        "id": 184,
        "kml_id": 2076,
        "tension": "13.2",
        "n_distribu": "601",
        "localidad": "FORMOSA",
        "material": "AL/AL",
        "seccion": null,
        "depto": "FORMOSA",
        "length_km": 0.143,
        "num_points": 2
      }
    },
    {
      "type": "Feature",
      "geometry": {
        "type": "LineString",
        "coordinates": [
          [
            -58.2500810879655,
            -26.2063240280516
          ],
          [
            -58.2387767053,
            -26.2026807208
          ]
        ]
      },
      "properties": {
        "id": 185,
        "kml_id": 2078,
        "tension": "13.2",
        "n_distribu": "30",
        "localidad": "FORMOSA",
        "material": "AL/AL",
        "seccion": null,
        "depto": "FORMOSA",
        "length_km": 1.1984,
        "num_points": 2
      }
    },
    {
      "type": "Feature",
      "geometry": {
        "type": "LineString",
        "coordinates": [
          [
            -58.2493114897,
            -26.2082934522
          ],
          [
            -58.2402350575,
            -26.2053513943
          ]
        ]
      },
      "properties": {
        "id": 186,
        "kml_id": 2079,
        "tension": "13.2",
        "n_distribu": "033",
        "localidad": "FORMOSA",
        "material": "AL/AL",
        "seccion": "50",
        "depto": "FORMOSA",
        "length_km": 0.9628,
        "num_points": 2
      }
    },
    {
      "type": "Feature",
      "geometry": {
        "type": "LineString",
        "coordinates": [
          [
            -58.2428361806,
            -26.1981203244
          ],
          [
            -58.2429437192,
            -26.1978516632
          ]
        ]
      },
      "properties": {
        "id": 187,
        "kml_id": 2082,
        "tension": "13.2",
        "n_distribu": "601",
        "localidad": "FORMOSA",
        "material": "AL/AL",
        "seccion": null,
        "depto": "FORMOSA",
        "length_km": 0.0317,
        "num_points": 2
      }
    },
    {
      "type": "Feature",
      "geometry": {
        "type": "LineString",
        "coordinates": [
          [
            -58.2326939724,
            -26.2150151692
          ],
          [
            -58.231738583,
            -26.2155287936
          ]
        ]
      },
      "properties": {
        "id": 188,
        "kml_id": 2083,
        "tension": "13.2",
        "n_distribu": "601",
        "localidad": "FORMOSA",
        "material": "AL/AL",
        "seccion": null,
        "depto": "FORMOSA",
        "length_km": 0.1111,
        "num_points": 2
      }
    },
    {
      "type": "Feature",
      "geometry": {
        "type": "LineString",
        "coordinates": [
          [
            -58.2259810018,
            -26.2046670038
          ],
          [
            -58.2284588361,
            -26.2084874422
          ]
        ]
      },
      "properties": {
        "id": 189,
        "kml_id": 2084,
        "tension": "13.2",
        "n_distribu": "601",
        "localidad": "FORMOSA",
        "material": "AL/AL",
        "seccion": null,
        "depto": "FORMOSA",
        "length_km": 0.4915,
        "num_points": 2
      }
    },
    {
      "type": "Feature",
      "geometry": {
        "type": "LineString",
        "coordinates": [
          [
            -58.2284588361,
            -26.2084874422
          ],
          [
            -58.2304530632327,
            -26.2115619024331
          ]
        ]
      },
      "properties": {
        "id": 190,
        "kml_id": 2085,
        "tension": "13.2",
        "n_distribu": "601",
        "localidad": "FORMOSA",
        "material": "AL/AL",
        "seccion": null,
        "depto": "FORMOSA",
        "length_km": 0.3955,
        "num_points": 2
      }
    },
    {
      "type": "Feature",
      "geometry": {
        "type": "LineString",
        "coordinates": [
          [
            -58.2326410012,
            -26.2149350028
          ],
          [
            -58.2346260037,
            -26.2179390041
          ],
          [
            -58.2351694034552,
            -26.2187753626611
          ],
          [
            -58.2428349958,
            -26.2305730044
          ]
        ]
      },
      "properties": {
        "id": 191,
        "kml_id": 2086,
        "tension": "13.2",
        "n_distribu": "601",
        "localidad": "FORMOSA",
        "material": "AL/AL",
        "seccion": null,
        "depto": "FORMOSA",
        "length_km": 2.0144,
        "num_points": 4
      }
    },
    {
      "type": "Feature",
      "geometry": {
        "type": "LineString",
        "coordinates": [
          [
            -58.2255001084,
            -26.2016550847
          ],
          [
            -58.2294414763,
            -26.2077545757
          ],
          [
            -58.2284838698,
            -26.2082698885
          ]
        ]
      },
      "properties": {
        "id": 192,
        "kml_id": 2087,
        "tension": "13.2",
        "n_distribu": "601",
        "localidad": "FORMOSA",
        "material": "AL/AL",
        "seccion": null,
        "depto": "FORMOSA",
        "length_km": 0.8954,
        "num_points": 3
      }
    },
    {
      "type": "Feature",
      "geometry": {
        "type": "LineString",
        "coordinates": [
          [
            -58.2255197999,
            -26.2016616514
          ],
          [
            -58.2319759288249,
            -26.2037911646891
          ],
          [
            -58.2319759288249,
            -26.2037911646891
          ]
        ]
      },
      "properties": {
        "id": 193,
        "kml_id": 2089,
        "tension": "13.2",
        "n_distribu": "601",
        "localidad": "FORMOSA",
        "material": "AL/AL",
        "seccion": null,
        "depto": "FORMOSA",
        "length_km": 0.6863,
        "num_points": 3
      }
    },
    {
      "type": "Feature",
      "geometry": {
        "type": "LineString",
        "coordinates": [
          [
            -58.2375172410028,
            -26.1962268039038
          ],
          [
            -58.236961566,
            -26.1976143489
          ]
        ]
      },
      "properties": {
        "id": 194,
        "kml_id": 2090,
        "tension": "13.2",
        "n_distribu": "601",
        "localidad": "FORMOSA",
        "material": "AL/AL",
        "seccion": null,
        "depto": "FORMOSA",
        "length_km": 0.1639,
        "num_points": 2
      }
    },
    {
      "type": "Feature",
      "geometry": {
        "type": "LineString",
        "coordinates": [
          [
            -58.2319759288249,
            -26.2037911646891
          ],
          [
            -58.2328222234794,
            -26.2016511336835
          ]
        ]
      },
      "properties": {
        "id": 195,
        "kml_id": 2092,
        "tension": "13.2",
        "n_distribu": "601",
        "localidad": "FORMOSA",
        "material": "AL/AL",
        "seccion": null,
        "depto": "FORMOSA",
        "length_km": 0.2525,
        "num_points": 2
      }
    },
    {
      "type": "Feature",
      "geometry": {
        "type": "LineString",
        "coordinates": [
          [
            -58.229480343,
            -26.2029700194
          ],
          [
            -58.2289139993,
            -26.2045389986
          ]
        ]
      },
      "properties": {
        "id": 196,
        "kml_id": 2081,
        "tension": "13.2",
        "n_distribu": "601",
        "localidad": "FORMOSA",
        "material": "AL/AL",
        "seccion": "35",
        "depto": "FORMOSA",
        "length_km": 0.1834,
        "num_points": 2
      }
    },
    {
      "type": "Feature",
      "geometry": {
        "type": "LineString",
        "coordinates": [
          [
            -58.2189282657389,
            -26.1994187497042
          ],
          [
            -58.2248847808084,
            -26.2014455483693
          ],
          [
            -58.2255545602084,
            -26.2016734818693
          ]
        ]
      },
      "properties": {
        "id": 197,
        "kml_id": 2093,
        "tension": "13.2",
        "n_distribu": "601",
        "localidad": "FORMOSA",
        "material": "AL/AL",
        "seccion": null,
        "depto": "FORMOSA",
        "length_km": 0.707,
        "num_points": 3
      }
    },
    {
      "type": "Feature",
      "geometry": {
        "type": "LineString",
        "coordinates": [
          [
            -58.2247664125,
            -26.2014052649
          ],
          [
            -58.2238710022,
            -26.2018059968
          ]
        ]
      },
      "properties": {
        "id": 198,
        "kml_id": 2094,
        "tension": "13.2",
        "n_distribu": "601",
        "localidad": "FORMOSA",
        "material": "AL/AL",
        "seccion": null,
        "depto": "FORMOSA",
        "length_km": 0.0998,
        "num_points": 2
      }
    },
    {
      "type": "Feature",
      "geometry": {
        "type": "LineString",
        "coordinates": [
          [
            -58.2472992436,
            -26.2074351513
          ],
          [
            -58.243642245,
            -26.2166661571
          ]
        ]
      },
      "properties": {
        "id": 199,
        "kml_id": 2096,
        "tension": "13.2",
        "n_distribu": "033",
        "localidad": "FORMOSA",
        "material": "AL/AL",
        "seccion": null,
        "depto": "FORMOSA",
        "length_km": 1.0893,
        "num_points": 2
      }
    },
    {
      "type": "Feature",
      "geometry": {
        "type": "LineString",
        "coordinates": [
          [
            -58.2484259963,
            -26.2105940032
          ],
          [
            -58.2429080047,
            -26.2087809982
          ]
        ]
      },
      "properties": {
        "id": 200,
        "kml_id": 2097,
        "tension": "13.2",
        "n_distribu": "033",
        "localidad": "FORMOSA",
        "material": "AL/AL",
        "seccion": null,
        "depto": "FORMOSA",
        "length_km": 0.5862,
        "num_points": 2
      }
    },
    {
      "type": "Feature",
      "geometry": {
        "type": "LineString",
        "coordinates": [
          [
            -58.2474219997,
            -26.212669998
          ],
          [
            -58.2368820183,
            -26.2092745217
          ]
        ]
      },
      "properties": {
        "id": 201,
        "kml_id": 2098,
        "tension": "13.2",
        "n_distribu": "033",
        "localidad": "FORMOSA",
        "material": "AL/AL",
        "seccion": null,
        "depto": "FORMOSA",
        "length_km": 1.1172,
        "num_points": 2
      }
    },
    {
      "type": "Feature",
      "geometry": {
        "type": "LineString",
        "coordinates": [
          [
            -58.2368820183,
            -26.2092745217
          ],
          [
            -58.2315890016,
            -26.2075690032
          ]
        ]
      },
      "properties": {
        "id": 202,
        "kml_id": 2099,
        "tension": "13.2",
        "n_distribu": "033",
        "localidad": "FORMOSA",
        "material": "AL/AL",
        "seccion": null,
        "depto": "FORMOSA",
        "length_km": 0.5611,
        "num_points": 2
      }
    },
    {
      "type": "Feature",
      "geometry": {
        "type": "LineString",
        "coordinates": [
          [
            -58.2392879996,
            -26.2076940018
          ],
          [
            -58.2324070021,
            -26.2055479961
          ]
        ]
      },
      "properties": {
        "id": 203,
        "kml_id": 2100,
        "tension": "13.2",
        "n_distribu": "033",
        "localidad": "FORMOSA",
        "material": "AL/AL",
        "seccion": null,
        "depto": "FORMOSA",
        "length_km": 0.7268,
        "num_points": 2
      }
    },
    {
      "type": "Feature",
      "geometry": {
        "type": "LineString",
        "coordinates": [
          [
            -58.2465749609,
            -26.2147934871
          ],
          [
            -58.240207319,
            -26.2127147095
          ]
        ]
      },
      "properties": {
        "id": 204,
        "kml_id": 2103,
        "tension": "13.2",
        "n_distribu": "033",
        "localidad": "FORMOSA",
        "material": "AL/AL",
        "seccion": null,
        "depto": "FORMOSA",
        "length_km": 0.676,
        "num_points": 2
      }
    },
    {
      "type": "Feature",
      "geometry": {
        "type": "LineString",
        "coordinates": [
          [
            -58.2474530043,
            -26.2174960031
          ],
          [
            -58.2476052283,
            -26.2171190205
          ],
          [
            -58.2467286284,
            -26.2168351851
          ],
          [
            -58.2466154397,
            -26.2171190869
          ],
          [
            -58.2408810043,
            -26.215234999
          ]
        ]
      },
      "properties": {
        "id": 205,
        "kml_id": 2104,
        "tension": "13.2",
        "n_distribu": "033",
        "localidad": "FORMOSA",
        "material": "AL/AL",
        "seccion": null,
        "depto": "FORMOSA",
        "length_km": 0.7803,
        "num_points": 5
      }
    },
    {
      "type": "Feature",
      "geometry": {
        "type": "LineString",
        "coordinates": [
          [
            -58.235318518618,
            -26.213464307425
          ],
          [
            -58.2340171822284,
            -26.2130364708037
          ]
        ]
      },
      "properties": {
        "id": 206,
        "kml_id": 2105,
        "tension": "13.2",
        "n_distribu": "033",
        "localidad": "FORMOSA",
        "material": "AL/AL",
        "seccion": null,
        "depto": "FORMOSA",
        "length_km": 0.1383,
        "num_points": 2
      }
    },
    {
      "type": "Feature",
      "geometry": {
        "type": "LineString",
        "coordinates": [
          [
            -58.234015484464,
            -26.2133624415627
          ],
          [
            -58.237570603055,
            -26.2043642904013
          ]
        ]
      },
      "properties": {
        "id": 207,
        "kml_id": 2106,
        "tension": "13.2",
        "n_distribu": "033",
        "localidad": "FORMOSA",
        "material": "AL/AL",
        "seccion": null,
        "depto": "FORMOSA",
        "length_km": 1.0615,
        "num_points": 2
      }
    },
    {
      "type": "Feature",
      "geometry": {
        "type": "LineString",
        "coordinates": [
          [
            -58.2397796000886,
            -26.1968008628742
          ],
          [
            -58.2405817937536,
            -26.1947122943678
          ]
        ]
      },
      "properties": {
        "id": 208,
        "kml_id": 2107,
        "tension": "13.2",
        "n_distribu": "601",
        "localidad": "FORMOSA",
        "material": "AL/AL",
        "seccion": null,
        "depto": "FORMOSA",
        "length_km": 0.2456,
        "num_points": 2
      }
    },
    {
      "type": "Feature",
      "geometry": {
        "type": "LineString",
        "coordinates": [
          [
            -58.2414858998,
            -26.2036797444
          ],
          [
            -58.2416733572,
            -26.2036143952
          ]
        ]
      },
      "properties": {
        "id": 209,
        "kml_id": 2109,
        "tension": "13.2",
        "n_distribu": "30",
        "localidad": "FORMOSA",
        "material": "AL/AL",
        "seccion": null,
        "depto": "FORMOSA",
        "length_km": 0.0201,
        "num_points": 2
      }
    },
    {
      "type": "Feature",
      "geometry": {
        "type": "LineString",
        "coordinates": [
          [
            -58.399332368715,
            -26.0273104542615
          ],
          [
            -58.3945815180764,
            -26.0141161554009
          ]
        ]
      },
      "properties": {
        "id": 210,
        "kml_id": 2119,
        "tension": "13.2",
        "n_distribu": "SAL POLO CIENTIFICO",
        "localidad": "M BOEDO",
        "material": "AL/AL",
        "seccion": null,
        "depto": null,
        "length_km": 1.542,
        "num_points": 2
      }
    },
    {
      "type": "Feature",
      "geometry": {
        "type": "LineString",
        "coordinates": [
          [
            -58.289623909,
            -26.2225109188
          ],
          [
            -58.2834323959,
            -26.2204898241
          ]
        ]
      },
      "properties": {
        "id": 211,
        "kml_id": 2193,
        "tension": "13.2",
        "n_distribu": "SALIDA VILLA DEL CARMEN",
        "localidad": "FORMOSA",
        "material": "AL/AL",
        "seccion": "35",
        "depto": "FORMOSA",
        "length_km": 0.6572,
        "num_points": 2
      }
    },
    {
      "type": "Feature",
      "geometry": {
        "type": "LineString",
        "coordinates": [
          [
            -58.2895298199,
            -26.222355732
          ],
          [
            -58.2848180538,
            -26.2343621354
          ]
        ]
      },
      "properties": {
        "id": 212,
        "kml_id": 2194,
        "tension": "13.2",
        "n_distribu": "SALIDA VILLA DEL CARMEN",
        "localidad": "FORMOSA",
        "material": "AL/AL",
        "seccion": "35",
        "depto": "FORMOSA",
        "length_km": 1.4154,
        "num_points": 2
      }
    },
    {
      "type": "Feature",
      "geometry": {
        "type": "LineString",
        "coordinates": [
          [
            -58.3044688999,
            -26.2364668975
          ],
          [
            -58.3048908394,
            -26.2357771439
          ]
        ]
      },
      "properties": {
        "id": 213,
        "kml_id": 2195,
        "tension": "13.2",
        "n_distribu": "SALIDA VILLA DEL CARMEN",
        "localidad": "FORMOSA",
        "material": "AL/AL",
        "seccion": "25",
        "depto": "FORMOSA",
        "length_km": 0.0875,
        "num_points": 2
      }
    },
    {
      "type": "Feature",
      "geometry": {
        "type": "LineString",
        "coordinates": [
          [
            -58.3049101733,
            -26.2357455382
          ],
          [
            -58.3061656084072,
            -26.2333508231418
          ]
        ]
      },
      "properties": {
        "id": 214,
        "kml_id": 2196,
        "tension": "13.2",
        "n_distribu": "SALIDA VILLA DEL CARMEN",
        "localidad": "FORMOSA",
        "material": "AL/AL",
        "seccion": "25",
        "depto": "FORMOSA",
        "length_km": 0.2943,
        "num_points": 2
      }
    },
    {
      "type": "Feature",
      "geometry": {
        "type": "LineString",
        "coordinates": [
          [
            -58.250023001,
            -26.2416259991
          ],
          [
            -58.2492391623559,
            -26.2421079524146
          ],
          [
            -58.2490611451146,
            -26.242167291495
          ]
        ]
      },
      "properties": {
        "id": 215,
        "kml_id": 2197,
        "tension": "13.2",
        "n_distribu": "SALIDA VILLA DEL CARMEN",
        "localidad": "FORMOSA",
        "material": "AL/AL",
        "seccion": "35",
        "depto": "FORMOSA",
        "length_km": 0.1137,
        "num_points": 3
      }
    },
    {
      "type": "Feature",
      "geometry": {
        "type": "LineString",
        "coordinates": [
          [
            -58.2472008649422,
            -26.2467003027498
          ],
          [
            -58.2485900005549,
            -26.243317431458
          ],
          [
            -58.2490392264182,
            -26.2422234399617
          ],
          [
            -58.2490611451146,
            -26.242167291495
          ]
        ]
      },
      "properties": {
        "id": 216,
        "kml_id": 2198,
        "tension": "13.2",
        "n_distribu": "SALIDA VILLA DEL CARMEN",
        "localidad": "FORMOSA",
        "material": "AL/AL",
        "seccion": "35",
        "depto": "FORMOSA",
        "length_km": 0.5371,
        "num_points": 4
      }
    },
    {
      "type": "Feature",
      "geometry": {
        "type": "LineString",
        "coordinates": [
          [
            -58.2501680069,
            -26.2650090405
          ],
          [
            -58.2507950971,
            -26.2649983975
          ]
        ]
      },
      "properties": {
        "id": 217,
        "kml_id": 2199,
        "tension": "13.2",
        "n_distribu": "SALIDA VILLA DEL CARMEN",
        "localidad": "FORMOSA",
        "material": "AL/AL",
        "seccion": "35",
        "depto": "FORMOSA",
        "length_km": 0.0625,
        "num_points": 2
      }
    },
    {
      "type": "Feature",
      "geometry": {
        "type": "LineString",
        "coordinates": [
          [
            -58.2507950971,
            -26.2649983975
          ],
          [
            -58.2533003348,
            -26.2589427516
          ]
        ]
      },
      "properties": {
        "id": 218,
        "kml_id": 2200,
        "tension": "13.2",
        "n_distribu": "SALIDA VILLA DEL CARMEN",
        "localidad": "FORMOSA",
        "material": "AL/AL",
        "seccion": "35",
        "depto": "FORMOSA",
        "length_km": 0.7182,
        "num_points": 2
      }
    },
    {
      "type": "Feature",
      "geometry": {
        "type": "LineString",
        "coordinates": [
          [
            -58.2469640046,
            -26.2671220002
          ],
          [
            -58.2478726035224,
            -26.2655662440022
          ]
        ]
      },
      "properties": {
        "id": 219,
        "kml_id": 2201,
        "tension": "13.2",
        "n_distribu": "SALIDA VILLA DEL CARMEN",
        "localidad": "FORMOSA",
        "material": "AL/AL",
        "seccion": "35",
        "depto": "FORMOSA",
        "length_km": 0.1953,
        "num_points": 2
      }
    },
    {
      "type": "Feature",
      "geometry": {
        "type": "LineString",
        "coordinates": [
          [
            -58.2478726035224,
            -26.2655662440022
          ],
          [
            -58.2485789987,
            -26.2650359968
          ]
        ]
      },
      "properties": {
        "id": 220,
        "kml_id": 2202,
        "tension": "13.2",
        "n_distribu": "SALIDA VILLA DEL CARMEN",
        "localidad": "FORMOSA",
        "material": "AL/AL",
        "seccion": "35",
        "depto": "FORMOSA",
        "length_km": 0.0919,
        "num_points": 2
      }
    },
    {
      "type": "Feature",
      "geometry": {
        "type": "LineString",
        "coordinates": [
          [
            -58.2485789987,
            -26.2650359968
          ],
          [
            -58.2485789987,
            -26.2650359968
          ]
        ]
      },
      "properties": {
        "id": 221,
        "kml_id": 2203,
        "tension": "13.2",
        "n_distribu": "SALIDA VILLA DEL CARMEN",
        "localidad": "FORMOSA",
        "material": "AL/AL",
        "seccion": "35",
        "depto": "FORMOSA",
        "length_km": 0.0,
        "num_points": 2
      }
    },
    {
      "type": "Feature",
      "geometry": {
        "type": "LineString",
        "coordinates": [
          [
            -58.2450420042,
            -26.2544929997
          ],
          [
            -58.2530290406,
            -26.2502612166
          ]
        ]
      },
      "properties": {
        "id": 222,
        "kml_id": 2206,
        "tension": "13.2",
        "n_distribu": "SALIDA VILLA DEL CARMEN",
        "localidad": "FORMOSA",
        "material": "AL/AL",
        "seccion": "35",
        "depto": "FORMOSA",
        "length_km": 0.9251,
        "num_points": 2
      }
    },
    {
      "type": "Feature",
      "geometry": {
        "type": "LineString",
        "coordinates": [
          [
            -58.2459609955,
            -26.2536069975
          ],
          [
            -58.2462218194,
            -26.2539865438
          ]
        ]
      },
      "properties": {
        "id": 223,
        "kml_id": 2207,
        "tension": "13.2",
        "n_distribu": "SALIDA VILLA DEL CARMEN",
        "localidad": "FORMOSA",
        "material": "AL/AL",
        "seccion": "35",
        "depto": "FORMOSA",
        "length_km": 0.0496,
        "num_points": 2
      }
    },
    {
      "type": "Feature",
      "geometry": {
        "type": "LineString",
        "coordinates": [
          [
            -58.2451050031,
            -26.2543639971
          ],
          [
            -58.2460390011,
            -26.2557080017
          ]
        ]
      },
      "properties": {
        "id": 224,
        "kml_id": 2208,
        "tension": "13.2",
        "n_distribu": "SALIDA VILLA DEL CARMEN",
        "localidad": "FORMOSA",
        "material": "AL/AL",
        "seccion": "35",
        "depto": "FORMOSA",
        "length_km": 0.1761,
        "num_points": 2
      }
    },
    {
      "type": "Feature",
      "geometry": {
        "type": "LineString",
        "coordinates": [
          [
            -58.2593148984,
            -26.2559344976
          ],
          [
            -58.2586190799,
            -26.2563290399
          ]
        ]
      },
      "properties": {
        "id": 225,
        "kml_id": 2209,
        "tension": "13.2",
        "n_distribu": "SALIDA VILLA DEL CARMEN",
        "localidad": "FORMOSA",
        "material": "AL/AL",
        "seccion": "35",
        "depto": "FORMOSA",
        "length_km": 0.0821,
        "num_points": 2
      }
    },
    {
      "type": "Feature",
      "geometry": {
        "type": "LineString",
        "coordinates": [
          [
            -58.2586190799,
            -26.2563290399
          ],
          [
            -58.2582990580829,
            -26.2565011265181
          ]
        ]
      },
      "properties": {
        "id": 226,
        "kml_id": 2210,
        "tension": "13.2",
        "n_distribu": "SALIDA VILLA DEL CARMEN",
        "localidad": "FORMOSA",
        "material": "AL/AL",
        "seccion": "35",
        "depto": "FORMOSA",
        "length_km": 0.0372,
        "num_points": 2
      }
    },
    {
      "type": "Feature",
      "geometry": {
        "type": "LineString",
        "coordinates": [
          [
            -58.2556335154,
            -26.2579344795
          ],
          [
            -58.2530013416849,
            -26.2593163025893
          ]
        ]
      },
      "properties": {
        "id": 227,
        "kml_id": 2211,
        "tension": "13.2",
        "n_distribu": "SALIDA VILLA DEL CARMEN",
        "localidad": "FORMOSA",
        "material": "AL/AL",
        "seccion": "35",
        "depto": "FORMOSA",
        "length_km": 0.3041,
        "num_points": 2
      }
    },
    {
      "type": "Feature",
      "geometry": {
        "type": "LineString",
        "coordinates": [
          [
            -58.2650090029,
            -26.2593620037
          ],
          [
            -58.2658791274,
            -26.2597035931
          ]
        ]
      },
      "properties": {
        "id": 228,
        "kml_id": 2212,
        "tension": "13.2",
        "n_distribu": "SALIDA VILLA DEL CARMEN",
        "localidad": "FORMOSA",
        "material": "AL/AL",
        "seccion": "35",
        "depto": "FORMOSA",
        "length_km": 0.0947,
        "num_points": 2
      }
    },
    {
      "type": "Feature",
      "geometry": {
        "type": "LineString",
        "coordinates": [
          [
            -58.2650349973,
            -26.2618679983
          ],
          [
            -58.2654513097,
            -26.2614956804
          ]
        ]
      },
      "properties": {
        "id": 229,
        "kml_id": 2213,
        "tension": "13.2",
        "n_distribu": "SALIDA VILLA DEL CARMEN",
        "localidad": "FORMOSA",
        "material": "AL/AL",
        "seccion": "35",
        "depto": "FORMOSA",
        "length_km": 0.0586,
        "num_points": 2
      }
    },
    {
      "type": "Feature",
      "geometry": {
        "type": "LineString",
        "coordinates": [
          [
            -58.2654513097,
            -26.2614956804
          ],
          [
            -58.2657435323,
            -26.261110772
          ]
        ]
      },
      "properties": {
        "id": 230,
        "kml_id": 2214,
        "tension": "13.2",
        "n_distribu": "SALIDA VILLA DEL CARMEN",
        "localidad": "FORMOSA",
        "material": "AL/AL",
        "seccion": "35",
        "depto": "FORMOSA",
        "length_km": 0.0518,
        "num_points": 2
      }
    },
    {
      "type": "Feature",
      "geometry": {
        "type": "LineString",
        "coordinates": [
          [
            -58.2657435323,
            -26.261110772
          ],
          [
            -58.2657995601,
            -26.2595877083
          ]
        ]
      },
      "properties": {
        "id": 231,
        "kml_id": 2215,
        "tension": "13.2",
        "n_distribu": "SALIDA VILLA DEL CARMEN",
        "localidad": "FORMOSA",
        "material": "AL/AL",
        "seccion": "35",
        "depto": "FORMOSA",
        "length_km": 0.1694,
        "num_points": 2
      }
    },
    {
      "type": "Feature",
      "geometry": {
        "type": "LineString",
        "coordinates": [
          [
            -58.264471033,
            -26.2622738716
          ],
          [
            -58.2650349973,
            -26.2618679983
          ],
          [
            -58.2650349973,
            -26.2618679983
          ]
        ]
      },
      "properties": {
        "id": 232,
        "kml_id": 2216,
        "tension": "13.2",
        "n_distribu": "SALIDA VILLA DEL CARMEN",
        "localidad": "FORMOSA",
        "material": "AL/AL",
        "seccion": "35",
        "depto": "FORMOSA",
        "length_km": 0.0721,
        "num_points": 3
      }
    },
    {
      "type": "Feature",
      "geometry": {
        "type": "LineString",
        "coordinates": [
          [
            -58.2655199978,
            -26.2634219973
          ],
          [
            -58.2647277734891,
            -26.2625298466235
          ],
          [
            -58.2628960008,
            -26.260466999
          ]
        ]
      },
      "properties": {
        "id": 233,
        "kml_id": 2218,
        "tension": "13.2",
        "n_distribu": "SALIDA VILLA DEL CARMEN",
        "localidad": "FORMOSA",
        "material": "AL/AL",
        "seccion": "50",
        "depto": "FORMOSA",
        "length_km": 0.42,
        "num_points": 3
      }
    },
    {
      "type": "Feature",
      "geometry": {
        "type": "LineString",
        "coordinates": [
          [
            -58.2628960008,
            -26.260466999
          ],
          [
            -58.2593140023,
            -26.2559340001
          ]
        ]
      },
      "properties": {
        "id": 234,
        "kml_id": 2219,
        "tension": "13.2",
        "n_distribu": "SALIDA VILLA DEL CARMEN",
        "localidad": "FORMOSA",
        "material": "AL/AL",
        "seccion": "50",
        "depto": "FORMOSA",
        "length_km": 0.6178,
        "num_points": 2
      }
    },
    {
      "type": "Feature",
      "geometry": {
        "type": "LineString",
        "coordinates": [
          [
            -58.2593140023,
            -26.2559340001
          ],
          [
            -58.2569450021,
            -26.2523099977
          ]
        ]
      },
      "properties": {
        "id": 235,
        "kml_id": 2220,
        "tension": "13.2",
        "n_distribu": "SALIDA VILLA DEL CARMEN",
        "localidad": "FORMOSA",
        "material": "AL/AL",
        "seccion": "50",
        "depto": "FORMOSA",
        "length_km": 0.4671,
        "num_points": 2
      }
    },
    {
      "type": "Feature",
      "geometry": {
        "type": "LineString",
        "coordinates": [
          [
            -58.3024080998,
            -26.2355308933
          ],
          [
            -58.3027529421,
            -26.2354849569
          ]
        ]
      },
      "properties": {
        "id": 236,
        "kml_id": 2221,
        "tension": "13.2",
        "n_distribu": "SALIDA VILLA DEL CARMEN",
        "localidad": "FORMOSA",
        "material": "AL/AL",
        "seccion": "35",
        "depto": "FORMOSA",
        "length_km": 0.0348,
        "num_points": 2
      }
    },
    {
      "type": "Feature",
      "geometry": {
        "type": "LineString",
        "coordinates": [
          [
            -58.2615979524,
            -26.2485943961
          ],
          [
            -58.2623283299,
            -26.2497276196
          ]
        ]
      },
      "properties": {
        "id": 237,
        "kml_id": 2223,
        "tension": "13.2",
        "n_distribu": "SALIDA VILLA DEL CARMEN",
        "localidad": "FORMOSA",
        "material": "AL/AL",
        "seccion": "35",
        "depto": "FORMOSA",
        "length_km": 0.1455,
        "num_points": 2
      }
    },
    {
      "type": "Feature",
      "geometry": {
        "type": "LineString",
        "coordinates": [
          [
            -58.2623090996,
            -26.2495294958
          ],
          [
            -58.2573261139599,
            -26.2521124468071
          ],
          [
            -58.2572770487224,
            -26.2521378799739
          ]
        ]
      },
      "properties": {
        "id": 238,
        "kml_id": 2224,
        "tension": "13.2",
        "n_distribu": "SALIDA VILLA DEL CARMEN",
        "localidad": "FORMOSA",
        "material": "AL/AL",
        "seccion": "35",
        "depto": "FORMOSA",
        "length_km": 0.5796,
        "num_points": 3
      }
    },
    {
      "type": "Feature",
      "geometry": {
        "type": "LineString",
        "coordinates": [
          [
            -58.2616255588,
            -26.2375665387
          ],
          [
            -58.2932456807,
            -26.2331967625
          ]
        ]
      },
      "properties": {
        "id": 239,
        "kml_id": 2225,
        "tension": "13.2",
        "n_distribu": "SALIDA VILLA DEL CARMEN",
        "localidad": "FORMOSA",
        "material": "AL/AL",
        "seccion": "35",
        "depto": "FORMOSA",
        "length_km": 3.191,
        "num_points": 2
      }
    },
    {
      "type": "Feature",
      "geometry": {
        "type": "LineString",
        "coordinates": [
          [
            -58.2569450021,
            -26.2523099977
          ],
          [
            -58.2545730049,
            -26.2486650034
          ]
        ]
      },
      "properties": {
        "id": 240,
        "kml_id": 2231,
        "tension": "13.2",
        "n_distribu": "SALIDA VILLA DEL CARMEN",
        "localidad": "FORMOSA",
        "material": "AL/AL",
        "seccion": "50",
        "depto": "FORMOSA",
        "length_km": 0.4693,
        "num_points": 2
      }
    },
    {
      "type": "Feature",
      "geometry": {
        "type": "LineString",
        "coordinates": [
          [
            -58.2545730049,
            -26.2486650034
          ],
          [
            -58.2535725641,
            -26.2471244363
          ]
        ]
      },
      "properties": {
        "id": 241,
        "kml_id": 2232,
        "tension": "13.2",
        "n_distribu": "SALIDA VILLA DEL CARMEN",
        "localidad": "FORMOSA",
        "material": "AL/AL",
        "seccion": "50",
        "depto": "FORMOSA",
        "length_km": 0.1982,
        "num_points": 2
      }
    },
    {
      "type": "Feature",
      "geometry": {
        "type": "LineString",
        "coordinates": [
          [
            -58.2487964680082,
            -26.2397385924343
          ],
          [
            -58.2495978389,
            -26.2392419659
          ]
        ]
      },
      "properties": {
        "id": 242,
        "kml_id": 2233,
        "tension": "13.2",
        "n_distribu": "SALIDA VILLA DEL CARMEN",
        "localidad": "FORMOSA",
        "material": "AL/AL",
        "seccion": "35",
        "depto": "FORMOSA",
        "length_km": 0.0971,
        "num_points": 2
      }
    },
    {
      "type": "Feature",
      "geometry": {
        "type": "LineString",
        "coordinates": [
          [
            -58.2932456807,
            -26.2331967625
          ],
          [
            -58.295339596,
            -26.2328009017
          ]
        ]
      },
      "properties": {
        "id": 243,
        "kml_id": 2234,
        "tension": "13.2",
        "n_distribu": "SALIDA VILLA DEL CARMEN",
        "localidad": "FORMOSA",
        "material": "AL/AL",
        "seccion": "35",
        "depto": "FORMOSA",
        "length_km": 0.2134,
        "num_points": 2
      }
    },
    {
      "type": "Feature",
      "geometry": {
        "type": "LineString",
        "coordinates": [
          [
            -58.295339596,
            -26.2328009017
          ],
          [
            -58.2965921584,
            -26.2328942712
          ]
        ]
      },
      "properties": {
        "id": 244,
        "kml_id": 2235,
        "tension": "13.2",
        "n_distribu": "SALIDA VILLA DEL CARMEN",
        "localidad": "FORMOSA",
        "material": "AL/AL",
        "seccion": "35",
        "depto": "FORMOSA",
        "length_km": 0.1254,
        "num_points": 2
      }
    },
    {
      "type": "Feature",
      "geometry": {
        "type": "LineString",
        "coordinates": [
          [
            -58.2965921584,
            -26.2328942712
          ],
          [
            -58.299785873,
            -26.2357170742
          ]
        ]
      },
      "properties": {
        "id": 245,
        "kml_id": 2236,
        "tension": "13.2",
        "n_distribu": "SALIDA VILLA DEL CARMEN",
        "localidad": "FORMOSA",
        "material": "AL/AL",
        "seccion": "35",
        "depto": "FORMOSA",
        "length_km": 0.4472,
        "num_points": 2
      }
    },
    {
      "type": "Feature",
      "geometry": {
        "type": "LineString",
        "coordinates": [
          [
            -58.299785873,
            -26.2357170742
          ],
          [
            -58.3008371993,
            -26.2363112997
          ]
        ]
      },
      "properties": {
        "id": 246,
        "kml_id": 2237,
        "tension": "13.2",
        "n_distribu": "SALIDA VILLA DEL CARMEN",
        "localidad": "FORMOSA",
        "material": "AL/AL",
        "seccion": "35",
        "depto": "FORMOSA",
        "length_km": 0.1239,
        "num_points": 2
      }
    },
    {
      "type": "Feature",
      "geometry": {
        "type": "LineString",
        "coordinates": [
          [
            -58.3008371993,
            -26.2363112997
          ],
          [
            -58.3024080998,
            -26.2355308933
          ]
        ]
      },
      "properties": {
        "id": 247,
        "kml_id": 2238,
        "tension": "13.2",
        "n_distribu": "SALIDA VILLA DEL CARMEN",
        "localidad": "FORMOSA",
        "material": "AL/AL",
        "seccion": "35",
        "depto": "FORMOSA",
        "length_km": 0.1791,
        "num_points": 2
      }
    },
    {
      "type": "Feature",
      "geometry": {
        "type": "LineString",
        "coordinates": [
          [
            -58.3090977006,
            -26.2288996025
          ],
          [
            -58.3085152972,
            -26.2285931996
          ]
        ]
      },
      "properties": {
        "id": 248,
        "kml_id": 2240,
        "tension": "13.2",
        "n_distribu": "SALIDA VILLA DEL CARMEN",
        "localidad": "FORMOSA",
        "material": "AL/AL",
        "seccion": "25",
        "depto": "FORMOSA",
        "length_km": 0.0673,
        "num_points": 2
      }
    },
    {
      "type": "Feature",
      "geometry": {
        "type": "LineString",
        "coordinates": [
          [
            -58.1938048891047,
            -26.137076049373
          ],
          [
            -58.193486946353,
            -26.136987248641
          ],
          [
            -58.1919898297208,
            -26.1406431142072
          ],
          [
            -58.1918671800843,
            -26.1410554358014
          ],
          [
            -58.1918436287694,
            -26.1411188626858
          ]
        ]
      },
      "properties": {
        "id": 249,
        "kml_id": 2247,
        "tension": "13.2",
        "n_distribu": "22",
        "localidad": "FORMOSA",
        "material": "AL",
        "seccion": "70",
        "depto": "FORMOSA",
        "length_km": 0.5212,
        "num_points": 5
      }
    },
    {
      "type": "Feature",
      "geometry": {
        "type": "LineString",
        "coordinates": [
          [
            -58.1918436287694,
            -26.1411188626858
          ],
          [
            -58.1922863934904,
            -26.1414211970276
          ],
          [
            -58.1930652589871,
            -26.1420173019816
          ]
        ]
      },
      "properties": {
        "id": 250,
        "kml_id": 2248,
        "tension": "13.2",
        "n_distribu": "22",
        "localidad": "FORMOSA",
        "material": "AL/AL",
        "seccion": null,
        "depto": "FORMOSA",
        "length_km": 0.1577,
        "num_points": 3
      }
    },
    {
      "type": "Feature",
      "geometry": {
        "type": "LineString",
        "coordinates": [
          [
            -58.2179662525663,
            -26.1227892921838
          ],
          [
            -58.2183642361435,
            -26.1228430737483
          ],
          [
            -58.2204391289015,
            -26.1235121164105
          ],
          [
            -58.2197421198257,
            -26.1253320845528
          ],
          [
            -58.2203918011247,
            -26.1255579671237
          ]
        ]
      },
      "properties": {
        "id": 251,
        "kml_id": 2249,
        "tension": "13.2",
        "n_distribu": "22",
        "localidad": "FORMOSA",
        "material": "AL/AL",
        "seccion": null,
        "depto": null,
        "length_km": 0.5438,
        "num_points": 5
      }
    },
    {
      "type": "Feature",
      "geometry": {
        "type": "LineString",
        "coordinates": [
          [
            -58.2195800123791,
            -26.1215986700491
          ],
          [
            -58.2199427026292,
            -26.1215944408844
          ],
          [
            -58.2206963447074,
            -26.121839732182
          ]
        ]
      },
      "properties": {
        "id": 252,
        "kml_id": 2250,
        "tension": "13.2",
        "n_distribu": "22",
        "localidad": "FORMOSA",
        "material": "AL/AL",
        "seccion": null,
        "depto": "FORMOSA",
        "length_km": 0.1162,
        "num_points": 3
      }
    },
    {
      "type": "Feature",
      "geometry": {
        "type": "LineString",
        "coordinates": [
          [
            -58.2230185043609,
            -26.1190780607676
          ],
          [
            -58.2298012830648,
            -26.1213618365921
          ]
        ]
      },
      "properties": {
        "id": 253,
        "kml_id": 2251,
        "tension": "13.2",
        "n_distribu": "22",
        "localidad": "FORMOSA",
        "material": "AL/AL",
        "seccion": null,
        "depto": "FORMOSA",
        "length_km": 0.7232,
        "num_points": 2
      }
    },
    {
      "type": "Feature",
      "geometry": {
        "type": "LineString",
        "coordinates": [
          [
            -58.2267953792904,
            -26.1163002088066
          ],
          [
            -58.2298042269792,
            -26.1173842315369
          ]
        ]
      },
      "properties": {
        "id": 254,
        "kml_id": 2252,
        "tension": "13.2",
        "n_distribu": "22",
        "localidad": "FORMOSA",
        "material": "AL/AL",
        "seccion": null,
        "depto": "FORMOSA",
        "length_km": 0.3237,
        "num_points": 2
      }
    },
    {
      "type": "Feature",
      "geometry": {
        "type": "LineString",
        "coordinates": [
          [
            -58.2362621535323,
            -26.109217618857
          ],
          [
            -58.2367144157828,
            -26.1094911298371
          ],
          [
            -58.2354136234051,
            -26.1126925004818
          ]
        ]
      },
      "properties": {
        "id": 255,
        "kml_id": 2253,
        "tension": "13.2",
        "n_distribu": "22",
        "localidad": "FORMOSA",
        "material": "AL/AL",
        "seccion": null,
        "depto": "FORMOSA",
        "length_km": 0.4334,
        "num_points": 3
      }
    },
    {
      "type": "Feature",
      "geometry": {
        "type": "LineString",
        "coordinates": [
          [
            -58.2526976926539,
            -26.0969532189278
          ],
          [
            -58.2521201875789,
            -26.0962915582459
          ]
        ]
      },
      "properties": {
        "id": 256,
        "kml_id": 2256,
        "tension": "13.2",
        "n_distribu": "SAL POLO CIENTIFICO",
        "localidad": "FORMOSA",
        "material": "AL/AL",
        "seccion": "35",
        "depto": "FORMOSA",
        "length_km": 0.0935,
        "num_points": 2
      }
    },
    {
      "type": "Feature",
      "geometry": {
        "type": "LineString",
        "coordinates": [
          [
            -58.2495563376141,
            -26.0993443284364
          ],
          [
            -58.2488940396984,
            -26.0986500275818
          ]
        ]
      },
      "properties": {
        "id": 257,
        "kml_id": 2257,
        "tension": "13.2",
        "n_distribu": "SAL POLO CIENTIFICO",
        "localidad": "FORMOSA",
        "material": "AL/AL",
        "seccion": "35",
        "depto": "FORMOSA",
        "length_km": 0.1017,
        "num_points": 2
      }
    },
    {
      "type": "Feature",
      "geometry": {
        "type": "LineString",
        "coordinates": [
          [
            -58.2977943765026,
            -26.2592914470528
          ],
          [
            -58.2951024538665,
            -26.2650285510608
          ],
          [
            -58.2950958731789,
            -26.2650361856095
          ]
        ]
      },
      "properties": {
        "id": 258,
        "kml_id": 3007,
        "tension": "13.2",
        "n_distribu": "SALIDA TRES MARIAS",
        "localidad": "FORMOSA",
        "material": "AL/AL",
        "seccion": null,
        "depto": "FORMOSA",
        "length_km": 0.6932,
        "num_points": 3
      }
    },
    {
      "type": "Feature",
      "geometry": {
        "type": "LineString",
        "coordinates": [
          [
            -58.2717173915,
            -26.2756208999
          ],
          [
            -58.2756962728,
            -26.2769381609
          ]
        ]
      },
      "properties": {
        "id": 259,
        "kml_id": 3032,
        "tension": "13.2",
        "n_distribu": "SALIDA TRES MARIAS",
        "localidad": "FORMOSA",
        "material": "AL/AL",
        "seccion": null,
        "depto": "FORMOSA",
        "length_km": 0.4229,
        "num_points": 2
      }
    },
    {
      "type": "Feature",
      "geometry": {
        "type": "LineString",
        "coordinates": [
          [
            -58.2556978468,
            -26.2802927508
          ],
          [
            -58.2555010001,
            -26.280425997
          ]
        ]
      },
      "properties": {
        "id": 260,
        "kml_id": 3034,
        "tension": "13.2",
        "n_distribu": "SALIDA TRES MARIAS",
        "localidad": "FORMOSA",
        "material": "AL/AL",
        "seccion": null,
        "depto": "FORMOSA",
        "length_km": 0.0246,
        "num_points": 2
      }
    },
    {
      "type": "Feature",
      "geometry": {
        "type": "LineString",
        "coordinates": [
          [
            -58.2555010001,
            -26.280425997
          ],
          [
            -58.252101104,
            -26.2890213991
          ]
        ]
      },
      "properties": {
        "id": 261,
        "kml_id": 3035,
        "tension": "13.2",
        "n_distribu": "SALIDA TRES MARIAS",
        "localidad": "FORMOSA",
        "material": "AL/AL",
        "seccion": null,
        "depto": "FORMOSA",
        "length_km": 1.0141,
        "num_points": 2
      }
    },
    {
      "type": "Feature",
      "geometry": {
        "type": "LineString",
        "coordinates": [
          [
            -58.2362399993,
            -26.2738509973
          ],
          [
            -58.230955915,
            -26.2869515137
          ]
        ]
      },
      "properties": {
        "id": 262,
        "kml_id": 3036,
        "tension": "13.2",
        "n_distribu": "SALIDA TRES MARIAS",
        "localidad": "FORMOSA",
        "material": "AL/AL",
        "seccion": null,
        "depto": "FORMOSA",
        "length_km": 1.5491,
        "num_points": 2
      }
    },
    {
      "type": "Feature",
      "geometry": {
        "type": "LineString",
        "coordinates": [
          [
            -58.230955915,
            -26.2869515137
          ],
          [
            -58.2299633514,
            -26.2881838011
          ]
        ]
      },
      "properties": {
        "id": 263,
        "kml_id": 3037,
        "tension": "13.2",
        "n_distribu": "SALIDA TRES MARIAS",
        "localidad": "FORMOSA",
        "material": "AL/AL",
        "seccion": null,
        "depto": "FORMOSA",
        "length_km": 0.169,
        "num_points": 2
      }
    },
    {
      "type": "Feature",
      "geometry": {
        "type": "LineString",
        "coordinates": [
          [
            -58.2299633514,
            -26.2881838011
          ],
          [
            -58.2287611984,
            -26.2885476038
          ]
        ]
      },
      "properties": {
        "id": 264,
        "kml_id": 3038,
        "tension": "13.2",
        "n_distribu": "SALIDA TRES MARIAS",
        "localidad": "FORMOSA",
        "material": "AL/AL",
        "seccion": null,
        "depto": "FORMOSA",
        "length_km": 0.1265,
        "num_points": 2
      }
    },
    {
      "type": "Feature",
      "geometry": {
        "type": "LineString",
        "coordinates": [
          [
            -58.2287611984,
            -26.2885476038
          ],
          [
            -58.2212834982,
            -26.2884086956
          ]
        ]
      },
      "properties": {
        "id": 265,
        "kml_id": 3039,
        "tension": "13.2",
        "n_distribu": "SALIDA TRES MARIAS",
        "localidad": "FORMOSA",
        "material": "AL/AL",
        "seccion": null,
        "depto": "FORMOSA",
        "length_km": 0.7456,
        "num_points": 2
      }
    },
    {
      "type": "Feature",
      "geometry": {
        "type": "LineString",
        "coordinates": [
          [
            -58.2212834982,
            -26.2884086956
          ],
          [
            -58.2153282252,
            -26.2918043115
          ]
        ]
      },
      "properties": {
        "id": 266,
        "kml_id": 3040,
        "tension": "13.2",
        "n_distribu": "SALIDA TRES MARIAS",
        "localidad": "FORMOSA",
        "material": "AL/AL",
        "seccion": null,
        "depto": "FORMOSA",
        "length_km": 0.7036,
        "num_points": 2
      }
    },
    {
      "type": "Feature",
      "geometry": {
        "type": "LineString",
        "coordinates": [
          [
            -58.2153282252,
            -26.2918043115
          ],
          [
            -58.2146042791,
            -26.293857347
          ]
        ]
      },
      "properties": {
        "id": 267,
        "kml_id": 3041,
        "tension": "13.2",
        "n_distribu": "SALIDA TRES MARIAS",
        "localidad": "FORMOSA",
        "material": "AL/AL",
        "seccion": null,
        "depto": "FORMOSA",
        "length_km": 0.2394,
        "num_points": 2
      }
    },
    {
      "type": "Feature",
      "geometry": {
        "type": "LineString",
        "coordinates": [
          [
            -58.2146042791,
            -26.293857347
          ],
          [
            -58.2161971985,
            -26.2994470978
          ]
        ]
      },
      "properties": {
        "id": 268,
        "kml_id": 3042,
        "tension": "13.2",
        "n_distribu": "SALIDA TRES MARIAS",
        "localidad": "FORMOSA",
        "material": "AL/AL",
        "seccion": null,
        "depto": "FORMOSA",
        "length_km": 0.6415,
        "num_points": 2
      }
    },
    {
      "type": "Feature",
      "geometry": {
        "type": "LineString",
        "coordinates": [
          [
            -58.2161971985,
            -26.2994470978
          ],
          [
            -58.216811003,
            -26.3015389994
          ]
        ]
      },
      "properties": {
        "id": 269,
        "kml_id": 3043,
        "tension": "13.2",
        "n_distribu": "SALIDA TRES MARIAS",
        "localidad": "FORMOSA",
        "material": "AL/AL",
        "seccion": null,
        "depto": "FORMOSA",
        "length_km": 0.2405,
        "num_points": 2
      }
    },
    {
      "type": "Feature",
      "geometry": {
        "type": "LineString",
        "coordinates": [
          [
            -58.2683430036,
            -26.2767899989
          ],
          [
            -58.2674742013,
            -26.2771054016
          ]
        ]
      },
      "properties": {
        "id": 270,
        "kml_id": 3046,
        "tension": "13.2",
        "n_distribu": "SALIDA TRES MARIAS",
        "localidad": "FORMOSA",
        "material": "AL/AL",
        "seccion": null,
        "depto": "FORMOSA",
        "length_km": 0.0935,
        "num_points": 2
      }
    },
    {
      "type": "Feature",
      "geometry": {
        "type": "LineString",
        "coordinates": [
          [
            -58.2595839993,
            -26.2815719968
          ],
          [
            -58.2557030955,
            -26.2802948978
          ]
        ]
      },
      "properties": {
        "id": 271,
        "kml_id": 3048,
        "tension": "13.2",
        "n_distribu": "SALIDA TRES MARIAS",
        "localidad": "FORMOSA",
        "material": "AL/AL",
        "seccion": null,
        "depto": "FORMOSA",
        "length_km": 0.4122,
        "num_points": 2
      }
    },
    {
      "type": "Feature",
      "geometry": {
        "type": "LineString",
        "coordinates": [
          [
            -58.2557030955,
            -26.2802948978
          ],
          [
            -58.2356282195,
            -26.2736444387
          ]
        ]
      },
      "properties": {
        "id": 272,
        "kml_id": 3049,
        "tension": "13.2",
        "n_distribu": "SALIDA TRES MARIAS",
        "localidad": "FORMOSA",
        "material": "AL/AL",
        "seccion": null,
        "depto": "FORMOSA",
        "length_km": 2.1338,
        "num_points": 2
      }
    },
    {
      "type": "Feature",
      "geometry": {
        "type": "LineString",
        "coordinates": [
          [
            -58.2747869973,
            -26.2747659963
          ],
          [
            -58.2746047123,
            -26.2748403571
          ]
        ]
      },
      "properties": {
        "id": 273,
        "kml_id": 3050,
        "tension": "13.2",
        "n_distribu": "SALIDA TRES MARIAS",
        "localidad": "FORMOSA",
        "material": "AL/AL",
        "seccion": null,
        "depto": "FORMOSA",
        "length_km": 0.02,
        "num_points": 2
      }
    },
    {
      "type": "Feature",
      "geometry": {
        "type": "LineString",
        "coordinates": [
          [
            -58.2857369812,
            -26.3142344983
          ],
          [
            -58.2873692266,
            -26.3102130024
          ]
        ]
      },
      "properties": {
        "id": 274,
        "kml_id": 3051,
        "tension": "13.2",
        "n_distribu": "SALIDA TRES MARIAS",
        "localidad": "FORMOSA",
        "material": "AL/AL",
        "seccion": "35",
        "depto": "FORMOSA",
        "length_km": 0.4758,
        "num_points": 2
      }
    },
    {
      "type": "Feature",
      "geometry": {
        "type": "LineString",
        "coordinates": [
          [
            -58.2927333573,
            -26.3120248689
          ],
          [
            -58.277614382,
            -26.3069163096
          ]
        ]
      },
      "properties": {
        "id": 275,
        "kml_id": 3052,
        "tension": "13.2",
        "n_distribu": "SALIDA TRES MARIAS",
        "localidad": "FORMOSA",
        "material": "AL/AL",
        "seccion": "35",
        "depto": "FORMOSA",
        "length_km": 1.6105,
        "num_points": 2
      }
    },
    {
      "type": "Feature",
      "geometry": {
        "type": "LineString",
        "coordinates": [
          [
            -58.2810726908,
            -26.2982952079
          ],
          [
            -58.2857046343983,
            -26.2998129829457
          ]
        ]
      },
      "properties": {
        "id": 276,
        "kml_id": 3053,
        "tension": "13.2",
        "n_distribu": "SALIDA TRES MARIAS",
        "localidad": "FORMOSA",
        "material": "AL/AL",
        "seccion": "35",
        "depto": "FORMOSA",
        "length_km": 0.4916,
        "num_points": 2
      }
    },
    {
      "type": "Feature",
      "geometry": {
        "type": "LineString",
        "coordinates": [
          [
            -58.2857046343983,
            -26.2998129829457
          ],
          [
            -58.2875862657,
            -26.2989308991
          ]
        ]
      },
      "properties": {
        "id": 277,
        "kml_id": 3054,
        "tension": "13.2",
        "n_distribu": "SALIDA TRES MARIAS",
        "localidad": "FORMOSA",
        "material": "AL/AL",
        "seccion": "35",
        "depto": "FORMOSA",
        "length_km": 0.2117,
        "num_points": 2
      }
    },
    {
      "type": "Feature",
      "geometry": {
        "type": "LineString",
        "coordinates": [
          [
            -58.2776337193,
            -26.3069228848
          ],
          [
            -58.285083237,
            -26.2882319395
          ]
        ]
      },
      "properties": {
        "id": 278,
        "kml_id": 3055,
        "tension": "13.2",
        "n_distribu": "SALIDA TRES MARIAS",
        "localidad": "FORMOSA",
        "material": "AL/AL",
        "seccion": "70",
        "depto": "FORMOSA",
        "length_km": 2.207,
        "num_points": 2
      }
    },
    {
      "type": "Feature",
      "geometry": {
        "type": "LineString",
        "coordinates": [
          [
            -58.285083237,
            -26.2882319395
          ],
          [
            -58.2857321712,
            -26.2879275128
          ]
        ]
      },
      "properties": {
        "id": 279,
        "kml_id": 3056,
        "tension": "13.2",
        "n_distribu": "SALIDA TRES MARIAS",
        "localidad": "FORMOSA",
        "material": "AL/AL",
        "seccion": "70",
        "depto": "FORMOSA",
        "length_km": 0.073,
        "num_points": 2
      }
    },
    {
      "type": "Feature",
      "geometry": {
        "type": "LineString",
        "coordinates": [
          [
            -58.280489173,
            -26.2800962553
          ],
          [
            -58.2774690006,
            -26.2767149959
          ]
        ]
      },
      "properties": {
        "id": 280,
        "kml_id": 3058,
        "tension": "13.2",
        "n_distribu": "SALIDA TRES MARIAS",
        "localidad": "FORMOSA",
        "material": "AL/AL",
        "seccion": null,
        "depto": "FORMOSA",
        "length_km": 0.4817,
        "num_points": 2
      }
    },
    {
      "type": "Feature",
      "geometry": {
        "type": "LineString",
        "coordinates": [
          [
            -58.2936160026,
            -26.3015840042
          ],
          [
            -58.2944379712,
            -26.3030080504
          ]
        ]
      },
      "properties": {
        "id": 281,
        "kml_id": 3059,
        "tension": "13.2",
        "n_distribu": "SALIDA TRES MARIAS",
        "localidad": "FORMOSA",
        "material": "AL/AL",
        "seccion": "35",
        "depto": "FORMOSA",
        "length_km": 0.1783,
        "num_points": 2
      }
    },
    {
      "type": "Feature",
      "geometry": {
        "type": "LineString",
        "coordinates": [
          [
            -58.2944379712,
            -26.3030080504
          ],
          [
            -58.2937274175,
            -26.3033412371
          ]
        ]
      },
      "properties": {
        "id": 282,
        "kml_id": 3060,
        "tension": "13.2",
        "n_distribu": "SALIDA TRES MARIAS",
        "localidad": "FORMOSA",
        "material": "AL/AL",
        "seccion": "35",
        "depto": "FORMOSA",
        "length_km": 0.0799,
        "num_points": 2
      }
    },
    {
      "type": "Feature",
      "geometry": {
        "type": "LineString",
        "coordinates": [
          [
            -58.280489173,
            -26.2800962553
          ],
          [
            -58.2817135809,
            -26.281488647
          ]
        ]
      },
      "properties": {
        "id": 283,
        "kml_id": 3061,
        "tension": "13.2",
        "n_distribu": "SALIDA TRES MARIAS",
        "localidad": "FORMOSA",
        "material": "AL/AL",
        "seccion": null,
        "depto": "FORMOSA",
        "length_km": 0.1972,
        "num_points": 2
      }
    },
    {
      "type": "Feature",
      "geometry": {
        "type": "LineString",
        "coordinates": [
          [
            -58.2817135809,
            -26.281488647
          ],
          [
            -58.2827656802,
            -26.2829263454
          ]
        ]
      },
      "properties": {
        "id": 284,
        "kml_id": 3062,
        "tension": "13.2",
        "n_distribu": "SALIDA TRES MARIAS",
        "localidad": "FORMOSA",
        "material": "AL/AL",
        "seccion": null,
        "depto": "FORMOSA",
        "length_km": 0.1912,
        "num_points": 2
      }
    },
    {
      "type": "Feature",
      "geometry": {
        "type": "LineString",
        "coordinates": [
          [
            -58.2907406046,
            -26.296602101
          ],
          [
            -58.2936160026,
            -26.3015840042
          ]
        ]
      },
      "properties": {
        "id": 285,
        "kml_id": 3065,
        "tension": "13.2",
        "n_distribu": "SALIDA TRES MARIAS",
        "localidad": "FORMOSA",
        "material": "AL/AL",
        "seccion": null,
        "depto": "FORMOSA",
        "length_km": 0.6237,
        "num_points": 2
      }
    },
    {
      "type": "Feature",
      "geometry": {
        "type": "LineString",
        "coordinates": [
          [
            -58.2747869973,
            -26.2747659963
          ],
          [
            -58.2754157921939,
            -26.2743159639774
          ]
        ]
      },
      "properties": {
        "id": 286,
        "kml_id": 3066,
        "tension": "13.2",
        "n_distribu": "SALIDA TRES MARIAS",
        "localidad": "FORMOSA",
        "material": "AL/AL",
        "seccion": null,
        "depto": "FORMOSA",
        "length_km": 0.0802,
        "num_points": 2
      }
    },
    {
      "type": "Feature",
      "geometry": {
        "type": "LineString",
        "coordinates": [
          [
            -58.4418066572262,
            -26.3434427435743
          ],
          [
            -58.4391050814826,
            -26.3450316518361
          ],
          [
            -58.4375800407413,
            -26.3459516524652
          ],
          [
            -58.4322550611119,
            -26.3490304623727
          ],
          [
            -58.4268250611119,
            -26.3522104648071
          ],
          [
            -58.4208800814826,
            -26.3556468927849
          ],
          [
            -58.4144375509266,
            -26.359469279239
          ],
          [
            -58.4076650611119,
            -26.3634104734894
          ],
          [
            -58.4009825653308,
            -26.3673477311868
          ],
          [
            -58.3951925653308,
            -26.3709809448668
          ],
          [
            -58.387832241301,
            -26.3756049910253
          ],
          [
            -58.3804225712972,
            -26.3803333515468
          ],
          [
            -58.3750008517661,
            -26.3835925221239
          ],
          [
            -58.3692881150733,
            -26.3871871449113
          ],
          [
            -58.3675039587991,
            -26.3886930153365
          ],
          [
            -58.3647078321822,
            -26.3910128079273
          ],
          [
            -58.3638107879694,
            -26.3917939067519
          ],
          [
            -58.3621200182999,
            -26.3931799797003
          ],
          [
            -58.3602806308066,
            -26.3948332012072
          ],
          [
            -58.3598301794707,
            -26.3952380583683
          ]
        ]
      },
      "properties": {
        "id": 287,
        "kml_id": 3099,
        "tension": "13.2",
        "n_distribu": "SALIDA RURAL C.D. HERRADURA",
        "localidad": "TATANE",
        "material": null,
        "seccion": null,
        "depto": null,
        "length_km": 10.0108,
        "num_points": 20
      }
    },
    {
      "type": "Feature",
      "geometry": {
        "type": "LineString",
        "coordinates": [
          [
            -58.1756209875232,
            -26.169137915542
          ],
          [
            -58.1680707532297,
            -26.1878892587191
          ],
          [
            -58.1678596177295,
            -26.1879731413172
          ]
        ]
      },
      "properties": {
        "id": 288,
        "kml_id": 3193,
        "tension": "33",
        "n_distribu": "ALIMENTADOR CD 1 - CD 3",
        "localidad": "FORMOSA",
        "material": "AL",
        "seccion": "150",
        "depto": "FORMOSA",
        "length_km": 2.24,
        "num_points": 3
      }
    },
    {
      "type": "Feature",
      "geometry": {
        "type": "LineString",
        "coordinates": [
          [
            -58.1705810864484,
            -26.1816632264992
          ],
          [
            -58.1705810864484,
            -26.1816632264992
          ],
          [
            -58.1763903449397,
            -26.1835143513287
          ],
          [
            -58.1762582144192,
            -26.1839096858459
          ],
          [
            -58.1761348422647,
            -26.1838615148333
          ]
        ]
      },
      "properties": {
        "id": 289,
        "kml_id": 3197,
        "tension": "33",
        "n_distribu": "ALIMENTADOR 307",
        "localidad": "FORMOSA",
        "material": "AL/AC",
        "seccion": "120",
        "depto": "FORMOSA",
        "length_km": 0.6745,
        "num_points": 5
      }
    },
    {
      "type": "Feature",
      "geometry": {
        "type": "LineString",
        "coordinates": [
          [
            -58.1619329912,
            -26.1316292943
          ],
          [
            -58.161860818782,
            -26.1318166453164
          ]
        ]
      },
      "properties": {
        "id": 290,
        "kml_id": 3208,
        "tension": "33",
        "n_distribu": "ALIMENTADOR MOJON DE FIERRO",
        "localidad": "MOJON DE FIERRO",
        "material": "AL/AC",
        "seccion": "95/15",
        "depto": "FORMOSA",
        "length_km": 0.022,
        "num_points": 2
      }
    },
    {
      "type": "Feature",
      "geometry": {
        "type": "LineString",
        "coordinates": [
          [
            -58.1932218856672,
            -26.1372624779087
          ],
          [
            -58.1921076604478,
            -26.1369067070445
          ],
          [
            -58.1878197859656,
            -26.1355116100901
          ],
          [
            -58.1828304921334,
            -26.1339079947897
          ],
          [
            -58.1770231169909,
            -26.1320082942679
          ],
          [
            -58.1770097649823,
            -26.1320370282608
          ],
          [
            -58.1646611205629,
            -26.1281753278561
          ],
          [
            -58.1634252743557,
            -26.1314611130885
          ],
          [
            -58.1621036218579,
            -26.1310828091373
          ],
          [
            -58.1620820230204,
            -26.1311453897917
          ]
        ]
      },
      "properties": {
        "id": 291,
        "kml_id": 3213,
        "tension": "33",
        "n_distribu": "ALIMENTADOR 324",
        "localidad": "FORMOSA",
        "material": "AL",
        "seccion": "150",
        "depto": "FORMOSA",
        "length_km": 3.5597,
        "num_points": 10
      }
    },
    {
      "type": "Feature",
      "geometry": {
        "type": "LineString",
        "coordinates": [
          [
            -58.1932259125021,
            -26.1372508000875
          ],
          [
            -58.1920867209063,
            -26.136882546035
          ],
          [
            -58.1878150544345,
            -26.1354957040922
          ],
          [
            -58.1842237690082,
            -26.1343519513697
          ],
          [
            -58.1828325538408,
            -26.1339020673952
          ],
          [
            -58.1784782282144,
            -26.132480542266
          ],
          [
            -58.1770136306834,
            -26.1319955909332
          ],
          [
            -58.1770024385586,
            -26.132020799285
          ],
          [
            -58.1741521774298,
            -26.1310928462921
          ],
          [
            -58.1736292876947,
            -26.1309350716813
          ]
        ]
      },
      "properties": {
        "id": 292,
        "kml_id": 3214,
        "tension": "33",
        "n_distribu": "ALIMENTADOR 323",
        "localidad": "FORMOSA",
        "material": "AL",
        "seccion": "150",
        "depto": "FORMOSA",
        "length_km": 2.0814,
        "num_points": 10
      }
    },
    {
      "type": "Feature",
      "geometry": {
        "type": "LineString",
        "coordinates": [
          [
            -58.2398052845734,
            -26.1968157868472
          ],
          [
            -58.2354948837498,
            -26.1954155236034
          ],
          [
            -58.2354948837498,
            -26.1954155236034
          ],
          [
            -58.2354948837498,
            -26.1954155236034
          ]
        ]
      },
      "properties": {
        "id": 293,
        "kml_id": 3265,
        "tension": "33",
        "n_distribu": "ALIMENTADOR 330",
        "localidad": "FORMOSA",
        "material": "AL/AC",
        "seccion": "95/15",
        "depto": "FORMOSA",
        "length_km": 0.4574,
        "num_points": 4
      }
    },
    {
      "type": "Feature",
      "geometry": {
        "type": "LineString",
        "coordinates": [
          [
            -58.2058648698366,
            -26.1858814338761
          ],
          [
            -58.2001366696,
            -26.1839977547
          ]
        ]
      },
      "properties": {
        "id": 294,
        "kml_id": 3272,
        "tension": "13.2",
        "n_distribu": "401",
        "localidad": "FORMOSA",
        "material": "AL/AL",
        "seccion": "70",
        "depto": "FORMOSA",
        "length_km": 0.6087,
        "num_points": 2
      }
    },
    {
      "type": "Feature",
      "geometry": {
        "type": "LineString",
        "coordinates": [
          [
            -58.1978436082,
            -26.1836489867
          ],
          [
            -58.1917323967,
            -26.1816251814
          ],
          [
            -58.1915376948,
            -26.1816249606
          ],
          [
            -58.1915273682937,
            -26.181651084862
          ],
          [
            -58.1912620521,
            -26.1823222866
          ]
        ]
      },
      "properties": {
        "id": 295,
        "kml_id": 3273,
        "tension": "13.2",
        "n_distribu": "402",
        "localidad": "FORMOSA",
        "material": "AL/AL",
        "seccion": "70",
        "depto": "FORMOSA",
        "length_km": 0.7517,
        "num_points": 5
      }
    },
    {
      "type": "Feature",
      "geometry": {
        "type": "LineString",
        "coordinates": [
          [
            -58.1847957296,
            -26.1861812553
          ],
          [
            -58.192523,
            -26.188714
          ]
        ]
      },
      "properties": {
        "id": 296,
        "kml_id": 3274,
        "tension": "13.2",
        "n_distribu": "402",
        "localidad": "FORMOSA",
        "material": "AL/AL",
        "seccion": "70",
        "depto": "FORMOSA",
        "length_km": 0.8209,
        "num_points": 2
      }
    },
    {
      "type": "Feature",
      "geometry": {
        "type": "LineString",
        "coordinates": [
          [
            -58.190254113,
            -26.1820215687
          ],
          [
            -58.1897858281,
            -26.183160704
          ]
        ]
      },
      "properties": {
        "id": 297,
        "kml_id": 3275,
        "tension": "13.2",
        "n_distribu": "404",
        "localidad": "FORMOSA",
        "material": "AL/AL",
        "seccion": "70",
        "depto": "FORMOSA",
        "length_km": 0.135,
        "num_points": 2
      }
    },
    {
      "type": "Feature",
      "geometry": {
        "type": "LineString",
        "coordinates": [
          [
            -58.1910941627,
            -26.1830259854
          ],
          [
            -58.1909786375,
            -26.1829946133
          ]
        ]
      },
      "properties": {
        "id": 298,
        "kml_id": 3276,
        "tension": "13.2",
        "n_distribu": "402",
        "localidad": "FORMOSA",
        "material": "AL/AL",
        "seccion": "70",
        "depto": "FORMOSA",
        "length_km": 0.012,
        "num_points": 2
      }
    },
    {
      "type": "Feature",
      "geometry": {
        "type": "LineString",
        "coordinates": [
          [
            -58.1915158482,
            -26.1816533648
          ],
          [
            -58.1912492716,
            -26.1823277546
          ]
        ]
      },
      "properties": {
        "id": 299,
        "kml_id": 3277,
        "tension": "13.2",
        "n_distribu": "401",
        "localidad": "FORMOSA",
        "material": "AL/AL",
        "seccion": "70",
        "depto": "FORMOSA",
        "length_km": 0.0796,
        "num_points": 2
      }
    },
    {
      "type": "Feature",
      "geometry": {
        "type": "LineString",
        "coordinates": [
          [
            -58.1920010001,
            -26.1804259993
          ],
          [
            -58.1915192081,
            -26.1816448648
          ]
        ]
      },
      "properties": {
        "id": 300,
        "kml_id": 3278,
        "tension": "13.2",
        "n_distribu": "401",
        "localidad": "FORMOSA",
        "material": "AL/AL",
        "seccion": "70",
        "depto": "FORMOSA",
        "length_km": 0.1438,
        "num_points": 2
      }
    },
    {
      "type": "Feature",
      "geometry": {
        "type": "LineString",
        "coordinates": [
          [
            -58.1897813445,
            -26.1831591698
          ],
          [
            -58.190244111,
            -26.1820183312
          ]
        ]
      },
      "properties": {
        "id": 301,
        "kml_id": 3279,
        "tension": "13.2",
        "n_distribu": "403",
        "localidad": "FORMOSA",
        "material": "AL/AL",
        "seccion": "70",
        "depto": "FORMOSA",
        "length_km": 0.135,
        "num_points": 2
      }
    },
    {
      "type": "Feature",
      "geometry": {
        "type": "LineString",
        "coordinates": [
          [
            -58.1888130126,
            -26.1913171371
          ],
          [
            -58.1891251818,
            -26.1914175445
          ]
        ]
      },
      "properties": {
        "id": 302,
        "kml_id": 3280,
        "tension": "13.2",
        "n_distribu": "404",
        "localidad": "FORMOSA",
        "material": "AL/AL",
        "seccion": "70",
        "depto": "FORMOSA",
        "length_km": 0.0331,
        "num_points": 2
      }
    },
    {
      "type": "Feature",
      "geometry": {
        "type": "LineString",
        "coordinates": [
          [
            -58.1876519947,
            -26.1909436948
          ],
          [
            -58.188775324,
            -26.1913050147
          ]
        ]
      },
      "properties": {
        "id": 303,
        "kml_id": 3281,
        "tension": "13.2",
        "n_distribu": "404",
        "localidad": "FORMOSA",
        "material": "AL/AL",
        "seccion": "70",
        "depto": "FORMOSA",
        "length_km": 0.1191,
        "num_points": 2
      }
    },
    {
      "type": "Feature",
      "geometry": {
        "type": "LineString",
        "coordinates": [
          [
            -58.1876519947,
            -26.1909436948
          ],
          [
            -58.1877085344,
            -26.1908042172
          ]
        ]
      },
      "properties": {
        "id": 304,
        "kml_id": 3282,
        "tension": "13.2",
        "n_distribu": "404",
        "localidad": "FORMOSA",
        "material": "AL/AL",
        "seccion": "70",
        "depto": "FORMOSA",
        "length_km": 0.0165,
        "num_points": 2
      }
    },
    {
      "type": "Feature",
      "geometry": {
        "type": "LineString",
        "coordinates": [
          [
            -58.2013599965,
            -26.1847710024
          ],
          [
            -58.2005129595,
            -26.1844969043
          ],
          [
            -58.2008978513522,
            -26.1835190354661
          ]
        ]
      },
      "properties": {
        "id": 305,
        "kml_id": 3283,
        "tension": "13.2",
        "n_distribu": "401",
        "localidad": "FORMOSA",
        "material": "AL/AL",
        "seccion": "70",
        "depto": "FORMOSA",
        "length_km": 0.2052,
        "num_points": 3
      }
    },
    {
      "type": "Feature",
      "geometry": {
        "type": "LineString",
        "coordinates": [
          [
            -58.2007082124875,
            -26.179657595991
          ],
          [
            -58.2001256435677,
            -26.1794686451417
          ]
        ]
      },
      "properties": {
        "id": 306,
        "kml_id": 3284,
        "tension": "13.2",
        "n_distribu": "401",
        "localidad": "FORMOSA",
        "material": "AL/AL",
        "seccion": "70",
        "depto": "FORMOSA",
        "length_km": 0.0618,
        "num_points": 2
      }
    },
    {
      "type": "Feature",
      "geometry": {
        "type": "LineString",
        "coordinates": [
          [
            -58.2001178555,
            -26.183991622
          ],
          [
            -58.1979628814966,
            -26.1832932452459
          ],
          [
            -58.195609364,
            -26.1825305204
          ]
        ]
      },
      "properties": {
        "id": 307,
        "kml_id": 3285,
        "tension": "13.2",
        "n_distribu": "401",
        "localidad": "FORMOSA",
        "material": "AL/AL",
        "seccion": "70",
        "depto": "FORMOSA",
        "length_km": 0.4783,
        "num_points": 3
      }
    },
    {
      "type": "Feature",
      "geometry": {
        "type": "LineString",
        "coordinates": [
          [
            -58.195609364,
            -26.1825305204
          ],
          [
            -58.1919030627,
            -26.181322813
          ]
        ]
      },
      "properties": {
        "id": 308,
        "kml_id": 3286,
        "tension": "13.2",
        "n_distribu": "401",
        "localidad": "FORMOSA",
        "material": "AL/AL",
        "seccion": "70",
        "depto": "FORMOSA",
        "length_km": 0.3935,
        "num_points": 2
      }
    },
    {
      "type": "Feature",
      "geometry": {
        "type": "LineString",
        "coordinates": [
          [
            -58.1869211962,
            -26.1796857075
          ],
          [
            -58.1911124524,
            -26.1810663384
          ]
        ]
      },
      "properties": {
        "id": 309,
        "kml_id": 3287,
        "tension": "13.2",
        "n_distribu": "401",
        "localidad": "FORMOSA",
        "material": "AL/AL",
        "seccion": "70",
        "depto": "FORMOSA",
        "length_km": 0.4455,
        "num_points": 2
      }
    },
    {
      "type": "Feature",
      "geometry": {
        "type": "LineString",
        "coordinates": [
          [
            -58.1882033824,
            -26.1778832218
          ],
          [
            -58.1867539989,
            -26.1774129967
          ]
        ]
      },
      "properties": {
        "id": 310,
        "kml_id": 3288,
        "tension": "13.2",
        "n_distribu": "401",
        "localidad": "FORMOSA",
        "material": "AL/AL",
        "seccion": "70",
        "depto": "FORMOSA",
        "length_km": 0.1538,
        "num_points": 2
      }
    },
    {
      "type": "Feature",
      "geometry": {
        "type": "LineString",
        "coordinates": [
          [
            -58.1918842338,
            -26.1813167185
          ],
          [
            -58.1911312601,
            -26.1810724861
          ]
        ]
      },
      "properties": {
        "id": 311,
        "kml_id": 3289,
        "tension": "13.2",
        "n_distribu": "401",
        "localidad": "FORMOSA",
        "material": "AL/AL",
        "seccion": "70",
        "depto": "FORMOSA",
        "length_km": 0.0799,
        "num_points": 2
      }
    },
    {
      "type": "Feature",
      "geometry": {
        "type": "LineString",
        "coordinates": [
          [
            -58.1989626432,
            -26.1836177238
          ],
          [
            -58.2006021451,
            -26.1794171455
          ]
        ]
      },
      "properties": {
        "id": 312,
        "kml_id": 3290,
        "tension": "13.2",
        "n_distribu": "401",
        "localidad": "FORMOSA",
        "material": "AL/AL",
        "seccion": "70",
        "depto": "FORMOSA",
        "length_km": 0.4949,
        "num_points": 2
      }
    },
    {
      "type": "Feature",
      "geometry": {
        "type": "LineString",
        "coordinates": [
          [
            -58.1889588504,
            -26.1755946941
          ],
          [
            -58.1880485079,
            -26.1778403763
          ],
          [
            -58.1871211987,
            -26.1801556834
          ]
        ]
      },
      "properties": {
        "id": 313,
        "kml_id": 3294,
        "tension": "13.2",
        "n_distribu": "401",
        "localidad": "FORMOSA",
        "material": "AL/AL",
        "seccion": "70",
        "depto": "FORMOSA",
        "length_km": 0.5393,
        "num_points": 3
      }
    },
    {
      "type": "Feature",
      "geometry": {
        "type": "LineString",
        "coordinates": [
          [
            -58.1920722587,
            -26.1888026315
          ],
          [
            -58.1922432395,
            -26.1883754938
          ]
        ]
      },
      "properties": {
        "id": 314,
        "kml_id": 3295,
        "tension": "13.2",
        "n_distribu": "402",
        "localidad": "FORMOSA",
        "material": "AL/AL",
        "seccion": "70",
        "depto": "FORMOSA",
        "length_km": 0.0505,
        "num_points": 2
      }
    },
    {
      "type": "Feature",
      "geometry": {
        "type": "LineString",
        "coordinates": [
          [
            -58.1908435937,
            -26.1836515597
          ],
          [
            -58.1910941627,
            -26.1830259854
          ]
        ]
      },
      "properties": {
        "id": 315,
        "kml_id": 3296,
        "tension": "13.2",
        "n_distribu": "402",
        "localidad": "FORMOSA",
        "material": "AL/AL",
        "seccion": "70",
        "depto": "FORMOSA",
        "length_km": 0.0739,
        "num_points": 2
      }
    },
    {
      "type": "Feature",
      "geometry": {
        "type": "LineString",
        "coordinates": [
          [
            -58.1935580587,
            -26.1845536618
          ],
          [
            -58.1908435937,
            -26.1836515597
          ]
        ]
      },
      "properties": {
        "id": 316,
        "kml_id": 3297,
        "tension": "13.2",
        "n_distribu": "402",
        "localidad": "FORMOSA",
        "material": "AL/AL",
        "seccion": "70",
        "depto": "FORMOSA",
        "length_km": 0.2888,
        "num_points": 2
      }
    },
    {
      "type": "Feature",
      "geometry": {
        "type": "LineString",
        "coordinates": [
          [
            -58.1936809547,
            -26.1847676242
          ],
          [
            -58.1935580587,
            -26.1845536618
          ]
        ]
      },
      "properties": {
        "id": 317,
        "kml_id": 3298,
        "tension": "13.2",
        "n_distribu": "402",
        "localidad": "FORMOSA",
        "material": "AL/AL",
        "seccion": "70",
        "depto": "FORMOSA",
        "length_km": 0.0268,
        "num_points": 2
      }
    },
    {
      "type": "Feature",
      "geometry": {
        "type": "LineString",
        "coordinates": [
          [
            -58.192250134,
            -26.1883585504
          ],
          [
            -58.1936809547,
            -26.1847676242
          ]
        ]
      },
      "properties": {
        "id": 318,
        "kml_id": 3300,
        "tension": "13.2",
        "n_distribu": "402",
        "localidad": "FORMOSA",
        "material": "AL/AL",
        "seccion": "70",
        "depto": "FORMOSA",
        "length_km": 0.424,
        "num_points": 2
      }
    },
    {
      "type": "Feature",
      "geometry": {
        "type": "LineString",
        "coordinates": [
          [
            -58.1897858281,
            -26.183160704
          ],
          [
            -58.1909361412,
            -26.1835542955
          ]
        ]
      },
      "properties": {
        "id": 319,
        "kml_id": 3301,
        "tension": "13.2",
        "n_distribu": "404",
        "localidad": "FORMOSA",
        "material": "AL/AL",
        "seccion": "70",
        "depto": "FORMOSA",
        "length_km": 0.1228,
        "num_points": 2
      }
    },
    {
      "type": "Feature",
      "geometry": {
        "type": "LineString",
        "coordinates": [
          [
            -58.1820724258,
            -26.1937421942
          ],
          [
            -58.1908631056,
            -26.1966175721
          ]
        ]
      },
      "properties": {
        "id": 320,
        "kml_id": 3302,
        "tension": "13.2",
        "n_distribu": "404",
        "localidad": "FORMOSA",
        "material": "AL/AL",
        "seccion": "70",
        "depto": "FORMOSA",
        "length_km": 0.9335,
        "num_points": 2
      }
    },
    {
      "type": "Feature",
      "geometry": {
        "type": "LineString",
        "coordinates": [
          [
            -58.1909786375,
            -26.1829946133
          ],
          [
            -58.189872,
            -26.185813
          ]
        ]
      },
      "properties": {
        "id": 321,
        "kml_id": 3303,
        "tension": "13.2",
        "n_distribu": "404",
        "localidad": "FORMOSA",
        "material": "AL/AL",
        "seccion": "70",
        "depto": "FORMOSA",
        "length_km": 0.3323,
        "num_points": 2
      }
    },
    {
      "type": "Feature",
      "geometry": {
        "type": "LineString",
        "coordinates": [
          [
            -58.189794533,
            -26.1856130473
          ],
          [
            -58.1912641212,
            -26.1860885724
          ]
        ]
      },
      "properties": {
        "id": 322,
        "kml_id": 3304,
        "tension": "13.2",
        "n_distribu": "404",
        "localidad": "FORMOSA",
        "material": "AL/AL",
        "seccion": "70",
        "depto": "FORMOSA",
        "length_km": 0.1559,
        "num_points": 2
      }
    },
    {
      "type": "Feature",
      "geometry": {
        "type": "LineString",
        "coordinates": [
          [
            -58.191389,
            -26.185159
          ],
          [
            -58.1895044365,
            -26.1898670027
          ]
        ]
      },
      "properties": {
        "id": 323,
        "kml_id": 3305,
        "tension": "13.2",
        "n_distribu": "404",
        "localidad": "FORMOSA",
        "material": "AL/AL",
        "seccion": "70",
        "depto": "FORMOSA",
        "length_km": 0.5563,
        "num_points": 2
      }
    },
    {
      "type": "Feature",
      "geometry": {
        "type": "LineString",
        "coordinates": [
          [
            -58.161860818782,
            -26.1318166453164
          ],
          [
            -58.1533399727767,
            -26.1290967042101
          ],
          [
            -58.1485635956651,
            -26.1290598245455
          ]
        ]
      },
      "properties": {
        "id": 324,
        "kml_id": 3269,
        "tension": "33",
        "n_distribu": "ALIMENTADOR MOJON DE FIERRO",
        "localidad": "MOJON DE FIERRO",
        "material": "AL/AC",
        "seccion": "95/15",
        "depto": "FORMOSA",
        "length_km": 1.3797,
        "num_points": 3
      }
    },
    {
      "type": "Feature",
      "geometry": {
        "type": "LineString",
        "coordinates": [
          [
            -58.189490881,
            -26.1899009659
          ],
          [
            -58.1861337892,
            -26.1983365442
          ]
        ]
      },
      "properties": {
        "id": 325,
        "kml_id": 3306,
        "tension": "13.2",
        "n_distribu": "404",
        "localidad": "FORMOSA",
        "material": "AL/AL",
        "seccion": "70",
        "depto": "FORMOSA",
        "length_km": 0.996,
        "num_points": 2
      }
    },
    {
      "type": "Feature",
      "geometry": {
        "type": "LineString",
        "coordinates": [
          [
            -58.1869165239,
            -26.1796841865
          ],
          [
            -58.1844499972,
            -26.1858160042
          ]
        ]
      },
      "properties": {
        "id": 326,
        "kml_id": 3307,
        "tension": "13.2",
        "n_distribu": "403",
        "localidad": "FORMOSA",
        "material": "AL/AL",
        "seccion": "70",
        "depto": "FORMOSA",
        "length_km": 0.7249,
        "num_points": 2
      }
    },
    {
      "type": "Feature",
      "geometry": {
        "type": "LineString",
        "coordinates": [
          [
            -58.1844499972,
            -26.1858160042
          ],
          [
            -58.1835756482,
            -26.1879541715
          ]
        ]
      },
      "properties": {
        "id": 327,
        "kml_id": 3308,
        "tension": "13.2",
        "n_distribu": "80",
        "localidad": "FORMOSA",
        "material": "AL/AL",
        "seccion": "70",
        "depto": "FORMOSA",
        "length_km": 0.2533,
        "num_points": 2
      }
    },
    {
      "type": "Feature",
      "geometry": {
        "type": "LineString",
        "coordinates": [
          [
            -58.1856780021,
            -26.172490999
          ],
          [
            -58.1880290042,
            -26.1732420009
          ]
        ]
      },
      "properties": {
        "id": 328,
        "kml_id": 3309,
        "tension": "13.2",
        "n_distribu": "403",
        "localidad": "FORMOSA",
        "material": "AL/AL",
        "seccion": "70",
        "depto": "FORMOSA",
        "length_km": 0.249,
        "num_points": 2
      }
    },
    {
      "type": "Feature",
      "geometry": {
        "type": "LineString",
        "coordinates": [
          [
            -58.186871,
            -26.191741
          ],
          [
            -58.1832926564,
            -26.1905761902
          ]
        ]
      },
      "properties": {
        "id": 329,
        "kml_id": 3310,
        "tension": "13.2",
        "n_distribu": "80",
        "localidad": "FORMOSA",
        "material": "AL/AL",
        "seccion": "50",
        "depto": "FORMOSA",
        "length_km": 0.3798,
        "num_points": 2
      }
    },
    {
      "type": "Feature",
      "geometry": {
        "type": "LineString",
        "coordinates": [
          [
            -58.1839494266,
            -26.1910221133
          ],
          [
            -58.1847532629,
            -26.1890116062
          ]
        ]
      },
      "properties": {
        "id": 330,
        "kml_id": 3311,
        "tension": "13.2",
        "n_distribu": "80",
        "localidad": "FORMOSA",
        "material": "AL/AL",
        "seccion": "50",
        "depto": "FORMOSA",
        "length_km": 0.2375,
        "num_points": 2
      }
    },
    {
      "type": "Feature",
      "geometry": {
        "type": "LineString",
        "coordinates": [
          [
            -58.1858130042672,
            -26.1819098507564
          ],
          [
            -58.1897813445,
            -26.1831591698
          ]
        ]
      },
      "properties": {
        "id": 331,
        "kml_id": 3312,
        "tension": "13.2",
        "n_distribu": "403",
        "localidad": "FORMOSA",
        "material": "AL/AL",
        "seccion": "70",
        "depto": "FORMOSA",
        "length_km": 0.4196,
        "num_points": 2
      }
    },
    {
      "type": "Feature",
      "geometry": {
        "type": "LineString",
        "coordinates": [
          [
            -58.1854147718,
            -26.1830131151
          ],
          [
            -58.1873859095,
            -26.1836610225
          ]
        ]
      },
      "properties": {
        "id": 332,
        "kml_id": 3313,
        "tension": "13.2",
        "n_distribu": "403",
        "localidad": "FORMOSA",
        "material": "AL/AL",
        "seccion": "70",
        "depto": "FORMOSA",
        "length_km": 0.2095,
        "num_points": 2
      }
    },
    {
      "type": "Feature",
      "geometry": {
        "type": "LineString",
        "coordinates": [
          [
            -58.1856852981,
            -26.1735324941
          ],
          [
            -58.1852165076,
            -26.1733745103
          ]
        ]
      },
      "properties": {
        "id": 333,
        "kml_id": 3314,
        "tension": "13.2",
        "n_distribu": "403",
        "localidad": "FORMOSA",
        "material": "AL/AL",
        "seccion": "70",
        "depto": "FORMOSA",
        "length_km": 0.05,
        "num_points": 2
      }
    },
    {
      "type": "Feature",
      "geometry": {
        "type": "LineString",
        "coordinates": [
          [
            -58.1869701934,
            -26.1698604633
          ],
          [
            -58.1868925087,
            -26.1700551275
          ]
        ]
      },
      "properties": {
        "id": 334,
        "kml_id": 3315,
        "tension": "13.2",
        "n_distribu": "103",
        "localidad": "FORMOSA",
        "material": "AL/AL",
        "seccion": "70",
        "depto": "FORMOSA",
        "length_km": 0.023,
        "num_points": 2
      }
    },
    {
      "type": "Feature",
      "geometry": {
        "type": "LineString",
        "coordinates": [
          [
            -58.1856589966,
            -26.184152996
          ],
          [
            -58.1843307581,
            -26.1837206003
          ]
        ]
      },
      "properties": {
        "id": 335,
        "kml_id": 3316,
        "tension": "13.2",
        "n_distribu": "403",
        "localidad": "FORMOSA",
        "material": "AL/AL",
        "seccion": "70",
        "depto": "FORMOSA",
        "length_km": 0.141,
        "num_points": 2
      }
    },
    {
      "type": "Feature",
      "geometry": {
        "type": "LineString",
        "coordinates": [
          [
            -58.184481995,
            -26.1755360005
          ],
          [
            -58.185111078,
            -26.1757408101
          ]
        ]
      },
      "properties": {
        "id": 336,
        "kml_id": 3317,
        "tension": "13.2",
        "n_distribu": "403",
        "localidad": "FORMOSA",
        "material": "AL/AL",
        "seccion": "70",
        "depto": "FORMOSA",
        "length_km": 0.0668,
        "num_points": 2
      }
    },
    {
      "type": "Feature",
      "geometry": {
        "type": "LineString",
        "coordinates": [
          [
            -58.1832890158,
            -26.1905750051
          ],
          [
            -58.1824861826,
            -26.1903136534
          ]
        ]
      },
      "properties": {
        "id": 337,
        "kml_id": 3318,
        "tension": "13.2",
        "n_distribu": "80",
        "localidad": "FORMOSA",
        "material": "AL/AL",
        "seccion": "50",
        "depto": "FORMOSA",
        "length_km": 0.0852,
        "num_points": 2
      }
    },
    {
      "type": "Feature",
      "geometry": {
        "type": "LineString",
        "coordinates": [
          [
            -58.1835756482,
            -26.1879541715
          ],
          [
            -58.1826821087,
            -26.1901884022
          ]
        ]
      },
      "properties": {
        "id": 338,
        "kml_id": 3319,
        "tension": "13.2",
        "n_distribu": "80",
        "localidad": "FORMOSA",
        "material": "AL/AL",
        "seccion": "70",
        "depto": "FORMOSA",
        "length_km": 0.2639,
        "num_points": 2
      }
    },
    {
      "type": "Feature",
      "geometry": {
        "type": "LineString",
        "coordinates": [
          [
            -58.186529,
            -26.194176
          ],
          [
            -58.1861050566,
            -26.1952145861
          ]
        ]
      },
      "properties": {
        "id": 339,
        "kml_id": 3326,
        "tension": "13.2",
        "n_distribu": "404",
        "localidad": "FORMOSA",
        "material": "AL/AL",
        "seccion": "70",
        "depto": "FORMOSA",
        "length_km": 0.123,
        "num_points": 2
      }
    },
    {
      "type": "Feature",
      "geometry": {
        "type": "LineString",
        "coordinates": [
          [
            -58.189497641,
            -26.1898839784
          ],
          [
            -58.189497641,
            -26.1898839784
          ]
        ]
      },
      "properties": {
        "id": 340,
        "kml_id": 3328,
        "tension": "13.2",
        "n_distribu": null,
        "localidad": "FORMOSA",
        "material": null,
        "seccion": null,
        "depto": "FORMOSA",
        "length_km": 0.0,
        "num_points": 2
      }
    },
    {
      "type": "Feature",
      "geometry": {
        "type": "LineString",
        "coordinates": [
          [
            -58.1999633605,
            -26.1836946705
          ],
          [
            -58.1998758758,
            -26.1839132023
          ]
        ]
      },
      "properties": {
        "id": 341,
        "kml_id": 3331,
        "tension": "13.2",
        "n_distribu": "401",
        "localidad": "FORMOSA",
        "material": "AL/AL",
        "seccion": "70",
        "depto": "FORMOSA",
        "length_km": 0.0258,
        "num_points": 2
      }
    },
    {
      "type": "Feature",
      "geometry": {
        "type": "LineString",
        "coordinates": [
          [
            -58.1934112831,
            -26.1854444352
          ],
          [
            -58.1936341093,
            -26.1855170859
          ],
          [
            -58.1935726619,
            -26.1856705035
          ],
          [
            -58.1944997855,
            -26.1859728226
          ]
        ]
      },
      "properties": {
        "id": 342,
        "kml_id": 3332,
        "tension": "13.2",
        "n_distribu": "402",
        "localidad": "FORMOSA",
        "material": "Cu",
        "seccion": "70",
        "depto": "FORMOSA",
        "length_km": 0.1402,
        "num_points": 4
      }
    },
    {
      "type": "Feature",
      "geometry": {
        "type": "LineString",
        "coordinates": [
          [
            -58.1909786375,
            -26.1829946133
          ],
          [
            -58.1912438975,
            -26.1823452031
          ]
        ]
      },
      "properties": {
        "id": 343,
        "kml_id": 3333,
        "tension": "13.2",
        "n_distribu": "402",
        "localidad": "FORMOSA",
        "material": "AL/AL",
        "seccion": "70",
        "depto": "FORMOSA",
        "length_km": 0.0769,
        "num_points": 2
      }
    },
    {
      "type": "Feature",
      "geometry": {
        "type": "LineString",
        "coordinates": [
          [
            -58.1912492716,
            -26.1823277546
          ],
          [
            -58.1902627974,
            -26.1819997273
          ]
        ]
      },
      "properties": {
        "id": 344,
        "kml_id": 3334,
        "tension": "13.2",
        "n_distribu": "401",
        "localidad": "FORMOSA",
        "material": "AL/AL",
        "seccion": "70",
        "depto": "FORMOSA",
        "length_km": 0.105,
        "num_points": 2
      }
    },
    {
      "type": "Feature",
      "geometry": {
        "type": "LineString",
        "coordinates": [
          [
            -58.1912620521,
            -26.1823222866
          ],
          [
            -58.1902662561,
            -26.1819912597
          ]
        ]
      },
      "properties": {
        "id": 345,
        "kml_id": 3335,
        "tension": "13.2",
        "n_distribu": "402",
        "localidad": "FORMOSA",
        "material": "AL/AL",
        "seccion": "70",
        "depto": "FORMOSA",
        "length_km": 0.106,
        "num_points": 2
      }
    },
    {
      "type": "Feature",
      "geometry": {
        "type": "LineString",
        "coordinates": [
          [
            -58.1912438975,
            -26.1823452031
          ],
          [
            -58.1902560422,
            -26.1820167167
          ]
        ]
      },
      "properties": {
        "id": 346,
        "kml_id": 3336,
        "tension": "13.2",
        "n_distribu": "402",
        "localidad": "FORMOSA",
        "material": "AL/AL",
        "seccion": "70",
        "depto": "FORMOSA",
        "length_km": 0.1051,
        "num_points": 2
      }
    },
    {
      "type": "Feature",
      "geometry": {
        "type": "LineString",
        "coordinates": [
          [
            -58.1915175281,
            -26.1816491148
          ],
          [
            -58.1915175281,
            -26.1816491148
          ]
        ]
      },
      "properties": {
        "id": 347,
        "kml_id": 3337,
        "tension": "13.2",
        "n_distribu": null,
        "localidad": "FORMOSA",
        "material": null,
        "seccion": null,
        "depto": "FORMOSA",
        "length_km": 0.0,
        "num_points": 2
      }
    },
    {
      "type": "Feature",
      "geometry": {
        "type": "LineString",
        "coordinates": [
          [
            -58.1911218479,
            -26.1810694332
          ],
          [
            -58.1911218479,
            -26.1810694332
          ]
        ]
      },
      "properties": {
        "id": 348,
        "kml_id": 3338,
        "tension": "13.2",
        "n_distribu": null,
        "localidad": "FORMOSA",
        "material": null,
        "seccion": null,
        "depto": "FORMOSA",
        "length_km": 0.0,
        "num_points": 2
      }
    },
    {
      "type": "Feature",
      "geometry": {
        "type": "LineString",
        "coordinates": [
          [
            -58.1918936482,
            -26.1813197657
          ],
          [
            -58.1918936482,
            -26.1813197657
          ]
        ]
      },
      "properties": {
        "id": 349,
        "kml_id": 3339,
        "tension": "13.2",
        "n_distribu": "401",
        "localidad": "FORMOSA",
        "material": "AL/AL",
        "seccion": "70",
        "depto": "FORMOSA",
        "length_km": 0.0,
        "num_points": 2
      }
    },
    {
      "type": "Feature",
      "geometry": {
        "type": "LineString",
        "coordinates": [
          [
            -58.1956134132,
            -26.1825318309
          ],
          [
            -58.1956134132,
            -26.1825318309
          ]
        ]
      },
      "properties": {
        "id": 350,
        "kml_id": 3340,
        "tension": "13.2",
        "n_distribu": null,
        "localidad": "FORMOSA",
        "material": null,
        "seccion": null,
        "depto": "FORMOSA",
        "length_km": 0.0,
        "num_points": 2
      }
    },
    {
      "type": "Feature",
      "geometry": {
        "type": "LineString",
        "coordinates": [
          [
            -58.2001272626,
            -26.1839946884
          ],
          [
            -58.2001272626,
            -26.1839946884
          ]
        ]
      },
      "properties": {
        "id": 351,
        "kml_id": 3341,
        "tension": "13.2",
        "n_distribu": null,
        "localidad": "FORMOSA",
        "material": null,
        "seccion": null,
        "depto": "FORMOSA",
        "length_km": 0.0,
        "num_points": 2
      }
    },
    {
      "type": "Feature",
      "geometry": {
        "type": "LineString",
        "coordinates": [
          [
            -58.1978436082,
            -26.1836489867
          ],
          [
            -58.1976064852,
            -26.1842454577
          ]
        ]
      },
      "properties": {
        "id": 352,
        "kml_id": 3342,
        "tension": "13.2",
        "n_distribu": "402",
        "localidad": "FORMOSA",
        "material": "Cu",
        "seccion": "70",
        "depto": "FORMOSA",
        "length_km": 0.0704,
        "num_points": 2
      }
    },
    {
      "type": "Feature",
      "geometry": {
        "type": "LineString",
        "coordinates": [
          [
            -58.3644207932,
            -26.3923880637004
          ],
          [
            -58.3639592525411,
            -26.3916664711725
          ]
        ]
      },
      "properties": {
        "id": 353,
        "kml_id": 3448,
        "tension": "13.2",
        "n_distribu": "SALIDA RURAL C.D. HERRADURA",
        "localidad": "TATANE",
        "material": null,
        "seccion": null,
        "depto": null,
        "length_km": 0.0925,
        "num_points": 2
      }
    },
    {
      "type": "Feature",
      "geometry": {
        "type": "LineString",
        "coordinates": [
          [
            -58.3682954315805,
            -26.4030448448552
          ],
          [
            -58.3676687395908,
            -26.4023273284968
          ],
          [
            -58.3690420124726,
            -26.4011753881427
          ],
          [
            -58.3690638104548,
            -26.4000234362912
          ],
          [
            -58.3695790082114,
            -26.3996840193701
          ]
        ]
      },
      "properties": {
        "id": 354,
        "kml_id": 3459,
        "tension": "13.2",
        "n_distribu": "SALIDA RURAL C.D. HERRADURA",
        "localidad": "TATANE",
        "material": "AL/AL",
        "seccion": "25",
        "depto": "LAISHI",
        "length_km": 0.4805,
        "num_points": 5
      }
    },
    {
      "type": "Feature",
      "geometry": {
        "type": "LineString",
        "coordinates": [
          [
            -58.0591462984503,
            -26.041573746066
          ],
          [
            -58.0605726502295,
            -26.0391935478867
          ]
        ]
      },
      "properties": {
        "id": 355,
        "kml_id": 3857,
        "tension": "13.2",
        "n_distribu": "SALIDA MOJON",
        "localidad": "MOJON DE FIERRO",
        "material": "AL/AL",
        "seccion": "35",
        "depto": "FORMOSA",
        "length_km": 0.3006,
        "num_points": 2
      }
    },
    {
      "type": "Feature",
      "geometry": {
        "type": "LineString",
        "coordinates": [
          [
            -58.176392730355,
            -26.1666661885932
          ],
          [
            -58.1764541413668,
            -26.1664711579517
          ],
          [
            -58.1720692901478,
            -26.1650263193446
          ],
          [
            -58.1719464681241,
            -26.1648397656796
          ],
          [
            -58.1753214493713,
            -26.1564393594885
          ],
          [
            -58.1754185522532,
            -26.156412033979
          ],
          [
            -58.1784791301152,
            -26.1573863257775
          ],
          [
            -58.1783961990052,
            -26.1571587718933
          ],
          [
            -58.1797246714059,
            -26.1537694385209
          ],
          [
            -58.1798359460598,
            -26.1536328077827
          ],
          [
            -58.177677637679,
            -26.1528648458292
          ],
          [
            -58.1771580060407,
            -26.1514287905277
          ],
          [
            -58.1821569673778,
            -26.1391179431704
          ],
          [
            -58.1821821616391,
            -26.1387296742627
          ],
          [
            -58.1839267426462,
            -26.13445496861
          ],
          [
            -58.1842346848844,
            -26.1343476565081
          ],
          [
            -58.1931800972936,
            -26.1372306689614
          ]
        ]
      },
      "properties": {
        "id": 356,
        "kml_id": 22982,
        "tension": "33",
        "n_distribu": "ALIMENTADOR 322",
        "localidad": "FORMOSA",
        "material": "AL",
        "seccion": "150",
        "depto": "FORMOSA",
        "length_km": 5.6728,
        "num_points": 17
      }
    },
    {
      "type": "Feature",
      "geometry": {
        "type": "LineString",
        "coordinates": [
          [
            -58.1763777712624,
            -26.1666664241373
          ],
          [
            -58.1764328837089,
            -26.1664756332962
          ],
          [
            -58.172056430577,
            -26.1650383322598
          ],
          [
            -58.171932033912,
            -26.1648402367751
          ],
          [
            -58.1753112142027,
            -26.156434883759
          ],
          [
            -58.1751427275806,
            -26.1563208703795
          ],
          [
            -58.1579980327972,
            -26.1507623474424
          ],
          [
            -58.1577964787072,
            -26.1505475017765
          ],
          [
            -58.1578363696208,
            -26.1504306557219
          ]
        ]
      },
      "properties": {
        "id": 357,
        "kml_id": 22983,
        "tension": "33",
        "n_distribu": "ALIMENTADOR C.D.N°1 - C.D.N°9",
        "localidad": "FORMOSA",
        "material": "AL",
        "seccion": "150",
        "depto": "FORMOSA",
        "length_km": 3.3912,
        "num_points": 9
      }
    },
    {
      "type": "Feature",
      "geometry": {
        "type": "LineString",
        "coordinates": [
          [
            -58.1643141797,
            -26.1867831603
          ],
          [
            -58.1614445734,
            -26.1858513121
          ]
        ]
      },
      "properties": {
        "id": 358,
        "kml_id": 22988,
        "tension": "13.2",
        "n_distribu": "201",
        "localidad": "FORMOSA",
        "material": "AL/AL",
        "seccion": "70",
        "depto": "FORMOSA",
        "length_km": 0.3045,
        "num_points": 2
      }
    },
    {
      "type": "Feature",
      "geometry": {
        "type": "LineString",
        "coordinates": [
          [
            -58.1644573813,
            -26.1868313742
          ],
          [
            -58.1643141797,
            -26.1867831603
          ]
        ]
      },
      "properties": {
        "id": 359,
        "kml_id": 22989,
        "tension": "13.2",
        "n_distribu": "201",
        "localidad": "FORMOSA",
        "material": "AL/AL",
        "seccion": "70",
        "depto": "FORMOSA",
        "length_km": 0.0153,
        "num_points": 2
      }
    },
    {
      "type": "Feature",
      "geometry": {
        "type": "LineString",
        "coordinates": [
          [
            -58.1618350382,
            -26.1872259352
          ],
          [
            -58.1624122526,
            -26.185823677
          ]
        ]
      },
      "properties": {
        "id": 360,
        "kml_id": 22990,
        "tension": "13.2",
        "n_distribu": "201",
        "localidad": "FORMOSA",
        "material": "AL/AL",
        "seccion": "70",
        "depto": "FORMOSA",
        "length_km": 0.1662,
        "num_points": 2
      }
    },
    {
      "type": "Feature",
      "geometry": {
        "type": "LineString",
        "coordinates": [
          [
            -58.1624122526,
            -26.185823677
          ],
          [
            -58.1637003361,
            -26.1826946684
          ]
        ]
      },
      "properties": {
        "id": 361,
        "kml_id": 22991,
        "tension": "13.2",
        "n_distribu": "201",
        "localidad": "FORMOSA",
        "material": "AL/AL",
        "seccion": "70",
        "depto": "FORMOSA",
        "length_km": 0.3709,
        "num_points": 2
      }
    },
    {
      "type": "Feature",
      "geometry": {
        "type": "LineString",
        "coordinates": [
          [
            -58.1637003361,
            -26.1826946684
          ],
          [
            -58.1642091792,
            -26.1814585415
          ]
        ]
      },
      "properties": {
        "id": 362,
        "kml_id": 22992,
        "tension": "13.2",
        "n_distribu": "201",
        "localidad": "FORMOSA",
        "material": "AL/AL",
        "seccion": "70",
        "depto": "FORMOSA",
        "length_km": 0.1465,
        "num_points": 2
      }
    },
    {
      "type": "Feature",
      "geometry": {
        "type": "LineString",
        "coordinates": [
          [
            -58.1634255543,
            -26.1867170873
          ],
          [
            -58.1642283404,
            -26.184729248
          ]
        ]
      },
      "properties": {
        "id": 363,
        "kml_id": 22993,
        "tension": "13.2",
        "n_distribu": "201",
        "localidad": "FORMOSA",
        "material": "AL/AL",
        "seccion": "50",
        "depto": "FORMOSA",
        "length_km": 0.2351,
        "num_points": 2
      }
    },
    {
      "type": "Feature",
      "geometry": {
        "type": "LineString",
        "coordinates": [
          [
            -58.1644573813,
            -26.1868313742
          ],
          [
            -58.1645111362,
            -26.186895437
          ],
          [
            -58.1644704203,
            -26.1869952297
          ],
          [
            -58.1647169623,
            -26.1870771116
          ]
        ]
      },
      "properties": {
        "id": 364,
        "kml_id": 22994,
        "tension": "13.2",
        "n_distribu": "201",
        "localidad": "FORMOSA",
        "material": "Cu",
        "seccion": "70",
        "depto": "FORMOSA",
        "length_km": 0.047,
        "num_points": 4
      }
    },
    {
      "type": "Feature",
      "geometry": {
        "type": "LineString",
        "coordinates": [
          [
            -58.163516996,
            -26.1829849987
          ],
          [
            -58.1640329154,
            -26.183153366
          ]
        ]
      },
      "properties": {
        "id": 365,
        "kml_id": 22995,
        "tension": "13.2",
        "n_distribu": "201",
        "localidad": "FORMOSA",
        "material": "AL/AL",
        "seccion": "50",
        "depto": "FORMOSA",
        "length_km": 0.0548,
        "num_points": 2
      }
    },
    {
      "type": "Feature",
      "geometry": {
        "type": "LineString",
        "coordinates": [
          [
            -58.1630699983,
            -26.1840009958
          ],
          [
            -58.1636343452,
            -26.1841851792
          ]
        ]
      },
      "properties": {
        "id": 366,
        "kml_id": 22996,
        "tension": "13.2",
        "n_distribu": "201",
        "localidad": "FORMOSA",
        "material": "AL/AL",
        "seccion": "35",
        "depto": "FORMOSA",
        "length_km": 0.0599,
        "num_points": 2
      }
    },
    {
      "type": "Feature",
      "geometry": {
        "type": "LineString",
        "coordinates": [
          [
            -58.1639999914,
            -26.1831426318
          ],
          [
            -58.1640724423,
            -26.1829619123
          ]
        ]
      },
      "properties": {
        "id": 367,
        "kml_id": 22997,
        "tension": "13.2",
        "n_distribu": "201",
        "localidad": "FORMOSA",
        "material": "Cu",
        "seccion": "50",
        "depto": "FORMOSA",
        "length_km": 0.0214,
        "num_points": 2
      }
    },
    {
      "type": "Feature",
      "geometry": {
        "type": "LineString",
        "coordinates": [
          [
            -58.1640329154,
            -26.183153366
          ],
          [
            -58.1641053623,
            -26.1829726562
          ]
        ]
      },
      "properties": {
        "id": 368,
        "kml_id": 22998,
        "tension": "13.2",
        "n_distribu": "201",
        "localidad": "FORMOSA",
        "material": "Cu",
        "seccion": "50",
        "depto": "FORMOSA",
        "length_km": 0.0214,
        "num_points": 2
      }
    },
    {
      "type": "Feature",
      "geometry": {
        "type": "LineString",
        "coordinates": [
          [
            -58.1637003361,
            -26.1826946684
          ],
          [
            -58.1636322047,
            -26.1825695513
          ]
        ]
      },
      "properties": {
        "id": 369,
        "kml_id": 22999,
        "tension": "13.2",
        "n_distribu": "201",
        "localidad": "FORMOSA",
        "material": "AL/AL",
        "seccion": "3x50",
        "depto": "FORMOSA",
        "length_km": 0.0155,
        "num_points": 2
      }
    },
    {
      "type": "Feature",
      "geometry": {
        "type": "LineString",
        "coordinates": [
          [
            -58.1636343452,
            -26.1841851792
          ],
          [
            -58.1637036477,
            -26.1840169548
          ]
        ]
      },
      "properties": {
        "id": 370,
        "kml_id": 23000,
        "tension": "13.2",
        "n_distribu": "201",
        "localidad": "FORMOSA",
        "material": "Cu",
        "seccion": "50",
        "depto": "FORMOSA",
        "length_km": 0.0199,
        "num_points": 2
      }
    },
    {
      "type": "Feature",
      "geometry": {
        "type": "LineString",
        "coordinates": [
          [
            -58.1654660012,
            -26.1825380001
          ],
          [
            -58.166430088,
            -26.1828497323
          ]
        ]
      },
      "properties": {
        "id": 371,
        "kml_id": 23002,
        "tension": "13.2",
        "n_distribu": "202",
        "localidad": "FORMOSA",
        "material": "AL/AL",
        "seccion": "50",
        "depto": "FORMOSA",
        "length_km": 0.1023,
        "num_points": 2
      }
    },
    {
      "type": "Feature",
      "geometry": {
        "type": "LineString",
        "coordinates": [
          [
            -58.1687370474,
            -26.182191495
          ],
          [
            -58.1658498436,
            -26.181249279
          ]
        ]
      },
      "properties": {
        "id": 372,
        "kml_id": 23004,
        "tension": "13.2",
        "n_distribu": "202",
        "localidad": "FORMOSA",
        "material": "AL/AL",
        "seccion": "50",
        "depto": "FORMOSA",
        "length_km": 0.3066,
        "num_points": 2
      }
    },
    {
      "type": "Feature",
      "geometry": {
        "type": "LineString",
        "coordinates": [
          [
            -58.1646105833,
            -26.1870080138
          ],
          [
            -58.165581184,
            -26.1845692099
          ]
        ]
      },
      "properties": {
        "id": 373,
        "kml_id": 23006,
        "tension": "13.2",
        "n_distribu": "202",
        "localidad": "FORMOSA",
        "material": "AL/AL",
        "seccion": "70",
        "depto": "FORMOSA",
        "length_km": 0.288,
        "num_points": 2
      }
    },
    {
      "type": "Feature",
      "geometry": {
        "type": "LineString",
        "coordinates": [
          [
            -58.165581184,
            -26.1845692099
          ],
          [
            -58.1662260214,
            -26.1829488862
          ]
        ]
      },
      "properties": {
        "id": 374,
        "kml_id": 23007,
        "tension": "13.2",
        "n_distribu": "202",
        "localidad": "FORMOSA",
        "material": "AL/AL",
        "seccion": "70",
        "depto": "FORMOSA",
        "length_km": 0.1913,
        "num_points": 2
      }
    },
    {
      "type": "Feature",
      "geometry": {
        "type": "LineString",
        "coordinates": [
          [
            -58.1662260214,
            -26.1829488862
          ],
          [
            -58.168120997,
            -26.1781869988
          ]
        ]
      },
      "properties": {
        "id": 375,
        "kml_id": 23008,
        "tension": "13.2",
        "n_distribu": "202",
        "localidad": "FORMOSA",
        "material": "AL/AL",
        "seccion": "70",
        "depto": "FORMOSA",
        "length_km": 0.5622,
        "num_points": 2
      }
    },
    {
      "type": "Feature",
      "geometry": {
        "type": "LineString",
        "coordinates": [
          [
            -58.1666587852,
            -26.1802717689
          ],
          [
            -58.1667067798,
            -26.1801510061
          ]
        ]
      },
      "properties": {
        "id": 376,
        "kml_id": 23009,
        "tension": "13.2",
        "n_distribu": "202",
        "localidad": "FORMOSA",
        "material": "Cu",
        "seccion": "35",
        "depto": "FORMOSA",
        "length_km": 0.0143,
        "num_points": 2
      }
    },
    {
      "type": "Feature",
      "geometry": {
        "type": "LineString",
        "coordinates": [
          [
            -58.1681700068,
            -26.1807607166
          ],
          [
            -58.1673579972,
            -26.1804979978
          ]
        ]
      },
      "properties": {
        "id": 377,
        "kml_id": 23010,
        "tension": "13.2",
        "n_distribu": "202",
        "localidad": "FORMOSA",
        "material": "AL/AL",
        "seccion": "50",
        "depto": "FORMOSA",
        "length_km": 0.0861,
        "num_points": 2
      }
    },
    {
      "type": "Feature",
      "geometry": {
        "type": "LineString",
        "coordinates": [
          [
            -58.1673579972,
            -26.1804979978
          ],
          [
            -58.1666587852,
            -26.1802717689
          ]
        ]
      },
      "properties": {
        "id": 378,
        "kml_id": 23011,
        "tension": "13.2",
        "n_distribu": "202",
        "localidad": "FORMOSA",
        "material": "AL/AL",
        "seccion": "50",
        "depto": "FORMOSA",
        "length_km": 0.0742,
        "num_points": 2
      }
    },
    {
      "type": "Feature",
      "geometry": {
        "type": "LineString",
        "coordinates": [
          [
            -58.1681700068,
            -26.1807607166
          ],
          [
            -58.1683989321,
            -26.1807206851
          ],
          [
            -58.1685511065,
            -26.1803377719
          ]
        ]
      },
      "properties": {
        "id": 379,
        "kml_id": 23012,
        "tension": "13.2",
        "n_distribu": "202",
        "localidad": "FORMOSA",
        "material": "AL/AL",
        "seccion": "3x70",
        "depto": "FORMOSA",
        "length_km": 0.0685,
        "num_points": 3
      }
    },
    {
      "type": "Feature",
      "geometry": {
        "type": "LineString",
        "coordinates": [
          [
            -58.1646105833,
            -26.1870080138
          ],
          [
            -58.1647288554,
            -26.1870462802
          ]
        ]
      },
      "properties": {
        "id": 380,
        "kml_id": 23013,
        "tension": "13.2",
        "n_distribu": "202",
        "localidad": "FORMOSA",
        "material": "Cu",
        "seccion": "70",
        "depto": "FORMOSA",
        "length_km": 0.0125,
        "num_points": 2
      }
    },
    {
      "type": "Feature",
      "geometry": {
        "type": "LineString",
        "coordinates": [
          [
            -58.1707128477,
            -26.1845494147
          ],
          [
            -58.171286999,
            -26.1831040037
          ]
        ]
      },
      "properties": {
        "id": 381,
        "kml_id": 23015,
        "tension": "13.2",
        "n_distribu": "203",
        "localidad": "FORMOSA",
        "material": "AL/AL",
        "seccion": "70",
        "depto": "FORMOSA",
        "length_km": 0.1706,
        "num_points": 2
      }
    },
    {
      "type": "Feature",
      "geometry": {
        "type": "LineString",
        "coordinates": [
          [
            -58.1716819988,
            -26.1821140007
          ],
          [
            -58.171286999,
            -26.1831040037
          ]
        ]
      },
      "properties": {
        "id": 382,
        "kml_id": 23016,
        "tension": "13.2",
        "n_distribu": "203",
        "localidad": "FORMOSA",
        "material": "AL/AL",
        "seccion": "70",
        "depto": "FORMOSA",
        "length_km": 0.1169,
        "num_points": 2
      }
    },
    {
      "type": "Feature",
      "geometry": {
        "type": "LineString",
        "coordinates": [
          [
            -58.1710001015,
            -26.1838262652
          ],
          [
            -58.1713849824,
            -26.1839532863
          ]
        ]
      },
      "properties": {
        "id": 383,
        "kml_id": 23017,
        "tension": "13.2",
        "n_distribu": "203",
        "localidad": "FORMOSA",
        "material": "Cu",
        "seccion": "50",
        "depto": "FORMOSA",
        "length_km": 0.0409,
        "num_points": 2
      }
    },
    {
      "type": "Feature",
      "geometry": {
        "type": "LineString",
        "coordinates": [
          [
            -58.1684664359,
            -26.1836993832
          ],
          [
            -58.1691078785,
            -26.1821076126
          ]
        ]
      },
      "properties": {
        "id": 384,
        "kml_id": 23018,
        "tension": "13.2",
        "n_distribu": "203",
        "localidad": "FORMOSA",
        "material": "AL/AL",
        "seccion": "70",
        "depto": "FORMOSA",
        "length_km": 0.1882,
        "num_points": 2
      }
    },
    {
      "type": "Feature",
      "geometry": {
        "type": "LineString",
        "coordinates": [
          [
            -58.1704386977,
            -26.1853492412
          ],
          [
            -58.1696487611,
            -26.1850910882
          ]
        ]
      },
      "properties": {
        "id": 385,
        "kml_id": 23019,
        "tension": "13.2",
        "n_distribu": "203",
        "localidad": "FORMOSA",
        "material": "AL/AL",
        "seccion": "50",
        "depto": "FORMOSA",
        "length_km": 0.0839,
        "num_points": 2
      }
    },
    {
      "type": "Feature",
      "geometry": {
        "type": "LineString",
        "coordinates": [
          [
            -58.165142541,
            -26.184668165
          ],
          [
            -58.1696438075,
            -26.1861434746
          ]
        ]
      },
      "properties": {
        "id": 386,
        "kml_id": 23020,
        "tension": "13.2",
        "n_distribu": "203",
        "localidad": "FORMOSA",
        "material": "AL/AL",
        "seccion": "70",
        "depto": "FORMOSA",
        "length_km": 0.4782,
        "num_points": 2
      }
    },
    {
      "type": "Feature",
      "geometry": {
        "type": "LineString",
        "coordinates": [
          [
            -58.1696438075,
            -26.1861434746
          ],
          [
            -58.1701520953,
            -26.1863100568
          ]
        ]
      },
      "properties": {
        "id": 387,
        "kml_id": 23021,
        "tension": "13.2",
        "n_distribu": "203",
        "localidad": "FORMOSA",
        "material": "AL/AL",
        "seccion": "70",
        "depto": "FORMOSA",
        "length_km": 0.054,
        "num_points": 2
      }
    },
    {
      "type": "Feature",
      "geometry": {
        "type": "LineString",
        "coordinates": [
          [
            -58.1701520953,
            -26.1863100568
          ],
          [
            -58.1713450042,
            -26.1867010023
          ]
        ]
      },
      "properties": {
        "id": 388,
        "kml_id": 23022,
        "tension": "13.2",
        "n_distribu": "203",
        "localidad": "FORMOSA",
        "material": "AL/AL",
        "seccion": "70",
        "depto": "FORMOSA",
        "length_km": 0.1267,
        "num_points": 2
      }
    },
    {
      "type": "Feature",
      "geometry": {
        "type": "LineString",
        "coordinates": [
          [
            -58.1644776604,
            -26.187019422
          ],
          [
            -58.1653100011,
            -26.1849469998
          ],
          [
            -58.165142541,
            -26.184668165
          ]
        ]
      },
      "properties": {
        "id": 389,
        "kml_id": 23023,
        "tension": "13.2",
        "n_distribu": "203",
        "localidad": "FORMOSA",
        "material": "AL/AL",
        "seccion": "3x70",
        "depto": "FORMOSA",
        "length_km": 0.2802,
        "num_points": 3
      }
    },
    {
      "type": "Feature",
      "geometry": {
        "type": "LineString",
        "coordinates": [
          [
            -58.165142541,
            -26.184668165
          ],
          [
            -58.1650200012,
            -26.1846279995
          ]
        ]
      },
      "properties": {
        "id": 390,
        "kml_id": 23024,
        "tension": "13.2",
        "n_distribu": "203",
        "localidad": "FORMOSA",
        "material": "AL/AL",
        "seccion": "70",
        "depto": "FORMOSA",
        "length_km": 0.013,
        "num_points": 2
      }
    },
    {
      "type": "Feature",
      "geometry": {
        "type": "LineString",
        "coordinates": [
          [
            -58.1644776795,
            -26.1870194282
          ],
          [
            -58.164709796,
            -26.1870950233
          ]
        ]
      },
      "properties": {
        "id": 391,
        "kml_id": 23025,
        "tension": "13.2",
        "n_distribu": "203",
        "localidad": "FORMOSA",
        "material": "Cu",
        "seccion": "70",
        "depto": "FORMOSA",
        "length_km": 0.0246,
        "num_points": 2
      }
    },
    {
      "type": "Feature",
      "geometry": {
        "type": "LineString",
        "coordinates": [
          [
            -58.1710109988,
            -26.1869200017
          ],
          [
            -58.1718577547,
            -26.1848075463
          ]
        ]
      },
      "properties": {
        "id": 392,
        "kml_id": 23026,
        "tension": "13.2",
        "n_distribu": "203",
        "localidad": "FORMOSA",
        "material": "AL/AL",
        "seccion": "50",
        "depto": "FORMOSA",
        "length_km": 0.2496,
        "num_points": 2
      }
    },
    {
      "type": "Feature",
      "geometry": {
        "type": "LineString",
        "coordinates": [
          [
            -58.1718577896,
            -26.1848074591
          ],
          [
            -58.1720974437,
            -26.1842095648
          ]
        ]
      },
      "properties": {
        "id": 393,
        "kml_id": 23027,
        "tension": "13.2",
        "n_distribu": "203",
        "localidad": "FORMOSA",
        "material": "AL/AL",
        "seccion": "50",
        "depto": "FORMOSA",
        "length_km": 0.0707,
        "num_points": 2
      }
    },
    {
      "type": "Feature",
      "geometry": {
        "type": "LineString",
        "coordinates": [
          [
            -58.1710109988,
            -26.1869200017
          ],
          [
            -58.170757874,
            -26.1875527703
          ]
        ]
      },
      "properties": {
        "id": 394,
        "kml_id": 23028,
        "tension": "13.2",
        "n_distribu": "203",
        "localidad": "FORMOSA",
        "material": "AL/AL",
        "seccion": "50",
        "depto": "FORMOSA",
        "length_km": 0.0748,
        "num_points": 2
      }
    },
    {
      "type": "Feature",
      "geometry": {
        "type": "LineString",
        "coordinates": [
          [
            -58.1716821753,
            -26.1821135565
          ],
          [
            -58.1719096573,
            -26.1821892178
          ]
        ]
      },
      "properties": {
        "id": 395,
        "kml_id": 23029,
        "tension": "13.2",
        "n_distribu": "203",
        "localidad": "FORMOSA",
        "material": "Cu",
        "seccion": "50",
        "depto": "FORMOSA",
        "length_km": 0.0242,
        "num_points": 2
      }
    },
    {
      "type": "Feature",
      "geometry": {
        "type": "LineString",
        "coordinates": [
          [
            -58.1602086339,
            -26.186486039
          ],
          [
            -58.1601180754,
            -26.1866989114
          ]
        ]
      },
      "properties": {
        "id": 396,
        "kml_id": 23031,
        "tension": "13.2",
        "n_distribu": "204",
        "localidad": "FORMOSA",
        "material": "Cu",
        "seccion": "50",
        "depto": "FORMOSA",
        "length_km": 0.0253,
        "num_points": 2
      }
    },
    {
      "type": "Feature",
      "geometry": {
        "type": "LineString",
        "coordinates": [
          [
            -58.1574928547,
            -26.1894457193
          ],
          [
            -58.1582486576,
            -26.1896896493
          ]
        ]
      },
      "properties": {
        "id": 397,
        "kml_id": 23032,
        "tension": "13.2",
        "n_distribu": "204",
        "localidad": "FORMOSA",
        "material": "AL/AL",
        "seccion": "95",
        "depto": "FORMOSA",
        "length_km": 0.0801,
        "num_points": 2
      }
    },
    {
      "type": "Feature",
      "geometry": {
        "type": "LineString",
        "coordinates": [
          [
            -58.1565509665,
            -26.1891418372
          ],
          [
            -58.1574928547,
            -26.1894457193
          ]
        ]
      },
      "properties": {
        "id": 398,
        "kml_id": 23033,
        "tension": "13.2",
        "n_distribu": "204",
        "localidad": "FORMOSA",
        "material": "AL/AL",
        "seccion": "95",
        "depto": "FORMOSA",
        "length_km": 0.0999,
        "num_points": 2
      }
    },
    {
      "type": "Feature",
      "geometry": {
        "type": "LineString",
        "coordinates": [
          [
            -58.1595474516,
            -26.1897450982
          ],
          [
            -58.1606440494,
            -26.1870138096
          ]
        ]
      },
      "properties": {
        "id": 399,
        "kml_id": 23034,
        "tension": "13.2",
        "n_distribu": "204",
        "localidad": "FORMOSA",
        "material": "AL/AL",
        "seccion": "95",
        "depto": "FORMOSA",
        "length_km": 0.3228,
        "num_points": 2
      }
    },
    {
      "type": "Feature",
      "geometry": {
        "type": "LineString",
        "coordinates": [
          [
            -58.1595618173,
            -26.1868408858
          ],
          [
            -58.1586699983,
            -26.1890750025
          ]
        ]
      },
      "properties": {
        "id": 400,
        "kml_id": 23035,
        "tension": "13.2",
        "n_distribu": "204",
        "localidad": "FORMOSA",
        "material": "AL/AL",
        "seccion": "95",
        "depto": "FORMOSA",
        "length_km": 0.2639,
        "num_points": 2
      }
    },
    {
      "type": "Feature",
      "geometry": {
        "type": "LineString",
        "coordinates": [
          [
            -58.1586699983,
            -26.1890750025
          ],
          [
            -58.1584660017,
            -26.1892040043
          ]
        ]
      },
      "properties": {
        "id": 401,
        "kml_id": 23036,
        "tension": "13.2",
        "n_distribu": "204",
        "localidad": "FORMOSA",
        "material": "AL/AL",
        "seccion": "95",
        "depto": "FORMOSA",
        "length_km": 0.0249,
        "num_points": 2
      }
    },
    {
      "type": "Feature",
      "geometry": {
        "type": "LineString",
        "coordinates": [
          [
            -58.1582486576,
            -26.1896896493
          ],
          [
            -58.1582486576,
            -26.1896896493
          ],
          [
            -58.1583957521,
            -26.1897372168
          ]
        ]
      },
      "properties": {
        "id": 402,
        "kml_id": 23037,
        "tension": "13.2",
        "n_distribu": "204",
        "localidad": "FORMOSA",
        "material": "AL/AL",
        "seccion": "95",
        "depto": "FORMOSA",
        "length_km": 0.0156,
        "num_points": 3
      }
    },
    {
      "type": "Feature",
      "geometry": {
        "type": "LineString",
        "coordinates": [
          [
            -58.1583526041,
            -26.1893574927
          ],
          [
            -58.1595474516,
            -26.1897450982
          ]
        ]
      },
      "properties": {
        "id": 403,
        "kml_id": 23038,
        "tension": "13.2",
        "n_distribu": "204",
        "localidad": "FORMOSA",
        "material": "AL/AL",
        "seccion": "95",
        "depto": "FORMOSA",
        "length_km": 0.1268,
        "num_points": 2
      }
    },
    {
      "type": "Feature",
      "geometry": {
        "type": "LineString",
        "coordinates": [
          [
            -58.1595474516,
            -26.1897450982
          ],
          [
            -58.1621759966,
            -26.1906000044
          ]
        ]
      },
      "properties": {
        "id": 404,
        "kml_id": 23039,
        "tension": "13.2",
        "n_distribu": "204",
        "localidad": "FORMOSA",
        "material": "AL/AL",
        "seccion": "95",
        "depto": "FORMOSA",
        "length_km": 0.279,
        "num_points": 2
      }
    },
    {
      "type": "Feature",
      "geometry": {
        "type": "LineString",
        "coordinates": [
          [
            -58.1581263605,
            -26.1904086024
          ],
          [
            -58.1557747792,
            -26.1962690285
          ]
        ]
      },
      "properties": {
        "id": 405,
        "kml_id": 23040,
        "tension": "13.2",
        "n_distribu": "204",
        "localidad": "FORMOSA",
        "material": "AL/AL",
        "seccion": "95",
        "depto": "FORMOSA",
        "length_km": 0.6926,
        "num_points": 2
      }
    },
    {
      "type": "Feature",
      "geometry": {
        "type": "LineString",
        "coordinates": [
          [
            -58.1583957521,
            -26.1897372168
          ],
          [
            -58.158128063,
            -26.1904043594
          ]
        ]
      },
      "properties": {
        "id": 406,
        "kml_id": 23041,
        "tension": "13.2",
        "n_distribu": "204",
        "localidad": "FORMOSA",
        "material": "AL/AL",
        "seccion": "95",
        "depto": "FORMOSA",
        "length_km": 0.0788,
        "num_points": 2
      }
    },
    {
      "type": "Feature",
      "geometry": {
        "type": "LineString",
        "coordinates": [
          [
            -58.1584660017,
            -26.1892040043
          ],
          [
            -58.1582212322,
            -26.1896975032
          ]
        ]
      },
      "properties": {
        "id": 407,
        "kml_id": 23042,
        "tension": "13.2",
        "n_distribu": "204",
        "localidad": "FORMOSA",
        "material": "AL/AL",
        "seccion": "95",
        "depto": "FORMOSA",
        "length_km": 0.0601,
        "num_points": 2
      }
    },
    {
      "type": "Feature",
      "geometry": {
        "type": "LineString",
        "coordinates": [
          [
            -58.1510933726,
            -26.2018179913
          ],
          [
            -58.1554123454,
            -26.2032335975
          ]
        ]
      },
      "properties": {
        "id": 408,
        "kml_id": 23043,
        "tension": "13.2",
        "n_distribu": "204",
        "localidad": "FORMOSA",
        "material": "AL/AL",
        "seccion": "70",
        "depto": "FORMOSA",
        "length_km": 0.4587,
        "num_points": 2
      }
    },
    {
      "type": "Feature",
      "geometry": {
        "type": "LineString",
        "coordinates": [
          [
            -58.1499603444,
            -26.2014465973
          ],
          [
            -58.1505242953,
            -26.2016314555
          ]
        ]
      },
      "properties": {
        "id": 409,
        "kml_id": 23044,
        "tension": "13.2",
        "n_distribu": "204",
        "localidad": "FORMOSA",
        "material": "AL/AL",
        "seccion": "70",
        "depto": "FORMOSA",
        "length_km": 0.0599,
        "num_points": 2
      }
    },
    {
      "type": "Feature",
      "geometry": {
        "type": "LineString",
        "coordinates": [
          [
            -58.1535901017,
            -26.1955480336
          ],
          [
            -58.1510926305,
            -26.201817748
          ]
        ]
      },
      "properties": {
        "id": 410,
        "kml_id": 23045,
        "tension": "13.2",
        "n_distribu": "204",
        "localidad": "FORMOSA",
        "material": "AL/AL",
        "seccion": "70",
        "depto": "FORMOSA",
        "length_km": 0.7404,
        "num_points": 2
      }
    },
    {
      "type": "Feature",
      "geometry": {
        "type": "LineString",
        "coordinates": [
          [
            -58.1556000824,
            -26.1962113762
          ],
          [
            -58.1535900031,
            -26.1955480026
          ]
        ]
      },
      "properties": {
        "id": 411,
        "kml_id": 23046,
        "tension": "13.2",
        "n_distribu": "204",
        "localidad": "FORMOSA",
        "material": "AL/AL",
        "seccion": "70",
        "depto": "FORMOSA",
        "length_km": 0.2137,
        "num_points": 2
      }
    },
    {
      "type": "Feature",
      "geometry": {
        "type": "LineString",
        "coordinates": [
          [
            -58.1557747792,
            -26.1962690285
          ],
          [
            -58.1556094798,
            -26.1962144775
          ]
        ]
      },
      "properties": {
        "id": 412,
        "kml_id": 23047,
        "tension": "13.2",
        "n_distribu": "204",
        "localidad": "FORMOSA",
        "material": "AL/AL",
        "seccion": "70",
        "depto": "FORMOSA",
        "length_km": 0.0176,
        "num_points": 2
      }
    },
    {
      "type": "Feature",
      "geometry": {
        "type": "LineString",
        "coordinates": [
          [
            -58.1584660017,
            -26.1892040043
          ],
          [
            -58.1583528467,
            -26.1893568865
          ]
        ]
      },
      "properties": {
        "id": 413,
        "kml_id": 23052,
        "tension": "13.2",
        "n_distribu": "204",
        "localidad": "FORMOSA",
        "material": "AL/AL",
        "seccion": "95",
        "depto": "FORMOSA",
        "length_km": 0.0204,
        "num_points": 2
      }
    },
    {
      "type": "Feature",
      "geometry": {
        "type": "LineString",
        "coordinates": [
          [
            -58.1643652825,
            -26.187299284
          ],
          [
            -58.1640935904,
            -26.1879783567
          ]
        ]
      },
      "properties": {
        "id": 414,
        "kml_id": 23053,
        "tension": "13.2",
        "n_distribu": "204",
        "localidad": "FORMOSA",
        "material": "AL/AL",
        "seccion": "95",
        "depto": "FORMOSA",
        "length_km": 0.0802,
        "num_points": 2
      }
    },
    {
      "type": "Feature",
      "geometry": {
        "type": "LineString",
        "coordinates": [
          [
            -58.164722771,
            -26.1879626859
          ],
          [
            -58.1602086339,
            -26.186486039
          ]
        ]
      },
      "properties": {
        "id": 415,
        "kml_id": 23054,
        "tension": "13.2",
        "n_distribu": "204",
        "localidad": "FORMOSA",
        "material": "AL/AL",
        "seccion": "95",
        "depto": "FORMOSA",
        "length_km": 0.4794,
        "num_points": 2
      }
    },
    {
      "type": "Feature",
      "geometry": {
        "type": "LineString",
        "coordinates": [
          [
            -58.1583957521,
            -26.1897372168
          ],
          [
            -58.1586699983,
            -26.1890750025
          ]
        ]
      },
      "properties": {
        "id": 416,
        "kml_id": 23055,
        "tension": "13.2",
        "n_distribu": "204",
        "localidad": "FORMOSA",
        "material": "AL/AL",
        "seccion": "95",
        "depto": "FORMOSA",
        "length_km": 0.0786,
        "num_points": 2
      }
    },
    {
      "type": "Feature",
      "geometry": {
        "type": "LineString",
        "coordinates": [
          [
            -58.157430731,
            -26.1890572171
          ],
          [
            -58.1583528467,
            -26.1893568865
          ]
        ]
      },
      "properties": {
        "id": 417,
        "kml_id": 23056,
        "tension": "13.2",
        "n_distribu": "204",
        "localidad": "FORMOSA",
        "material": "AL/AL",
        "seccion": "95",
        "depto": "FORMOSA",
        "length_km": 0.0979,
        "num_points": 2
      }
    },
    {
      "type": "Feature",
      "geometry": {
        "type": "LineString",
        "coordinates": [
          [
            -58.157430731,
            -26.1890572171
          ],
          [
            -58.1574733363,
            -26.1889469569
          ]
        ]
      },
      "properties": {
        "id": 418,
        "kml_id": 23057,
        "tension": "13.2",
        "n_distribu": "204",
        "localidad": "FORMOSA",
        "material": "AL/AL",
        "seccion": "95",
        "depto": "FORMOSA",
        "length_km": 0.013,
        "num_points": 2
      }
    },
    {
      "type": "Feature",
      "geometry": {
        "type": "LineString",
        "coordinates": [
          [
            -58.1572834048,
            -26.1894366799
          ],
          [
            -58.1574732712,
            -26.1894963985
          ],
          [
            -58.1574933077,
            -26.1894458655
          ]
        ]
      },
      "properties": {
        "id": 419,
        "kml_id": 23058,
        "tension": "13.2",
        "n_distribu": "204",
        "localidad": "FORMOSA",
        "material": "Cu",
        "seccion": "50",
        "depto": "FORMOSA",
        "length_km": 0.026,
        "num_points": 3
      }
    },
    {
      "type": "Feature",
      "geometry": {
        "type": "LineString",
        "coordinates": [
          [
            -58.155910996,
            -26.1931520018
          ],
          [
            -58.153967001,
            -26.1925599995
          ]
        ]
      },
      "properties": {
        "id": 420,
        "kml_id": 23059,
        "tension": "13.2",
        "n_distribu": "204",
        "localidad": "FORMOSA",
        "material": "AL/AL",
        "seccion": "35",
        "depto": "FORMOSA",
        "length_km": 0.2048,
        "num_points": 2
      }
    },
    {
      "type": "Feature",
      "geometry": {
        "type": "LineString",
        "coordinates": [
          [
            -58.155569308,
            -26.1941054095
          ],
          [
            -58.155910996,
            -26.1931520018
          ]
        ]
      },
      "properties": {
        "id": 421,
        "kml_id": 23060,
        "tension": "13.2",
        "n_distribu": "204",
        "localidad": "FORMOSA",
        "material": "AL/AL",
        "seccion": "35",
        "depto": "FORMOSA",
        "length_km": 0.1114,
        "num_points": 2
      }
    },
    {
      "type": "Feature",
      "geometry": {
        "type": "LineString",
        "coordinates": [
          [
            -58.1492599995,
            -26.1988940004
          ],
          [
            -58.152079295,
            -26.1998536367
          ]
        ]
      },
      "properties": {
        "id": 422,
        "kml_id": 23061,
        "tension": "13.2",
        "n_distribu": "204",
        "localidad": "FORMOSA",
        "material": "AL/AL",
        "seccion": "70",
        "depto": "FORMOSA",
        "length_km": 0.3008,
        "num_points": 2
      }
    },
    {
      "type": "Feature",
      "geometry": {
        "type": "LineString",
        "coordinates": [
          [
            -58.1492599995,
            -26.1988940004
          ],
          [
            -58.1484300034,
            -26.1985910039
          ]
        ]
      },
      "properties": {
        "id": 423,
        "kml_id": 23062,
        "tension": "13.2",
        "n_distribu": "204",
        "localidad": "FORMOSA",
        "material": "AL/AL",
        "seccion": "70",
        "depto": "FORMOSA",
        "length_km": 0.0894,
        "num_points": 2
      }
    },
    {
      "type": "Feature",
      "geometry": {
        "type": "LineString",
        "coordinates": [
          [
            -58.1484410036,
            -26.1985950197
          ],
          [
            -58.1482718499,
            -26.1990196593
          ]
        ]
      },
      "properties": {
        "id": 424,
        "kml_id": 23063,
        "tension": "13.2",
        "n_distribu": "204",
        "localidad": "FORMOSA",
        "material": "Cu",
        "seccion": "70",
        "depto": "FORMOSA",
        "length_km": 0.0501,
        "num_points": 2
      }
    },
    {
      "type": "Feature",
      "geometry": {
        "type": "LineString",
        "coordinates": [
          [
            -58.1510927889,
            -26.2018177971
          ],
          [
            -58.1505336977,
            -26.2016345375
          ]
        ]
      },
      "properties": {
        "id": 425,
        "kml_id": 23064,
        "tension": "13.2",
        "n_distribu": "204",
        "localidad": "FORMOSA",
        "material": "AL/AL",
        "seccion": "70",
        "depto": "FORMOSA",
        "length_km": 0.0594,
        "num_points": 2
      }
    },
    {
      "type": "Feature",
      "geometry": {
        "type": "LineString",
        "coordinates": [
          [
            -58.1508330008,
            -26.2069649963
          ],
          [
            -58.1480730041,
            -26.2060703119
          ]
        ]
      },
      "properties": {
        "id": 426,
        "kml_id": 23065,
        "tension": "13.2",
        "n_distribu": "204",
        "localidad": "FORMOSA",
        "material": "Cu",
        "seccion": "16",
        "depto": "FORMOSA",
        "length_km": 0.2928,
        "num_points": 2
      }
    },
    {
      "type": "Feature",
      "geometry": {
        "type": "LineString",
        "coordinates": [
          [
            -58.1480730041,
            -26.2060703119
          ],
          [
            -58.1461984097519,
            -26.2054632350494
          ]
        ]
      },
      "properties": {
        "id": 427,
        "kml_id": 23066,
        "tension": "13.2",
        "n_distribu": "204",
        "localidad": "FORMOSA",
        "material": "Cu",
        "seccion": "16",
        "depto": "FORMOSA",
        "length_km": 0.1988,
        "num_points": 2
      }
    },
    {
      "type": "Feature",
      "geometry": {
        "type": "LineString",
        "coordinates": [
          [
            -58.1501980019,
            -26.2087170029
          ],
          [
            -58.1508330008,
            -26.2069649963
          ]
        ]
      },
      "properties": {
        "id": 428,
        "kml_id": 23067,
        "tension": "13.2",
        "n_distribu": "204",
        "localidad": "FORMOSA",
        "material": "AL/AL",
        "seccion": "35",
        "depto": "FORMOSA",
        "length_km": 0.2049,
        "num_points": 2
      }
    },
    {
      "type": "Feature",
      "geometry": {
        "type": "LineString",
        "coordinates": [
          [
            -58.1554123454,
            -26.2032335975
          ],
          [
            -58.1564616759,
            -26.2035737068
          ]
        ]
      },
      "properties": {
        "id": 429,
        "kml_id": 23068,
        "tension": "13.2",
        "n_distribu": "204",
        "localidad": "FORMOSA",
        "material": "AL/AL",
        "seccion": "50",
        "depto": "FORMOSA",
        "length_km": 0.1113,
        "num_points": 2
      }
    },
    {
      "type": "Feature",
      "geometry": {
        "type": "LineString",
        "coordinates": [
          [
            -58.1552799993,
            -26.2062410044
          ],
          [
            -58.1564675669,
            -26.2034317764
          ]
        ]
      },
      "properties": {
        "id": 430,
        "kml_id": 23069,
        "tension": "13.2",
        "n_distribu": "204",
        "localidad": "FORMOSA",
        "material": "AL/AL",
        "seccion": "35",
        "depto": "FORMOSA",
        "length_km": 0.3341,
        "num_points": 2
      }
    },
    {
      "type": "Feature",
      "geometry": {
        "type": "LineString",
        "coordinates": [
          [
            -58.156272631,
            -26.2011536892
          ],
          [
            -58.1554123454,
            -26.2032335975
          ]
        ]
      },
      "properties": {
        "id": 431,
        "kml_id": 23070,
        "tension": "13.2",
        "n_distribu": "204",
        "localidad": "FORMOSA",
        "material": "AL/AL",
        "seccion": "50",
        "depto": "FORMOSA",
        "length_km": 0.2467,
        "num_points": 2
      }
    },
    {
      "type": "Feature",
      "geometry": {
        "type": "LineString",
        "coordinates": [
          [
            -58.1643652933,
            -26.1872992875
          ],
          [
            -58.1644578591,
            -26.1870683992
          ],
          [
            -58.1646900864,
            -26.1871441857
          ]
        ]
      },
      "properties": {
        "id": 432,
        "kml_id": 23071,
        "tension": "13.2",
        "n_distribu": "204",
        "localidad": "FORMOSA",
        "material": "Cu",
        "seccion": "70",
        "depto": "FORMOSA",
        "length_km": 0.0519,
        "num_points": 3
      }
    },
    {
      "type": "Feature",
      "geometry": {
        "type": "LineString",
        "coordinates": [
          [
            -58.166582731,
            -26.1885710947
          ],
          [
            -58.1665788206,
            -26.1885278524
          ],
          [
            -58.1667597217,
            -26.188066125
          ],
          [
            -58.1668483217,
            -26.1880956009
          ]
        ]
      },
      "properties": {
        "id": 433,
        "kml_id": 23072,
        "tension": "13.2",
        "n_distribu": "205",
        "localidad": "FORMOSA",
        "material": "Cu",
        "seccion": "50",
        "depto": "FORMOSA",
        "length_km": 0.0687,
        "num_points": 4
      }
    },
    {
      "type": "Feature",
      "geometry": {
        "type": "LineString",
        "coordinates": [
          [
            -58.1654596089,
            -26.1880384548
          ],
          [
            -58.1649120683,
            -26.1894160231
          ]
        ]
      },
      "properties": {
        "id": 434,
        "kml_id": 23073,
        "tension": "13.2",
        "n_distribu": "205",
        "localidad": "FORMOSA",
        "material": "AL/AL",
        "seccion": "70",
        "depto": "FORMOSA",
        "length_km": 0.1626,
        "num_points": 2
      }
    },
    {
      "type": "Feature",
      "geometry": {
        "type": "LineString",
        "coordinates": [
          [
            -58.164722771,
            -26.1879626859
          ],
          [
            -58.1670323686,
            -26.1887181704
          ]
        ]
      },
      "properties": {
        "id": 435,
        "kml_id": 23074,
        "tension": "13.2",
        "n_distribu": "205",
        "localidad": "FORMOSA",
        "material": "AL/AL",
        "seccion": "70",
        "depto": "FORMOSA",
        "length_km": 0.2453,
        "num_points": 2
      }
    },
    {
      "type": "Feature",
      "geometry": {
        "type": "LineString",
        "coordinates": [
          [
            -58.1670323686,
            -26.1887181704
          ],
          [
            -58.1689018425,
            -26.1893296528
          ]
        ]
      },
      "properties": {
        "id": 436,
        "kml_id": 23075,
        "tension": "13.2",
        "n_distribu": "205",
        "localidad": "FORMOSA",
        "material": "AL/AL",
        "seccion": "70",
        "depto": "FORMOSA",
        "length_km": 0.1985,
        "num_points": 2
      }
    },
    {
      "type": "Feature",
      "geometry": {
        "type": "LineString",
        "coordinates": [
          [
            -58.1646666962,
            -26.1872026679
          ],
          [
            -58.1645729441,
            -26.1871726701
          ],
          [
            -58.1643401328,
            -26.1877584001
          ],
          [
            -58.1643564928,
            -26.1878192681
          ],
          [
            -58.1647488815,
            -26.1879462231
          ],
          [
            -58.1647400443,
            -26.1879683114
          ]
        ]
      },
      "properties": {
        "id": 437,
        "kml_id": 23076,
        "tension": "13.2",
        "n_distribu": "205",
        "localidad": "FORMOSA",
        "material": "Cu",
        "seccion": "70",
        "depto": "FORMOSA",
        "length_km": 0.1303,
        "num_points": 6
      }
    },
    {
      "type": "Feature",
      "geometry": {
        "type": "LineString",
        "coordinates": [
          [
            -58.1654596089,
            -26.1880384548
          ],
          [
            -58.1655829411,
            -26.1877281557
          ]
        ]
      },
      "properties": {
        "id": 438,
        "kml_id": 23077,
        "tension": "13.2",
        "n_distribu": "205",
        "localidad": "FORMOSA",
        "material": "AL/AL",
        "seccion": "50",
        "depto": "FORMOSA",
        "length_km": 0.0366,
        "num_points": 2
      }
    },
    {
      "type": "Feature",
      "geometry": {
        "type": "LineString",
        "coordinates": [
          [
            -58.1806355142,
            -26.1966382657
          ],
          [
            -58.1801604982,
            -26.1964749057
          ]
        ]
      },
      "properties": {
        "id": 439,
        "kml_id": 23078,
        "tension": "13.2",
        "n_distribu": "1202",
        "localidad": "FORMOSA",
        "material": "AL/AL",
        "seccion": "50",
        "depto": "FORMOSA",
        "length_km": 0.0508,
        "num_points": 2
      }
    },
    {
      "type": "Feature",
      "geometry": {
        "type": "LineString",
        "coordinates": [
          [
            -58.1709183648,
            -26.1932527558
          ],
          [
            -58.170154998,
            -26.1951940017
          ]
        ]
      },
      "properties": {
        "id": 440,
        "kml_id": 23080,
        "tension": "13.2",
        "n_distribu": "1203",
        "localidad": "FORMOSA",
        "material": "AL/AL",
        "seccion": "50",
        "depto": "FORMOSA",
        "length_km": 0.2289,
        "num_points": 2
      }
    },
    {
      "type": "Feature",
      "geometry": {
        "type": "LineString",
        "coordinates": [
          [
            -58.1678169976,
            -26.1948380004
          ],
          [
            -58.1677370009,
            -26.1954590001
          ]
        ]
      },
      "properties": {
        "id": 441,
        "kml_id": 23081,
        "tension": "13.2",
        "n_distribu": "1203",
        "localidad": "FORMOSA",
        "material": "AL/AL",
        "seccion": "70",
        "depto": "FORMOSA",
        "length_km": 0.0695,
        "num_points": 2
      }
    },
    {
      "type": "Feature",
      "geometry": {
        "type": "LineString",
        "coordinates": [
          [
            -58.1679199982,
            -26.2005390007
          ],
          [
            -58.1661209976,
            -26.2000229996
          ]
        ]
      },
      "properties": {
        "id": 442,
        "kml_id": 23099,
        "tension": "13.2",
        "n_distribu": "1203",
        "localidad": "FORMOSA",
        "material": "AL/AL",
        "seccion": "50",
        "depto": "FORMOSA",
        "length_km": 0.1884,
        "num_points": 2
      }
    },
    {
      "type": "Feature",
      "geometry": {
        "type": "LineString",
        "coordinates": [
          [
            -58.1661209976,
            -26.2000229996
          ],
          [
            -58.1659660028,
            -26.2000969964
          ]
        ]
      },
      "properties": {
        "id": 443,
        "kml_id": 23100,
        "tension": "13.2",
        "n_distribu": "1203",
        "localidad": "FORMOSA",
        "material": "AL/AL",
        "seccion": "50",
        "depto": "FORMOSA",
        "length_km": 0.0175,
        "num_points": 2
      }
    },
    {
      "type": "Feature",
      "geometry": {
        "type": "LineString",
        "coordinates": [
          [
            -58.1659660028,
            -26.2000969964
          ],
          [
            -58.1641400029,
            -26.2044599965
          ]
        ]
      },
      "properties": {
        "id": 444,
        "kml_id": 23101,
        "tension": "13.2",
        "n_distribu": "1203",
        "localidad": "FORMOSA",
        "material": "AL/AL",
        "seccion": "50",
        "depto": "FORMOSA",
        "length_km": 0.5182,
        "num_points": 2
      }
    },
    {
      "type": "Feature",
      "geometry": {
        "type": "LineString",
        "coordinates": [
          [
            -58.1641400029,
            -26.2044599965
          ],
          [
            -58.1646180005,
            -26.2050380035
          ]
        ]
      },
      "properties": {
        "id": 445,
        "kml_id": 23102,
        "tension": "13.2",
        "n_distribu": "1203",
        "localidad": "FORMOSA",
        "material": "AL/AL",
        "seccion": "50",
        "depto": "FORMOSA",
        "length_km": 0.08,
        "num_points": 2
      }
    },
    {
      "type": "Feature",
      "geometry": {
        "type": "LineString",
        "coordinates": [
          [
            -58.1646180005,
            -26.2050380035
          ],
          [
            -58.1650859951,
            -26.2065070044
          ]
        ]
      },
      "properties": {
        "id": 446,
        "kml_id": 23103,
        "tension": "13.2",
        "n_distribu": "1203",
        "localidad": "FORMOSA",
        "material": "AL/AL",
        "seccion": "50",
        "depto": "FORMOSA",
        "length_km": 0.1699,
        "num_points": 2
      }
    },
    {
      "type": "Feature",
      "geometry": {
        "type": "LineString",
        "coordinates": [
          [
            -58.1650859951,
            -26.2065070044
          ],
          [
            -58.1647633305,
            -26.2079809537
          ]
        ]
      },
      "properties": {
        "id": 447,
        "kml_id": 23104,
        "tension": "13.2",
        "n_distribu": "1203",
        "localidad": "FORMOSA",
        "material": "AL/AL",
        "seccion": "50",
        "depto": "FORMOSA",
        "length_km": 0.167,
        "num_points": 2
      }
    },
    {
      "type": "Feature",
      "geometry": {
        "type": "LineString",
        "coordinates": [
          [
            -58.1647633305,
            -26.2079809537
          ],
          [
            -58.1649697708,
            -26.2080181399
          ]
        ]
      },
      "properties": {
        "id": 448,
        "kml_id": 23105,
        "tension": "13.2",
        "n_distribu": "1203",
        "localidad": "FORMOSA",
        "material": "AL/AL",
        "seccion": "50",
        "depto": "FORMOSA",
        "length_km": 0.021,
        "num_points": 2
      }
    },
    {
      "type": "Feature",
      "geometry": {
        "type": "LineString",
        "coordinates": [
          [
            -58.1737159994,
            -26.1936959991
          ],
          [
            -58.1734746775,
            -26.1942953326
          ]
        ]
      },
      "properties": {
        "id": 449,
        "kml_id": 23109,
        "tension": "13.2",
        "n_distribu": "1203",
        "localidad": "FORMOSA",
        "material": "AL/AL",
        "seccion": "70",
        "depto": "FORMOSA",
        "length_km": 0.0709,
        "num_points": 2
      }
    },
    {
      "type": "Feature",
      "geometry": {
        "type": "LineString",
        "coordinates": [
          [
            -58.1785689994,
            -26.197594
          ],
          [
            -58.1789914098,
            -26.1965486687
          ]
        ]
      },
      "properties": {
        "id": 450,
        "kml_id": 23110,
        "tension": "13.2",
        "n_distribu": "1202",
        "localidad": "FORMOSA",
        "material": "AL/AL",
        "seccion": "50",
        "depto": "FORMOSA",
        "length_km": 0.1236,
        "num_points": 2
      }
    },
    {
      "type": "Feature",
      "geometry": {
        "type": "LineString",
        "coordinates": [
          [
            -58.1789952471,
            -26.1965391727
          ],
          [
            -58.1791820044,
            -26.1960770015
          ]
        ]
      },
      "properties": {
        "id": 451,
        "kml_id": 23111,
        "tension": "13.2",
        "n_distribu": "1202",
        "localidad": "FORMOSA",
        "material": "AL/AL",
        "seccion": "50",
        "depto": "FORMOSA",
        "length_km": 0.0547,
        "num_points": 2
      }
    },
    {
      "type": "Feature",
      "geometry": {
        "type": "LineString",
        "coordinates": [
          [
            -58.1768345764,
            -26.1987293254
          ],
          [
            -58.1772989827,
            -26.197565679
          ]
        ]
      },
      "properties": {
        "id": 452,
        "kml_id": 23112,
        "tension": "13.2",
        "n_distribu": "1202",
        "localidad": "FORMOSA",
        "material": "AL/AL",
        "seccion": "50",
        "depto": "FORMOSA",
        "length_km": 0.1374,
        "num_points": 2
      }
    },
    {
      "type": "Feature",
      "geometry": {
        "type": "LineString",
        "coordinates": [
          [
            -58.1772989702,
            -26.1975656749
          ],
          [
            -58.1778230004,
            -26.1962529286
          ]
        ]
      },
      "properties": {
        "id": 453,
        "kml_id": 23113,
        "tension": "13.2",
        "n_distribu": "1202",
        "localidad": "FORMOSA",
        "material": "AL/AL",
        "seccion": "50",
        "depto": "FORMOSA",
        "length_km": 0.1551,
        "num_points": 2
      }
    },
    {
      "type": "Feature",
      "geometry": {
        "type": "LineString",
        "coordinates": [
          [
            -58.1778263897,
            -26.1962444379
          ],
          [
            -58.1781000035,
            -26.1955589974
          ]
        ]
      },
      "properties": {
        "id": 454,
        "kml_id": 23114,
        "tension": "13.2",
        "n_distribu": "1202",
        "localidad": "FORMOSA",
        "material": "AL/AL",
        "seccion": "50",
        "depto": "FORMOSA",
        "length_km": 0.081,
        "num_points": 2
      }
    },
    {
      "type": "Feature",
      "geometry": {
        "type": "LineString",
        "coordinates": [
          [
            -58.1776710046,
            -26.1968939978
          ],
          [
            -58.1761659993,
            -26.1963950006
          ]
        ]
      },
      "properties": {
        "id": 455,
        "kml_id": 23115,
        "tension": "13.2",
        "n_distribu": "1202",
        "localidad": "FORMOSA",
        "material": "AL/AL",
        "seccion": "35",
        "depto": "FORMOSA",
        "length_km": 0.1601,
        "num_points": 2
      }
    },
    {
      "type": "Feature",
      "geometry": {
        "type": "LineString",
        "coordinates": [
          [
            -58.177022606,
            -26.1984969075
          ],
          [
            -58.1755175823,
            -26.1979979042
          ]
        ]
      },
      "properties": {
        "id": 456,
        "kml_id": 23116,
        "tension": "13.2",
        "n_distribu": "1202",
        "localidad": "FORMOSA",
        "material": "AL/AL",
        "seccion": "35",
        "depto": "FORMOSA",
        "length_km": 0.1601,
        "num_points": 2
      }
    },
    {
      "type": "Feature",
      "geometry": {
        "type": "LineString",
        "coordinates": [
          [
            -58.1941923092775,
            -26.1370176111099
          ],
          [
            -58.1935428425298,
            -26.1367972863857
          ],
          [
            -58.1917587515003,
            -26.1411073892404
          ]
        ]
      },
      "properties": {
        "id": 457,
        "kml_id": 23160,
        "tension": "33",
        "n_distribu": "ALIMENTADOR 320",
        "localidad": "FORMOSA",
        "material": "AL/AC",
        "seccion": "120/20",
        "depto": "FORMOSA",
        "length_km": 0.5806,
        "num_points": 3
      }
    },
    {
      "type": "Feature",
      "geometry": {
        "type": "LineString",
        "coordinates": [
          [
            -58.1917587515003,
            -26.1411073892404
          ],
          [
            -58.1917761648626,
            -26.141135792288
          ]
        ]
      },
      "properties": {
        "id": 458,
        "kml_id": 23161,
        "tension": "33",
        "n_distribu": "ALIMENTADOR 320",
        "localidad": "FORMOSA",
        "material": "AL/AC",
        "seccion": "120/20",
        "depto": "FORMOSA",
        "length_km": 0.0036,
        "num_points": 2
      }
    },
    {
      "type": "Feature",
      "geometry": {
        "type": "LineString",
        "coordinates": [
          [
            -58.172454993,
            -26.1865938069
          ],
          [
            -58.1726241681,
            -26.1861735803
          ]
        ]
      },
      "properties": {
        "id": 459,
        "kml_id": 23219,
        "tension": "13.2",
        "n_distribu": "81",
        "localidad": "FORMOSA",
        "material": "AL/AL",
        "seccion": "35",
        "depto": "FORMOSA",
        "length_km": 0.0497,
        "num_points": 2
      }
    },
    {
      "type": "Feature",
      "geometry": {
        "type": "LineString",
        "coordinates": [
          [
            -58.1734609956,
            -26.1869910027
          ],
          [
            -58.1733417241,
            -26.1872872743
          ],
          [
            -58.1731655063,
            -26.1872833986
          ]
        ]
      },
      "properties": {
        "id": 460,
        "kml_id": 23220,
        "tension": "13.2",
        "n_distribu": "81",
        "localidad": "FORMOSA",
        "material": "AL/AL",
        "seccion": "3x50",
        "depto": "FORMOSA",
        "length_km": 0.0526,
        "num_points": 3
      }
    },
    {
      "type": "Feature",
      "geometry": {
        "type": "LineString",
        "coordinates": [
          [
            -58.1738806668,
            -26.187512338
          ],
          [
            -58.1713450118,
            -26.1867009831
          ]
        ]
      },
      "properties": {
        "id": 461,
        "kml_id": 23221,
        "tension": "13.2",
        "n_distribu": "81",
        "localidad": "FORMOSA",
        "material": "AL/AL",
        "seccion": "50",
        "depto": "FORMOSA",
        "length_km": 0.2686,
        "num_points": 2
      }
    },
    {
      "type": "Feature",
      "geometry": {
        "type": "LineString",
        "coordinates": [
          [
            -58.1747534563,
            -26.1879883365
          ],
          [
            -58.1748558965,
            -26.1877338667
          ]
        ]
      },
      "properties": {
        "id": 462,
        "kml_id": 23222,
        "tension": "13.2",
        "n_distribu": "81",
        "localidad": "FORMOSA",
        "material": "AL/AL",
        "seccion": "50",
        "depto": "FORMOSA",
        "length_km": 0.0301,
        "num_points": 2
      }
    },
    {
      "type": "Feature",
      "geometry": {
        "type": "LineString",
        "coordinates": [
          [
            -58.1784191869,
            -26.1889856001
          ],
          [
            -58.1824861826,
            -26.1903136534
          ]
        ]
      },
      "properties": {
        "id": 463,
        "kml_id": 23223,
        "tension": "13.2",
        "n_distribu": "81",
        "localidad": "FORMOSA",
        "material": "AL/AL",
        "seccion": "50",
        "depto": "FORMOSA",
        "length_km": 0.4318,
        "num_points": 2
      }
    },
    {
      "type": "Feature",
      "geometry": {
        "type": "LineString",
        "coordinates": [
          [
            -58.1783420046,
            -26.1851490043
          ],
          [
            -58.1769185914,
            -26.188685143
          ]
        ]
      },
      "properties": {
        "id": 464,
        "kml_id": 23224,
        "tension": "13.2",
        "n_distribu": "81",
        "localidad": "FORMOSA",
        "material": "AL/AL",
        "seccion": "50",
        "depto": "FORMOSA",
        "length_km": 0.4181,
        "num_points": 2
      }
    },
    {
      "type": "Feature",
      "geometry": {
        "type": "LineString",
        "coordinates": [
          [
            -58.1783420046,
            -26.1851490043
          ],
          [
            -58.1786795717,
            -26.1843284592
          ],
          [
            -58.1786132579,
            -26.1842626022
          ],
          [
            -58.176594203,
            -26.1836079019
          ],
          [
            -58.1763797802,
            -26.1836261892
          ],
          [
            -58.1762434559,
            -26.183957546
          ],
          [
            -58.1761336246,
            -26.1839207618
          ]
        ]
      },
      "properties": {
        "id": 465,
        "kml_id": 23225,
        "tension": "13.2",
        "n_distribu": "81",
        "localidad": "FORMOSA",
        "material": "ALUMINIO",
        "seccion": "3x70",
        "depto": "FORMOSA",
        "length_km": 0.3938,
        "num_points": 7
      }
    },
    {
      "type": "Feature",
      "geometry": {
        "type": "LineString",
        "coordinates": [
          [
            -58.1847769672,
            -26.1861749925
          ],
          [
            -58.1842282966,
            -26.1859684324
          ]
        ]
      },
      "properties": {
        "id": 466,
        "kml_id": 23226,
        "tension": "13.2",
        "n_distribu": "80",
        "localidad": "FORMOSA",
        "material": "AL/AL",
        "seccion": "70",
        "depto": "FORMOSA",
        "length_km": 0.0594,
        "num_points": 2
      }
    },
    {
      "type": "Feature",
      "geometry": {
        "type": "LineString",
        "coordinates": [
          [
            -58.1810794908,
            -26.1846759342
          ],
          [
            -58.1802619415,
            -26.1866996956
          ]
        ]
      },
      "properties": {
        "id": 467,
        "kml_id": 23227,
        "tension": "13.2",
        "n_distribu": "80",
        "localidad": "FORMOSA",
        "material": "AL/AL",
        "seccion": "70",
        "depto": "FORMOSA",
        "length_km": 0.2394,
        "num_points": 2
      }
    },
    {
      "type": "Feature",
      "geometry": {
        "type": "LineString",
        "coordinates": [
          [
            -58.1842280818,
            -26.1859683627
          ],
          [
            -58.1778223681,
            -26.1838912759
          ]
        ]
      },
      "properties": {
        "id": 468,
        "kml_id": 23228,
        "tension": "13.2",
        "n_distribu": "80",
        "localidad": "FORMOSA",
        "material": "AL/AL",
        "seccion": "70",
        "depto": "FORMOSA",
        "length_km": 0.6796,
        "num_points": 2
      }
    },
    {
      "type": "Feature",
      "geometry": {
        "type": "LineString",
        "coordinates": [
          [
            -58.1778223681,
            -26.1838912759
          ],
          [
            -58.1770737617,
            -26.18364672
          ]
        ]
      },
      "properties": {
        "id": 469,
        "kml_id": 23229,
        "tension": "13.2",
        "n_distribu": "80",
        "localidad": "FORMOSA",
        "material": "AL/AL",
        "seccion": "70",
        "depto": "FORMOSA",
        "length_km": 0.0795,
        "num_points": 2
      }
    },
    {
      "type": "Feature",
      "geometry": {
        "type": "LineString",
        "coordinates": [
          [
            -58.1770737617,
            -26.18364672
          ],
          [
            -58.1770342863,
            -26.1837426729
          ],
          [
            -58.1765815984,
            -26.1835910626
          ],
          [
            -58.1763570492,
            -26.1836184523
          ],
          [
            -58.1762236314,
            -26.1839427445
          ],
          [
            -58.1761364256,
            -26.183913538
          ]
        ]
      },
      "properties": {
        "id": 470,
        "kml_id": 23230,
        "tension": "13.2",
        "n_distribu": "80",
        "localidad": "FORMOSA",
        "material": "ALUMINIO",
        "seccion": "3x70",
        "depto": "FORMOSA",
        "length_km": 0.1299,
        "num_points": 6
      }
    },
    {
      "type": "Feature",
      "geometry": {
        "type": "LineString",
        "coordinates": [
          [
            -58.1761306733,
            -26.1839279354
          ],
          [
            -58.1762559962,
            -26.1839699079
          ],
          [
            -58.1763891571,
            -26.1836293296
          ],
          [
            -58.1765716384,
            -26.1836173666
          ],
          [
            -58.1777499625,
            -26.1839997935
          ],
          [
            -58.1776100152,
            -26.1840181771
          ]
        ]
      },
      "properties": {
        "id": 471,
        "kml_id": 23231,
        "tension": "13.2",
        "n_distribu": "82",
        "localidad": "FORMOSA",
        "material": "AL/AL",
        "seccion": "3x70",
        "depto": "FORMOSA",
        "length_km": 0.2109,
        "num_points": 6
      }
    },
    {
      "type": "Feature",
      "geometry": {
        "type": "LineString",
        "coordinates": [
          [
            -58.1852577823,
            -26.1895325506
          ],
          [
            -58.1846442562,
            -26.1893325457
          ],
          [
            -58.1847670774,
            -26.1890258705
          ]
        ]
      },
      "properties": {
        "id": 472,
        "kml_id": 23232,
        "tension": "13.2",
        "n_distribu": "80",
        "localidad": "FORMOSA",
        "material": "Cu",
        "seccion": "50",
        "depto": "FORMOSA",
        "length_km": 0.1014,
        "num_points": 3
      }
    },
    {
      "type": "Feature",
      "geometry": {
        "type": "LineString",
        "coordinates": [
          [
            -58.1826821087,
            -26.1901884022
          ],
          [
            -58.1814469999,
            -26.1932765599
          ]
        ]
      },
      "properties": {
        "id": 473,
        "kml_id": 23233,
        "tension": "13.2",
        "n_distribu": "80",
        "localidad": "FORMOSA",
        "material": "AL/AL",
        "seccion": "70",
        "depto": "FORMOSA",
        "length_km": 0.3648,
        "num_points": 2
      }
    },
    {
      "type": "Feature",
      "geometry": {
        "type": "LineString",
        "coordinates": [
          [
            -58.1868925087,
            -26.1700551275
          ],
          [
            -58.1834940014,
            -26.1785709973
          ]
        ]
      },
      "properties": {
        "id": 474,
        "kml_id": 23673,
        "tension": "13.2",
        "n_distribu": "403",
        "localidad": "FORMOSA",
        "material": "AL/AL",
        "seccion": "70",
        "depto": "FORMOSA",
        "length_km": 1.0058,
        "num_points": 2
      }
    },
    {
      "type": "Feature",
      "geometry": {
        "type": "LineString",
        "coordinates": [
          [
            -58.2489812175157,
            -26.0985184450723
          ],
          [
            -58.2496500331277,
            -26.0993082130747
          ],
          [
            -58.2496668983202,
            -26.0993286557322
          ]
        ]
      },
      "properties": {
        "id": 475,
        "kml_id": 23675,
        "tension": "33",
        "n_distribu": "ALIMENTADOR 308",
        "localidad": "FORMOSA",
        "material": "AL/AC",
        "seccion": "95/15",
        "depto": "FORMOSA",
        "length_km": 0.1132,
        "num_points": 3
      }
    },
    {
      "type": "Feature",
      "geometry": {
        "type": "LineString",
        "coordinates": [
          [
            -58.1598716827124,
            -26.1453310275258
          ],
          [
            -58.1604765225441,
            -26.1455307252375
          ]
        ]
      },
      "properties": {
        "id": 476,
        "kml_id": 23690,
        "tension": "13.2",
        "n_distribu": "92",
        "localidad": "FORMOSA",
        "material": "AL/AL",
        "seccion": "35",
        "depto": "FORMOSA",
        "length_km": 0.0643,
        "num_points": 2
      }
    },
    {
      "type": "Feature",
      "geometry": {
        "type": "LineString",
        "coordinates": [
          [
            -58.1609890063288,
            -26.1456999300975
          ],
          [
            -58.1616045113475,
            -26.1441297005647
          ]
        ]
      },
      "properties": {
        "id": 477,
        "kml_id": 23691,
        "tension": "13.2",
        "n_distribu": "92",
        "localidad": "FORMOSA",
        "material": "AL/AL",
        "seccion": "35",
        "depto": "FORMOSA",
        "length_km": 0.1851,
        "num_points": 2
      }
    },
    {
      "type": "Feature",
      "geometry": {
        "type": "LineString",
        "coordinates": [
          [
            -58.1647311289,
            -26.181033479
          ],
          [
            -58.1647863855,
            -26.1808971983
          ]
        ]
      },
      "properties": {
        "id": 478,
        "kml_id": 23693,
        "tension": "13.2",
        "n_distribu": "001",
        "localidad": "FORMOSA",
        "material": null,
        "seccion": null,
        "depto": "FORMOSA",
        "length_km": 0.0161,
        "num_points": 2
      }
    },
    {
      "type": "Feature",
      "geometry": {
        "type": "LineString",
        "coordinates": [
          [
            -58.1649918942,
            -26.1812347253
          ],
          [
            -58.1650915507,
            -26.1809964701
          ]
        ]
      },
      "properties": {
        "id": 479,
        "kml_id": 23694,
        "tension": "13.2",
        "n_distribu": "001",
        "localidad": "FORMOSA",
        "material": null,
        "seccion": null,
        "depto": "FORMOSA",
        "length_km": 0.0283,
        "num_points": 2
      }
    },
    {
      "type": "Feature",
      "geometry": {
        "type": "LineString",
        "coordinates": [
          [
            -58.1635052723,
            -26.1802226092
          ],
          [
            -58.163412917,
            -26.180450392
          ],
          [
            -58.1658064324,
            -26.1812290214
          ]
        ]
      },
      "properties": {
        "id": 480,
        "kml_id": 23695,
        "tension": "13.2",
        "n_distribu": "001",
        "localidad": "FORMOSA",
        "material": null,
        "seccion": null,
        "depto": "FORMOSA",
        "length_km": 0.281,
        "num_points": 3
      }
    },
    {
      "type": "Feature",
      "geometry": {
        "type": "LineString",
        "coordinates": [
          [
            -58.1647190896,
            -26.1800377022
          ],
          [
            -58.1650103678,
            -26.1801336312
          ]
        ]
      },
      "properties": {
        "id": 481,
        "kml_id": 23696,
        "tension": "13.2",
        "n_distribu": "001",
        "localidad": "FORMOSA",
        "material": null,
        "seccion": null,
        "depto": "FORMOSA",
        "length_km": 0.031,
        "num_points": 2
      }
    },
    {
      "type": "Feature",
      "geometry": {
        "type": "LineString",
        "coordinates": [
          [
            -58.1644253748,
            -26.1816129002
          ],
          [
            -58.1641174082,
            -26.1815134393
          ]
        ]
      },
      "properties": {
        "id": 482,
        "kml_id": 23697,
        "tension": "13.2",
        "n_distribu": "001",
        "localidad": "FORMOSA",
        "material": null,
        "seccion": null,
        "depto": "FORMOSA",
        "length_km": 0.0327,
        "num_points": 2
      }
    },
    {
      "type": "Feature",
      "geometry": {
        "type": "LineString",
        "coordinates": [
          [
            -58.1744648937,
            -26.1689235019
          ],
          [
            -58.1743030746,
            -26.1689277387
          ],
          [
            -58.1727911535,
            -26.1726746514
          ],
          [
            -58.1728119418,
            -26.1729698588
          ],
          [
            -58.1702612832,
            -26.1793138752
          ],
          [
            -58.170036783,
            -26.1791675163
          ],
          [
            -58.1656347336,
            -26.1777238812
          ],
          [
            -58.1640959037,
            -26.1815664752
          ]
        ]
      },
      "properties": {
        "id": 483,
        "kml_id": 23698,
        "tension": "13.2",
        "n_distribu": "001",
        "localidad": "FORMOSA",
        "material": null,
        "seccion": null,
        "depto": "FORMOSA",
        "length_km": 2.1915,
        "num_points": 8
      }
    },
    {
      "type": "Feature",
      "geometry": {
        "type": "LineString",
        "coordinates": [
          [
            -58.1752937246194,
            -26.1691874141235
          ],
          [
            -58.1744648937,
            -26.1689235019
          ]
        ]
      },
      "properties": {
        "id": 484,
        "kml_id": 23699,
        "tension": "13.2",
        "n_distribu": "001",
        "localidad": "FORMOSA",
        "material": null,
        "seccion": null,
        "depto": "FORMOSA",
        "length_km": 0.0878,
        "num_points": 2
      }
    },
    {
      "type": "Feature",
      "geometry": {
        "type": "LineString",
        "coordinates": [
          [
            -58.1569192506388,
            -26.1457104256997
          ],
          [
            -58.1520071878863,
            -26.1440983603733
          ]
        ]
      },
      "properties": {
        "id": 485,
        "kml_id": 23701,
        "tension": "13.2",
        "n_distribu": "92",
        "localidad": "FORMOSA",
        "material": "AL",
        "seccion": null,
        "depto": "FORMOSA",
        "length_km": 0.5221,
        "num_points": 2
      }
    },
    {
      "type": "Feature",
      "geometry": {
        "type": "LineString",
        "coordinates": [
          [
            -58.1520933252138,
            -26.1442716563079
          ],
          [
            -58.1540289477678,
            -26.1394353240204
          ]
        ]
      },
      "properties": {
        "id": 486,
        "kml_id": 23702,
        "tension": "13.2",
        "n_distribu": "92",
        "localidad": "FORMOSA",
        "material": "AL",
        "seccion": null,
        "depto": "FORMOSA",
        "length_km": 0.5714,
        "num_points": 2
      }
    },
    {
      "type": "Feature",
      "geometry": {
        "type": "LineString",
        "coordinates": [
          [
            -58.1530531155373,
            -26.142193321317
          ],
          [
            -58.1488017075009,
            -26.1407858709846
          ]
        ]
      },
      "properties": {
        "id": 487,
        "kml_id": 23703,
        "tension": "13.2",
        "n_distribu": "92",
        "localidad": "FORMOSA",
        "material": "AL",
        "seccion": null,
        "depto": "FORMOSA",
        "length_km": 0.4523,
        "num_points": 2
      }
    },
    {
      "type": "Feature",
      "geometry": {
        "type": "LineString",
        "coordinates": [
          [
            -58.152632393825,
            -26.1433005155786
          ],
          [
            -58.1524152227254,
            -26.1432243921896
          ]
        ]
      },
      "properties": {
        "id": 488,
        "kml_id": 23704,
        "tension": "13.2",
        "n_distribu": "92",
        "localidad": "FORMOSA",
        "material": "AL",
        "seccion": null,
        "depto": "FORMOSA",
        "length_km": 0.0233,
        "num_points": 2
      }
    },
    {
      "type": "Feature",
      "geometry": {
        "type": "LineString",
        "coordinates": [
          [
            -58.1584371427446,
            -26.1408990723662
          ],
          [
            -58.1583987166421,
            -26.1408866691147
          ],
          [
            -58.1560816679434,
            -26.1401387652287
          ]
        ]
      },
      "properties": {
        "id": 489,
        "kml_id": 23705,
        "tension": "13.2",
        "n_distribu": "92",
        "localidad": "FORMOSA",
        "material": "AL",
        "seccion": null,
        "depto": "FORMOSA",
        "length_km": 0.2499,
        "num_points": 3
      }
    },
    {
      "type": "Feature",
      "geometry": {
        "type": "LineString",
        "coordinates": [
          [
            -58.1570853850704,
            -26.1458274186109
          ],
          [
            -58.1582991218087,
            -26.1427873258928
          ]
        ]
      },
      "properties": {
        "id": 490,
        "kml_id": 23706,
        "tension": "13.2",
        "n_distribu": "92",
        "localidad": "FORMOSA",
        "material": "AL/AL",
        "seccion": "35",
        "depto": "FORMOSA",
        "length_km": 0.3591,
        "num_points": 2
      }
    },
    {
      "type": "Feature",
      "geometry": {
        "type": "LineString",
        "coordinates": [
          [
            -58.1753473619131,
            -26.1561383462038
          ],
          [
            -58.1752035395044,
            -26.1564921140632
          ]
        ]
      },
      "properties": {
        "id": 491,
        "kml_id": 23708,
        "tension": "13.2",
        "n_distribu": "91",
        "localidad": "FORMOSA",
        "material": "AL/AL",
        "seccion": null,
        "depto": "FORMOSA",
        "length_km": 0.0419,
        "num_points": 2
      }
    },
    {
      "type": "Feature",
      "geometry": {
        "type": "LineString",
        "coordinates": [
          [
            -58.1616409839851,
            -26.1421757849398
          ],
          [
            -58.1625510857735,
            -26.1398694517995
          ]
        ]
      },
      "properties": {
        "id": 492,
        "kml_id": 23715,
        "tension": "13.2",
        "n_distribu": "91",
        "localidad": null,
        "material": null,
        "seccion": null,
        "depto": null,
        "length_km": 0.2721,
        "num_points": 2
      }
    },
    {
      "type": "Feature",
      "geometry": {
        "type": "LineString",
        "coordinates": [
          [
            -58.1752983875399,
            -26.1691715113088
          ],
          [
            -58.1744665225257,
            -26.1689145550017
          ]
        ]
      },
      "properties": {
        "id": 493,
        "kml_id": 23721,
        "tension": "13.2",
        "n_distribu": "002",
        "localidad": "FORMOSA",
        "material": null,
        "seccion": null,
        "depto": "FORMOSA",
        "length_km": 0.0878,
        "num_points": 2
      }
    },
    {
      "type": "Feature",
      "geometry": {
        "type": "LineString",
        "coordinates": [
          [
            -58.1744665225257,
            -26.1689145550017
          ],
          [
            -58.174295978,
            -26.168918497
          ],
          [
            -58.1727810397,
            -26.1726733388
          ],
          [
            -58.1728018283,
            -26.1729685516
          ],
          [
            -58.1702518811,
            -26.1793107975
          ],
          [
            -58.1697889185,
            -26.1804616846
          ]
        ]
      },
      "properties": {
        "id": 494,
        "kml_id": 23722,
        "tension": "13.2",
        "n_distribu": "002",
        "localidad": "FORMOSA",
        "material": "AL/AL",
        "seccion": "70",
        "depto": "FORMOSA",
        "length_km": 1.3798,
        "num_points": 6
      }
    },
    {
      "type": "Feature",
      "geometry": {
        "type": "LineString",
        "coordinates": [
          [
            -58.1770737617,
            -26.18364672
          ],
          [
            -58.1725576758,
            -26.1821715652
          ]
        ]
      },
      "properties": {
        "id": 495,
        "kml_id": 23723,
        "tension": "13.2",
        "n_distribu": "002",
        "localidad": "FORMOSA",
        "material": null,
        "seccion": "70",
        "depto": "FORMOSA",
        "length_km": 0.4796,
        "num_points": 2
      }
    },
    {
      "type": "Feature",
      "geometry": {
        "type": "LineString",
        "coordinates": [
          [
            -58.1813229971,
            -26.1639309998
          ],
          [
            -58.1820023352,
            -26.1641523913
          ]
        ]
      },
      "properties": {
        "id": 496,
        "kml_id": 23732,
        "tension": "13.2",
        "n_distribu": "003",
        "localidad": "FORMOSA",
        "material": "AL/AL",
        "seccion": "70",
        "depto": "FORMOSA",
        "length_km": 0.0721,
        "num_points": 2
      }
    },
    {
      "type": "Feature",
      "geometry": {
        "type": "LineString",
        "coordinates": [
          [
            -58.1825748106,
            -26.1623864627
          ],
          [
            -58.1835601743,
            -26.1630890422
          ]
        ]
      },
      "properties": {
        "id": 497,
        "kml_id": 23733,
        "tension": "13.2",
        "n_distribu": "003",
        "localidad": "FORMOSA",
        "material": "AL/AL",
        "seccion": "50",
        "depto": "FORMOSA",
        "length_km": 0.1256,
        "num_points": 2
      }
    },
    {
      "type": "Feature",
      "geometry": {
        "type": "LineString",
        "coordinates": [
          [
            -58.1835601743,
            -26.1630890422
          ],
          [
            -58.1851170413,
            -26.1635963849
          ]
        ]
      },
      "properties": {
        "id": 498,
        "kml_id": 23734,
        "tension": "13.2",
        "n_distribu": "003",
        "localidad": "FORMOSA",
        "material": "AL/AL",
        "seccion": "50",
        "depto": "FORMOSA",
        "length_km": 0.1653,
        "num_points": 2
      }
    },
    {
      "type": "Feature",
      "geometry": {
        "type": "LineString",
        "coordinates": [
          [
            -58.1851170413,
            -26.1635963849
          ],
          [
            -58.1859199254,
            -26.1638580156
          ]
        ]
      },
      "properties": {
        "id": 499,
        "kml_id": 23735,
        "tension": "13.2",
        "n_distribu": "003",
        "localidad": "FORMOSA",
        "material": "AL/AL",
        "seccion": "50",
        "depto": "FORMOSA",
        "length_km": 0.0852,
        "num_points": 2
      }
    },
    {
      "type": "Feature",
      "geometry": {
        "type": "LineString",
        "coordinates": [
          [
            -58.1815276315,
            -26.1596296061
          ],
          [
            -58.1834712634,
            -26.1602630343
          ]
        ]
      },
      "properties": {
        "id": 500,
        "kml_id": 23736,
        "tension": "13.2",
        "n_distribu": "003",
        "localidad": "FORMOSA",
        "material": "AL/AL",
        "seccion": "70",
        "depto": "FORMOSA",
        "length_km": 0.2064,
        "num_points": 2
      }
    },
    {
      "type": "Feature",
      "geometry": {
        "type": "LineString",
        "coordinates": [
          [
            -58.1787736162,
            -26.1671676255
          ],
          [
            -58.1794110037,
            -26.167147001
          ]
        ]
      },
      "properties": {
        "id": 501,
        "kml_id": 23740,
        "tension": "13.2",
        "n_distribu": "003",
        "localidad": "FORMOSA",
        "material": "AL/AL",
        "seccion": "70",
        "depto": "FORMOSA",
        "length_km": 0.0637,
        "num_points": 2
      }
    },
    {
      "type": "Feature",
      "geometry": {
        "type": "LineString",
        "coordinates": [
          [
            -58.1794110037,
            -26.167147001
          ],
          [
            -58.1808999499,
            -26.1668185113
          ]
        ]
      },
      "properties": {
        "id": 502,
        "kml_id": 23741,
        "tension": "13.2",
        "n_distribu": "003",
        "localidad": "FORMOSA",
        "material": "AL/AL",
        "seccion": "70",
        "depto": "FORMOSA",
        "length_km": 0.153,
        "num_points": 2
      }
    },
    {
      "type": "Feature",
      "geometry": {
        "type": "LineString",
        "coordinates": [
          [
            -58.1869885462,
            -26.1603927079
          ],
          [
            -58.1855871865,
            -26.1638808029
          ]
        ]
      },
      "properties": {
        "id": 503,
        "kml_id": 23742,
        "tension": "13.2",
        "n_distribu": "003",
        "localidad": "FORMOSA",
        "material": "AL/AL",
        "seccion": "50",
        "depto": "FORMOSA",
        "length_km": 0.4123,
        "num_points": 2
      }
    },
    {
      "type": "Feature",
      "geometry": {
        "type": "LineString",
        "coordinates": [
          [
            -58.1852999634,
            -26.1645956977
          ],
          [
            -58.1847636482,
            -26.1659305566
          ]
        ]
      },
      "properties": {
        "id": 504,
        "kml_id": 23744,
        "tension": "13.2",
        "n_distribu": "003",
        "localidad": "FORMOSA",
        "material": "AL/AL",
        "seccion": "50",
        "depto": "FORMOSA",
        "length_km": 0.1578,
        "num_points": 2
      }
    },
    {
      "type": "Feature",
      "geometry": {
        "type": "LineString",
        "coordinates": [
          [
            -58.185048995,
            -26.1657979989
          ],
          [
            -58.1836139963,
            -26.1653370008
          ]
        ]
      },
      "properties": {
        "id": 505,
        "kml_id": 23745,
        "tension": "13.2",
        "n_distribu": "003",
        "localidad": "FORMOSA",
        "material": "AL/AL",
        "seccion": "35",
        "depto": "FORMOSA",
        "length_km": 0.1521,
        "num_points": 2
      }
    },
    {
      "type": "Feature",
      "geometry": {
        "type": "LineString",
        "coordinates": [
          [
            -58.1869701934,
            -26.1698604633
          ],
          [
            -58.1817001795033,
            -26.1681402368965
          ]
        ]
      },
      "properties": {
        "id": 506,
        "kml_id": 23751,
        "tension": "13.2",
        "n_distribu": "004",
        "localidad": "FORMOSA",
        "material": "AL/AL",
        "seccion": "70",
        "depto": "FORMOSA",
        "length_km": 0.5596,
        "num_points": 2
      }
    },
    {
      "type": "Feature",
      "geometry": {
        "type": "LineString",
        "coordinates": [
          [
            -58.161962248413,
            -26.1519287428708
          ],
          [
            -58.1655286537311,
            -26.1430595079018
          ]
        ]
      },
      "properties": {
        "id": 507,
        "kml_id": 23709,
        "tension": "13.2",
        "n_distribu": "91",
        "localidad": null,
        "material": null,
        "seccion": null,
        "depto": null,
        "length_km": 1.0485,
        "num_points": 2
      }
    },
    {
      "type": "Feature",
      "geometry": {
        "type": "LineString",
        "coordinates": [
          [
            -58.1613796894626,
            -26.1418259103894
          ],
          [
            -58.1690867000356,
            -26.1443361864845
          ]
        ]
      },
      "properties": {
        "id": 508,
        "kml_id": 23710,
        "tension": "13.2",
        "n_distribu": "91",
        "localidad": null,
        "material": null,
        "seccion": null,
        "depto": null,
        "length_km": 0.8184,
        "num_points": 2
      }
    },
    {
      "type": "Feature",
      "geometry": {
        "type": "LineString",
        "coordinates": [
          [
            -58.157844589641,
            -26.1504648803617
          ],
          [
            -58.1578674076193,
            -26.1505728780206
          ],
          [
            -58.1582495603561,
            -26.150698038863
          ],
          [
            -58.1754911843218,
            -26.1562748883118
          ]
        ]
      },
      "properties": {
        "id": 509,
        "kml_id": 23707,
        "tension": "13.2",
        "n_distribu": "91",
        "localidad": "FORMOSA",
        "material": "AL/AL",
        "seccion": null,
        "depto": "FORMOSA",
        "length_km": 1.882,
        "num_points": 4
      }
    },
    {
      "type": "Feature",
      "geometry": {
        "type": "LineString",
        "coordinates": [
          [
            -58.157866170981,
            -26.1458210366569
          ],
          [
            -58.157554154722,
            -26.1457091544744
          ]
        ]
      },
      "properties": {
        "id": 510,
        "kml_id": 23700,
        "tension": "13.2",
        "n_distribu": "92",
        "localidad": "FORMOSA",
        "material": "AL/AL",
        "seccion": "50",
        "depto": "FORMOSA",
        "length_km": 0.0335,
        "num_points": 2
      }
    },
    {
      "type": "Feature",
      "geometry": {
        "type": "LineString",
        "coordinates": [
          [
            -58.1690889505393,
            -26.1443050009337
          ],
          [
            -58.1664847962909,
            -26.1508050985377
          ],
          [
            -58.1664346287114,
            -26.1509401249911
          ]
        ]
      },
      "properties": {
        "id": 511,
        "kml_id": 23711,
        "tension": "13.2",
        "n_distribu": "91",
        "localidad": "FORMOSA",
        "material": "AL/AL",
        "seccion": null,
        "depto": "FORMOSA",
        "length_km": 0.7839,
        "num_points": 3
      }
    },
    {
      "type": "Feature",
      "geometry": {
        "type": "LineString",
        "coordinates": [
          [
            -58.1811137694362,
            -26.1826828087035
          ],
          [
            -58.1782631233252,
            -26.1817397830054
          ]
        ]
      },
      "properties": {
        "id": 512,
        "kml_id": 23752,
        "tension": "13.2",
        "n_distribu": "005",
        "localidad": "FORMOSA",
        "material": "AL/AL",
        "seccion": "35",
        "depto": "FORMOSA",
        "length_km": 0.3032,
        "num_points": 2
      }
    },
    {
      "type": "Feature",
      "geometry": {
        "type": "LineString",
        "coordinates": [
          [
            -58.1781558354933,
            -26.1783541393252
          ],
          [
            -58.1779891680836,
            -26.1781848123661
          ]
        ]
      },
      "properties": {
        "id": 513,
        "kml_id": 23754,
        "tension": "13.2",
        "n_distribu": "005",
        "localidad": "FORMOSA",
        "material": null,
        "seccion": null,
        "depto": "FORMOSA",
        "length_km": 0.0251,
        "num_points": 2
      }
    },
    {
      "type": "Feature",
      "geometry": {
        "type": "LineString",
        "coordinates": [
          [
            -58.176913902171,
            -26.1667347939813
          ],
          [
            -58.1789700305679,
            -26.1674120522665
          ],
          [
            -58.1796388468813,
            -26.1676337534711
          ],
          [
            -58.1802277738552,
            -26.1678386259808
          ],
          [
            -58.1802277738552,
            -26.1678386259808
          ]
        ]
      },
      "properties": {
        "id": 514,
        "kml_id": 23755,
        "tension": "13.2",
        "n_distribu": "005",
        "localidad": "FORMOSA",
        "material": "AL/AL",
        "seccion": "70",
        "depto": "FORMOSA",
        "length_km": 0.3528,
        "num_points": 5
      }
    },
    {
      "type": "Feature",
      "geometry": {
        "type": "LineString",
        "coordinates": [
          [
            -58.1742847806493,
            -26.1658609412801
          ],
          [
            -58.1761481203764,
            -26.1664715578554
          ],
          [
            -58.1766619571228,
            -26.1666393383799
          ]
        ]
      },
      "properties": {
        "id": 515,
        "kml_id": 23756,
        "tension": "13.2",
        "n_distribu": "006",
        "localidad": "FORMOSA",
        "material": "AL/AL",
        "seccion": "70",
        "depto": "FORMOSA",
        "length_km": 0.2525,
        "num_points": 3
      }
    },
    {
      "type": "Feature",
      "geometry": {
        "type": "LineString",
        "coordinates": [
          [
            -58.1718057702,
            -26.1646868323
          ],
          [
            -58.1747493657,
            -26.1573054773
          ]
        ]
      },
      "properties": {
        "id": 516,
        "kml_id": 23757,
        "tension": "13.2",
        "n_distribu": "006",
        "localidad": "FORMOSA",
        "material": "AL/AL",
        "seccion": "70",
        "depto": "FORMOSA",
        "length_km": 0.8718,
        "num_points": 2
      }
    },
    {
      "type": "Feature",
      "geometry": {
        "type": "LineString",
        "coordinates": [
          [
            -58.1792905435,
            -26.1589006666
          ],
          [
            -58.1803503393,
            -26.1592462525
          ]
        ]
      },
      "properties": {
        "id": 517,
        "kml_id": 23758,
        "tension": "13.2",
        "n_distribu": "006",
        "localidad": "FORMOSA",
        "material": "AL/AL",
        "seccion": "70",
        "depto": "FORMOSA",
        "length_km": 0.1125,
        "num_points": 2
      }
    },
    {
      "type": "Feature",
      "geometry": {
        "type": "LineString",
        "coordinates": [
          [
            -58.1803503393,
            -26.1592462525
          ],
          [
            -58.1811515767,
            -26.1595070463
          ]
        ]
      },
      "properties": {
        "id": 518,
        "kml_id": 23759,
        "tension": "13.2",
        "n_distribu": "006",
        "localidad": "FORMOSA",
        "material": "AL/AL",
        "seccion": "70",
        "depto": "FORMOSA",
        "length_km": 0.0851,
        "num_points": 2
      }
    },
    {
      "type": "Feature",
      "geometry": {
        "type": "LineString",
        "coordinates": [
          [
            -58.1811515767,
            -26.1595070463
          ],
          [
            -58.1815277972,
            -26.1596296601
          ]
        ]
      },
      "properties": {
        "id": 519,
        "kml_id": 23760,
        "tension": "13.2",
        "n_distribu": "006",
        "localidad": "FORMOSA",
        "material": "AL",
        "seccion": "70",
        "depto": "FORMOSA",
        "length_km": 0.0399,
        "num_points": 2
      }
    },
    {
      "type": "Feature",
      "geometry": {
        "type": "LineString",
        "coordinates": [
          [
            -58.1793776266,
            -26.1611026552
          ],
          [
            -58.1801813598,
            -26.1590948718
          ]
        ]
      },
      "properties": {
        "id": 520,
        "kml_id": 23761,
        "tension": "13.2",
        "n_distribu": "006",
        "localidad": "FORMOSA",
        "material": "AL/AL",
        "seccion": "50",
        "depto": "FORMOSA",
        "length_km": 0.2372,
        "num_points": 2
      }
    },
    {
      "type": "Feature",
      "geometry": {
        "type": "LineString",
        "coordinates": [
          [
            -58.1779389397,
            -26.1586618942
          ],
          [
            -58.1783892614065,
            -26.1575131956801
          ]
        ]
      },
      "properties": {
        "id": 521,
        "kml_id": 23762,
        "tension": "13.2",
        "n_distribu": "006",
        "localidad": "FORMOSA",
        "material": "AL/AL",
        "seccion": "50",
        "depto": "FORMOSA",
        "length_km": 0.1354,
        "num_points": 2
      }
    },
    {
      "type": "Feature",
      "geometry": {
        "type": "LineString",
        "coordinates": [
          [
            -58.1742847806493,
            -26.1658609412801
          ],
          [
            -58.174342546065,
            -26.1657039937354
          ],
          [
            -58.171925532,
            -26.1649195969
          ],
          [
            -58.1719939789,
            -26.1647479483
          ],
          [
            -58.171805782,
            -26.1646868361
          ]
        ]
      },
      "properties": {
        "id": 522,
        "kml_id": 23763,
        "tension": "13.2",
        "n_distribu": "006",
        "localidad": "FORMOSA",
        "material": "AL",
        "seccion": "70",
        "depto": "FORMOSA",
        "length_km": 0.3151,
        "num_points": 5
      }
    },
    {
      "type": "Feature",
      "geometry": {
        "type": "LineString",
        "coordinates": [
          [
            -58.1746360141065,
            -26.1574075481715
          ],
          [
            -58.1752998413,
            -26.157614811
          ]
        ]
      },
      "properties": {
        "id": 523,
        "kml_id": 23764,
        "tension": "13.2",
        "n_distribu": "006",
        "localidad": "FORMOSA",
        "material": "AL/AL",
        "seccion": "70",
        "depto": "FORMOSA",
        "length_km": 0.0701,
        "num_points": 2
      }
    },
    {
      "type": "Feature",
      "geometry": {
        "type": "LineString",
        "coordinates": [
          [
            -58.1752998413,
            -26.157614811
          ],
          [
            -58.1766014566,
            -26.1580342237
          ]
        ]
      },
      "properties": {
        "id": 524,
        "kml_id": 23765,
        "tension": "13.2",
        "n_distribu": "006",
        "localidad": "FORMOSA",
        "material": "AL/AL",
        "seccion": "70",
        "depto": "FORMOSA",
        "length_km": 0.138,
        "num_points": 2
      }
    },
    {
      "type": "Feature",
      "geometry": {
        "type": "LineString",
        "coordinates": [
          [
            -58.1766014608,
            -26.1580342131
          ],
          [
            -58.1792905435,
            -26.1589006666
          ]
        ]
      },
      "properties": {
        "id": 525,
        "kml_id": 23766,
        "tension": "13.2",
        "n_distribu": "006",
        "localidad": "FORMOSA",
        "material": "AL/AL",
        "seccion": "70",
        "depto": "FORMOSA",
        "length_km": 0.2852,
        "num_points": 2
      }
    },
    {
      "type": "Feature",
      "geometry": {
        "type": "LineString",
        "coordinates": [
          [
            -58.1525247245,
            -26.1513034748
          ],
          [
            -58.1479413006,
            -26.1497353265
          ]
        ]
      },
      "properties": {
        "id": 526,
        "kml_id": 23768,
        "tension": "13.2",
        "n_distribu": "007",
        "localidad": "FORMOSA",
        "material": null,
        "seccion": null,
        "depto": "FORMOSA",
        "length_km": 0.4896,
        "num_points": 2
      }
    },
    {
      "type": "Feature",
      "geometry": {
        "type": "LineString",
        "coordinates": [
          [
            -58.1908037512883,
            -26.1712884159519
          ],
          [
            -58.1805291581383,
            -26.1679301653887
          ]
        ]
      },
      "properties": {
        "id": 527,
        "kml_id": 23785,
        "tension": "13.2",
        "n_distribu": "009",
        "localidad": "FORMOSA",
        "material": "AL/AL",
        "seccion": "70",
        "depto": "FORMOSA",
        "length_km": 1.0912,
        "num_points": 2
      }
    },
    {
      "type": "Feature",
      "geometry": {
        "type": "LineString",
        "coordinates": [
          [
            -58.1789728665242,
            -26.1674045330976
          ],
          [
            -58.1769102777264,
            -26.1667284219246
          ]
        ]
      },
      "properties": {
        "id": 528,
        "kml_id": 23786,
        "tension": "13.2",
        "n_distribu": "009",
        "localidad": "FORMOSA",
        "material": "AL/AL",
        "seccion": "70",
        "depto": "FORMOSA",
        "length_km": 0.2191,
        "num_points": 2
      }
    },
    {
      "type": "Feature",
      "geometry": {
        "type": "LineString",
        "coordinates": [
          [
            -58.1942065853,
            -26.1633030505
          ],
          [
            -58.1947762875,
            -26.1634886562
          ],
          [
            -58.195086836,
            -26.1635898299
          ],
          [
            -58.1952961864,
            -26.1630665323
          ]
        ]
      },
      "properties": {
        "id": 529,
        "kml_id": 23792,
        "tension": "13.2",
        "n_distribu": "009",
        "localidad": "FORMOSA",
        "material": "AL/AL",
        "seccion": "70",
        "depto": "FORMOSA",
        "length_km": 0.1553,
        "num_points": 4
      }
    },
    {
      "type": "Feature",
      "geometry": {
        "type": "LineString",
        "coordinates": [
          [
            -58.1789728665242,
            -26.1674045330976
          ],
          [
            -58.1796427499408,
            -26.1676194650875
          ]
        ]
      },
      "properties": {
        "id": 530,
        "kml_id": 23793,
        "tension": "13.2",
        "n_distribu": "009",
        "localidad": "FORMOSA",
        "material": null,
        "seccion": null,
        "depto": "FORMOSA",
        "length_km": 0.071,
        "num_points": 2
      }
    },
    {
      "type": "Feature",
      "geometry": {
        "type": "LineString",
        "coordinates": [
          [
            -58.1885124711,
            -26.1632558083
          ],
          [
            -58.1892071946,
            -26.1615124622
          ]
        ]
      },
      "properties": {
        "id": 531,
        "kml_id": 23794,
        "tension": "13.2",
        "n_distribu": "009",
        "localidad": "FORMOSA",
        "material": "AL/AL",
        "seccion": "35",
        "depto": "FORMOSA",
        "length_km": 0.2059,
        "num_points": 2
      }
    },
    {
      "type": "Feature",
      "geometry": {
        "type": "LineString",
        "coordinates": [
          [
            -58.1933979077,
            -26.164847781
          ],
          [
            -58.1930986511,
            -26.1655924572
          ]
        ]
      },
      "properties": {
        "id": 532,
        "kml_id": 23795,
        "tension": "13.2",
        "n_distribu": "009",
        "localidad": "FORMOSA",
        "material": "AL/AL",
        "seccion": "50",
        "depto": "FORMOSA",
        "length_km": 0.088,
        "num_points": 2
      }
    },
    {
      "type": "Feature",
      "geometry": {
        "type": "LineString",
        "coordinates": [
          [
            -58.193099054,
            -26.16559259
          ],
          [
            -58.1908761259,
            -26.1711227349
          ]
        ]
      },
      "properties": {
        "id": 533,
        "kml_id": 23796,
        "tension": "13.2",
        "n_distribu": "009",
        "localidad": "FORMOSA",
        "material": "AL/AL",
        "seccion": "50",
        "depto": "FORMOSA",
        "length_km": 0.6537,
        "num_points": 2
      }
    },
    {
      "type": "Feature",
      "geometry": {
        "type": "LineString",
        "coordinates": [
          [
            -58.1935181558,
            -26.164193347
          ],
          [
            -58.1940470028,
            -26.1629140017
          ]
        ]
      },
      "properties": {
        "id": 534,
        "kml_id": 23797,
        "tension": "13.2",
        "n_distribu": "009",
        "localidad": "FORMOSA",
        "material": "AL/AL",
        "seccion": "50",
        "depto": "FORMOSA",
        "length_km": 0.1517,
        "num_points": 2
      }
    },
    {
      "type": "Feature",
      "geometry": {
        "type": "LineString",
        "coordinates": [
          [
            -58.1933979077,
            -26.164847781
          ],
          [
            -58.1935181558,
            -26.164193347
          ]
        ]
      },
      "properties": {
        "id": 535,
        "kml_id": 23798,
        "tension": "13.2",
        "n_distribu": "009",
        "localidad": "FORMOSA",
        "material": "AL/AL",
        "seccion": "50",
        "depto": "FORMOSA",
        "length_km": 0.0738,
        "num_points": 2
      }
    },
    {
      "type": "Feature",
      "geometry": {
        "type": "LineString",
        "coordinates": [
          [
            -58.1906935547704,
            -26.171311188237
          ],
          [
            -58.1908761262,
            -26.1711227342
          ]
        ]
      },
      "properties": {
        "id": 536,
        "kml_id": 23799,
        "tension": "13.2",
        "n_distribu": "009",
        "localidad": "FORMOSA",
        "material": "AL/AL",
        "seccion": "50",
        "depto": "FORMOSA",
        "length_km": 0.0278,
        "num_points": 2
      }
    },
    {
      "type": "Feature",
      "geometry": {
        "type": "LineString",
        "coordinates": [
          [
            -58.1924838093,
            -26.1659061176
          ],
          [
            -58.1932212475,
            -26.1661508664
          ]
        ]
      },
      "properties": {
        "id": 537,
        "kml_id": 23800,
        "tension": "13.2",
        "n_distribu": "009",
        "localidad": "FORMOSA",
        "material": "AL/AL",
        "seccion": "50",
        "depto": "FORMOSA",
        "length_km": 0.0785,
        "num_points": 2
      }
    },
    {
      "type": "Feature",
      "geometry": {
        "type": "LineString",
        "coordinates": [
          [
            -58.1755902108855,
            -26.1682010860119
          ],
          [
            -58.1716995951055,
            -26.169048615104
          ]
        ]
      },
      "properties": {
        "id": 538,
        "kml_id": 23805,
        "tension": "13.2",
        "n_distribu": "010",
        "localidad": "FORMOSA",
        "material": "AL/AL",
        "seccion": "95",
        "depto": "FORMOSA",
        "length_km": 0.3995,
        "num_points": 2
      }
    },
    {
      "type": "Feature",
      "geometry": {
        "type": "LineString",
        "coordinates": [
          [
            -58.1705196745435,
            -26.17199009702
          ],
          [
            -58.1706920836373,
            -26.1721053852722
          ]
        ]
      },
      "properties": {
        "id": 539,
        "kml_id": 23806,
        "tension": "13.2",
        "n_distribu": "010",
        "localidad": "FORMOSA",
        "material": "ALUMINIO",
        "seccion": "3x70",
        "depto": "FORMOSA",
        "length_km": 0.0215,
        "num_points": 2
      }
    },
    {
      "type": "Feature",
      "geometry": {
        "type": "LineString",
        "coordinates": [
          [
            -58.1741021941826,
            -26.1732232502541
          ],
          [
            -58.1738518860806,
            -26.1731378850632
          ]
        ]
      },
      "properties": {
        "id": 540,
        "kml_id": 23807,
        "tension": "13.2",
        "n_distribu": "010",
        "localidad": "FORMOSA",
        "material": "Cu",
        "seccion": "3x50",
        "depto": "FORMOSA",
        "length_km": 0.0267,
        "num_points": 2
      }
    },
    {
      "type": "Feature",
      "geometry": {
        "type": "LineString",
        "coordinates": [
          [
            -58.1738518860806,
            -26.1731378850632
          ],
          [
            -58.1720693451458,
            -26.1725560181981
          ]
        ]
      },
      "properties": {
        "id": 541,
        "kml_id": 23808,
        "tension": "13.2",
        "n_distribu": "010",
        "localidad": "FORMOSA",
        "material": "AL/AL",
        "seccion": "95",
        "depto": "FORMOSA",
        "length_km": 0.1893,
        "num_points": 2
      }
    },
    {
      "type": "Feature",
      "geometry": {
        "type": "LineString",
        "coordinates": [
          [
            -58.1765681992198,
            -26.1740271660876
          ],
          [
            -58.176011230989,
            -26.1738455948528
          ]
        ]
      },
      "properties": {
        "id": 542,
        "kml_id": 23809,
        "tension": "13.2",
        "n_distribu": "010",
        "localidad": "FORMOSA",
        "material": "AL/AL",
        "seccion": "70",
        "depto": "FORMOSA",
        "length_km": 0.0591,
        "num_points": 2
      }
    },
    {
      "type": "Feature",
      "geometry": {
        "type": "LineString",
        "coordinates": [
          [
            -58.177031920299,
            -26.171694092015
          ],
          [
            -58.1759663022807,
            -26.1743613925129
          ]
        ]
      },
      "properties": {
        "id": 543,
        "kml_id": 23810,
        "tension": "13.2",
        "n_distribu": "010",
        "localidad": "FORMOSA",
        "material": "AL/AL",
        "seccion": "50",
        "depto": "FORMOSA",
        "length_km": 0.3151,
        "num_points": 2
      }
    },
    {
      "type": "Feature",
      "geometry": {
        "type": "LineString",
        "coordinates": [
          [
            -58.1785605359626,
            -26.1735786371186
          ],
          [
            -58.1771194557913,
            -26.1731065965504
          ]
        ]
      },
      "properties": {
        "id": 544,
        "kml_id": 23811,
        "tension": "13.2",
        "n_distribu": "010",
        "localidad": "FORMOSA",
        "material": "AL/AL",
        "seccion": "50",
        "depto": "FORMOSA",
        "length_km": 0.1531,
        "num_points": 2
      }
    },
    {
      "type": "Feature",
      "geometry": {
        "type": "LineString",
        "coordinates": [
          [
            -58.1737682586745,
            -26.1801366506225
          ],
          [
            -58.1762715913532,
            -26.1737699853642
          ]
        ]
      },
      "properties": {
        "id": 545,
        "kml_id": 23813,
        "tension": "13.2",
        "n_distribu": "010",
        "localidad": "FORMOSA",
        "material": "Al/Al",
        "seccion": "70",
        "depto": "FORMOSA",
        "length_km": 0.7507,
        "num_points": 2
      }
    },
    {
      "type": "Feature",
      "geometry": {
        "type": "LineString",
        "coordinates": [
          [
            -58.1757782094873,
            -26.179782805567
          ],
          [
            -58.1738846666756,
            -26.1791427474939
          ]
        ]
      },
      "properties": {
        "id": 546,
        "kml_id": 23814,
        "tension": "13.2",
        "n_distribu": "010",
        "localidad": "FORMOSA",
        "material": "AL/AL",
        "seccion": "50",
        "depto": "FORMOSA",
        "length_km": 0.2019,
        "num_points": 2
      }
    },
    {
      "type": "Feature",
      "geometry": {
        "type": "LineString",
        "coordinates": [
          [
            -58.1778533336002,
            -26.1794200642425
          ],
          [
            -58.174219413778,
            -26.1782280094714
          ]
        ]
      },
      "properties": {
        "id": 547,
        "kml_id": 23816,
        "tension": "13.2",
        "n_distribu": "010",
        "localidad": "FORMOSA",
        "material": "AL/AL",
        "seccion": "50",
        "depto": "FORMOSA",
        "length_km": 0.3861,
        "num_points": 2
      }
    },
    {
      "type": "Feature",
      "geometry": {
        "type": "LineString",
        "coordinates": [
          [
            -58.1821066874504,
            -26.1389958256211
          ],
          [
            -58.1802041988867,
            -26.1440708385989
          ]
        ]
      },
      "properties": {
        "id": 548,
        "kml_id": 23817,
        "tension": "13.2",
        "n_distribu": "020",
        "localidad": "FORMOSA",
        "material": null,
        "seccion": null,
        "depto": "FORMOSA",
        "length_km": 0.5954,
        "num_points": 2
      }
    },
    {
      "type": "Feature",
      "geometry": {
        "type": "LineString",
        "coordinates": [
          [
            -58.1932604503,
            -26.1373870339
          ],
          [
            -58.18974581986,
            -26.1362596998595
          ]
        ]
      },
      "properties": {
        "id": 549,
        "kml_id": 23818,
        "tension": "13.2",
        "n_distribu": "020",
        "localidad": "FORMOSA",
        "material": null,
        "seccion": null,
        "depto": "FORMOSA",
        "length_km": 0.3726,
        "num_points": 2
      }
    },
    {
      "type": "Feature",
      "geometry": {
        "type": "LineString",
        "coordinates": [
          [
            -58.1940121811,
            -26.1370666995
          ],
          [
            -58.1934586471,
            -26.1368863235
          ],
          [
            -58.1932604503,
            -26.1373870339
          ]
        ]
      },
      "properties": {
        "id": 550,
        "kml_id": 23819,
        "tension": "13.2",
        "n_distribu": "020",
        "localidad": "FORMOSA",
        "material": null,
        "seccion": null,
        "depto": "FORMOSA",
        "length_km": 0.1179,
        "num_points": 3
      }
    },
    {
      "type": "Feature",
      "geometry": {
        "type": "LineString",
        "coordinates": [
          [
            -58.1907838686,
            -26.1344059994
          ],
          [
            -58.1896923199,
            -26.137119622
          ],
          [
            -58.1895452481,
            -26.1371185598
          ],
          [
            -58.1880281668973,
            -26.1409378241087
          ],
          [
            -58.1812608513833,
            -26.1387118570141
          ],
          [
            -58.1723231436806,
            -26.1357719197021
          ],
          [
            -58.1691468303,
            -26.1347536077
          ]
        ]
      },
      "properties": {
        "id": 551,
        "kml_id": 23820,
        "tension": "13.2",
        "n_distribu": "020",
        "localidad": "FORMOSA",
        "material": null,
        "seccion": null,
        "depto": "FORMOSA",
        "length_km": 2.7927,
        "num_points": 7
      }
    },
    {
      "type": "Feature",
      "geometry": {
        "type": "LineString",
        "coordinates": [
          [
            -58.1858931057955,
            -26.139942404425
          ],
          [
            -58.1852812653853,
            -26.1414177448003
          ]
        ]
      },
      "properties": {
        "id": 552,
        "kml_id": 23821,
        "tension": "13.2",
        "n_distribu": "020",
        "localidad": "FORMOSA",
        "material": null,
        "seccion": null,
        "depto": "FORMOSA",
        "length_km": 0.1751,
        "num_points": 2
      }
    },
    {
      "type": "Feature",
      "geometry": {
        "type": "LineString",
        "coordinates": [
          [
            -58.1833866421175,
            -26.1394223831957
          ],
          [
            -58.1829623649955,
            -26.1405457523823
          ]
        ]
      },
      "properties": {
        "id": 553,
        "kml_id": 23822,
        "tension": "13.2",
        "n_distribu": "020",
        "localidad": "FORMOSA",
        "material": null,
        "seccion": null,
        "depto": "FORMOSA",
        "length_km": 0.1319,
        "num_points": 2
      }
    },
    {
      "type": "Feature",
      "geometry": {
        "type": "LineString",
        "coordinates": [
          [
            -58.1802041988867,
            -26.1440708385989
          ],
          [
            -58.1796501172858,
            -26.1438935857174
          ]
        ]
      },
      "properties": {
        "id": 554,
        "kml_id": 23823,
        "tension": "13.2",
        "n_distribu": "020",
        "localidad": "FORMOSA",
        "material": null,
        "seccion": null,
        "depto": "FORMOSA",
        "length_km": 0.0587,
        "num_points": 2
      }
    },
    {
      "type": "Feature",
      "geometry": {
        "type": "LineString",
        "coordinates": [
          [
            -58.1796501172858,
            -26.1438935857174
          ],
          [
            -58.1788542546228,
            -26.1458560133274
          ]
        ]
      },
      "properties": {
        "id": 555,
        "kml_id": 23824,
        "tension": "13.2",
        "n_distribu": "020",
        "localidad": "FORMOSA",
        "material": null,
        "seccion": null,
        "depto": "FORMOSA",
        "length_km": 0.2322,
        "num_points": 2
      }
    },
    {
      "type": "Feature",
      "geometry": {
        "type": "LineString",
        "coordinates": [
          [
            -58.1789479447844,
            -26.1456760501419
          ],
          [
            -58.1781067481723,
            -26.1453984179496
          ]
        ]
      },
      "properties": {
        "id": 556,
        "kml_id": 23825,
        "tension": "13.2",
        "n_distribu": "020",
        "localidad": "FORMOSA",
        "material": null,
        "seccion": null,
        "depto": "FORMOSA",
        "length_km": 0.0895,
        "num_points": 2
      }
    },
    {
      "type": "Feature",
      "geometry": {
        "type": "LineString",
        "coordinates": [
          [
            -58.1812608513833,
            -26.1387118570141
          ],
          [
            -58.1807900744064,
            -26.1399524318755
          ]
        ]
      },
      "properties": {
        "id": 557,
        "kml_id": 23826,
        "tension": "13.2",
        "n_distribu": "020",
        "localidad": "FORMOSA",
        "material": null,
        "seccion": null,
        "depto": "FORMOSA",
        "length_km": 0.1457,
        "num_points": 2
      }
    },
    {
      "type": "Feature",
      "geometry": {
        "type": "LineString",
        "coordinates": [
          [
            -58.1790042025188,
            -26.1379695700673
          ],
          [
            -58.177590948573,
            -26.1414515079907
          ]
        ]
      },
      "properties": {
        "id": 558,
        "kml_id": 23827,
        "tension": "13.2",
        "n_distribu": "020",
        "localidad": "FORMOSA",
        "material": null,
        "seccion": null,
        "depto": "FORMOSA",
        "length_km": 0.4121,
        "num_points": 2
      }
    },
    {
      "type": "Feature",
      "geometry": {
        "type": "LineString",
        "coordinates": [
          [
            -58.183423761472,
            -26.1537769266701
          ],
          [
            -58.1820858725958,
            -26.1570888164675
          ]
        ]
      },
      "properties": {
        "id": 559,
        "kml_id": 23838,
        "tension": "13.2",
        "n_distribu": "021",
        "localidad": "FORMOSA",
        "material": null,
        "seccion": null,
        "depto": "FORMOSA",
        "length_km": 0.3917,
        "num_points": 2
      }
    },
    {
      "type": "Feature",
      "geometry": {
        "type": "LineString",
        "coordinates": [
          [
            -58.181999171418,
            -26.1542643005526
          ],
          [
            -58.1815076902107,
            -26.155445653581
          ]
        ]
      },
      "properties": {
        "id": 560,
        "kml_id": 23839,
        "tension": "13.2",
        "n_distribu": "021",
        "localidad": "FORMOSA",
        "material": null,
        "seccion": null,
        "depto": "FORMOSA",
        "length_km": 0.1402,
        "num_points": 2
      }
    },
    {
      "type": "Feature",
      "geometry": {
        "type": "LineString",
        "coordinates": [
          [
            -58.1784061748774,
            -26.1574830944807
          ],
          [
            -58.1795675053596,
            -26.1545615149323
          ]
        ]
      },
      "properties": {
        "id": 561,
        "kml_id": 23840,
        "tension": "13.2",
        "n_distribu": "021",
        "localidad": "FORMOSA",
        "material": null,
        "seccion": null,
        "depto": "FORMOSA",
        "length_km": 0.3449,
        "num_points": 2
      }
    },
    {
      "type": "Feature",
      "geometry": {
        "type": "LineString",
        "coordinates": [
          [
            -58.1850919256796,
            -26.1346255762757
          ],
          [
            -58.1862242954796,
            -26.1349920145757
          ]
        ]
      },
      "properties": {
        "id": 562,
        "kml_id": 23845,
        "tension": "13.2",
        "n_distribu": "023",
        "localidad": "FORMOSA",
        "material": null,
        "seccion": null,
        "depto": "FORMOSA",
        "length_km": 0.1202,
        "num_points": 2
      }
    },
    {
      "type": "Feature",
      "geometry": {
        "type": "LineString",
        "coordinates": [
          [
            -58.1846662863,
            -26.1356090949
          ],
          [
            -58.1868397038394,
            -26.1363442293084
          ]
        ]
      },
      "properties": {
        "id": 563,
        "kml_id": 23846,
        "tension": "13.2",
        "n_distribu": "023",
        "localidad": "FORMOSA",
        "material": null,
        "seccion": null,
        "depto": "FORMOSA",
        "length_km": 0.2319,
        "num_points": 2
      }
    },
    {
      "type": "Feature",
      "geometry": {
        "type": "LineString",
        "coordinates": [
          [
            -58.1746403381211,
            -26.1289099070939
          ],
          [
            -58.1798911633,
            -26.1305914327
          ],
          [
            -58.1773847309,
            -26.1369338809
          ]
        ]
      },
      "properties": {
        "id": 564,
        "kml_id": 23847,
        "tension": "13.2",
        "n_distribu": "023",
        "localidad": "FORMOSA",
        "material": null,
        "seccion": null,
        "depto": "FORMOSA",
        "length_km": 1.3049,
        "num_points": 3
      }
    },
    {
      "type": "Feature",
      "geometry": {
        "type": "LineString",
        "coordinates": [
          [
            -58.1780457815314,
            -26.1346276934919
          ],
          [
            -58.1826075068314,
            -26.1361169191919
          ]
        ]
      },
      "properties": {
        "id": 565,
        "kml_id": 23848,
        "tension": "13.2",
        "n_distribu": "023",
        "localidad": "FORMOSA",
        "material": null,
        "seccion": null,
        "depto": "FORMOSA",
        "length_km": 0.4846,
        "num_points": 2
      }
    },
    {
      "type": "Feature",
      "geometry": {
        "type": "LineString",
        "coordinates": [
          [
            -58.1801605499,
            -26.1354992301
          ],
          [
            -58.1807203139,
            -26.1340948514
          ]
        ]
      },
      "properties": {
        "id": 566,
        "kml_id": 23849,
        "tension": "13.2",
        "n_distribu": "023",
        "localidad": "FORMOSA",
        "material": null,
        "seccion": null,
        "depto": "FORMOSA",
        "length_km": 0.1659,
        "num_points": 2
      }
    },
    {
      "type": "Feature",
      "geometry": {
        "type": "LineString",
        "coordinates": [
          [
            -58.1816080319,
            -26.1359683713
          ],
          [
            -58.1819773935,
            -26.135033334
          ]
        ]
      },
      "properties": {
        "id": 567,
        "kml_id": 23850,
        "tension": "13.2",
        "n_distribu": "023",
        "localidad": "FORMOSA",
        "material": null,
        "seccion": null,
        "depto": "FORMOSA",
        "length_km": 0.1103,
        "num_points": 2
      }
    },
    {
      "type": "Feature",
      "geometry": {
        "type": "LineString",
        "coordinates": [
          [
            -58.1789423521,
            -26.1333897563
          ],
          [
            -58.1778491173,
            -26.1330378699
          ]
        ]
      },
      "properties": {
        "id": 568,
        "kml_id": 23851,
        "tension": "13.2",
        "n_distribu": "023",
        "localidad": "FORMOSA",
        "material": null,
        "seccion": null,
        "depto": "FORMOSA",
        "length_km": 0.1159,
        "num_points": 2
      }
    },
    {
      "type": "Feature",
      "geometry": {
        "type": "LineString",
        "coordinates": [
          [
            -58.1768486681194,
            -26.1321868059748
          ],
          [
            -58.1783531885572,
            -26.1284230195533
          ]
        ]
      },
      "properties": {
        "id": 569,
        "kml_id": 23852,
        "tension": "13.2",
        "n_distribu": "023",
        "localidad": "FORMOSA",
        "material": "AL/AL",
        "seccion": null,
        "depto": "FORMOSA",
        "length_km": 0.4446,
        "num_points": 2
      }
    },
    {
      "type": "Feature",
      "geometry": {
        "type": "LineString",
        "coordinates": [
          [
            -58.2076797343,
            -26.1763014779
          ],
          [
            -58.2077335074,
            -26.1761499267
          ],
          [
            -58.2074234860724,
            -26.1755952499389
          ],
          [
            -58.2084459720057,
            -26.1750940388062
          ]
        ]
      },
      "properties": {
        "id": 570,
        "kml_id": 23853,
        "tension": "13.2",
        "n_distribu": "101",
        "localidad": "FORMOSA",
        "material": null,
        "seccion": null,
        "depto": "FORMOSA",
        "length_km": 0.203,
        "num_points": 4
      }
    },
    {
      "type": "Feature",
      "geometry": {
        "type": "LineString",
        "coordinates": [
          [
            -58.213265937,
            -26.1858068907
          ],
          [
            -58.2076797343,
            -26.1763014779
          ]
        ]
      },
      "properties": {
        "id": 571,
        "kml_id": 23854,
        "tension": "13.2",
        "n_distribu": "101",
        "localidad": "FORMOSA",
        "material": "AL/AL",
        "seccion": null,
        "depto": "FORMOSA",
        "length_km": 1.1949,
        "num_points": 2
      }
    },
    {
      "type": "Feature",
      "geometry": {
        "type": "LineString",
        "coordinates": [
          [
            -58.2090396178,
            -26.1872076078
          ],
          [
            -58.2085969998,
            -26.1883419995
          ]
        ]
      },
      "properties": {
        "id": 572,
        "kml_id": 23855,
        "tension": "13.2",
        "n_distribu": "101",
        "localidad": "FORMOSA",
        "material": null,
        "seccion": null,
        "depto": "FORMOSA",
        "length_km": 0.1336,
        "num_points": 2
      }
    },
    {
      "type": "Feature",
      "geometry": {
        "type": "LineString",
        "coordinates": [
          [
            -58.2125887326,
            -26.1972121757
          ],
          [
            -58.2145467751,
            -26.1922992795
          ],
          [
            -58.2146995076,
            -26.1917809146
          ],
          [
            -58.2147990152,
            -26.1912521361
          ],
          [
            -58.2148591825,
            -26.1906932739
          ],
          [
            -58.2148776955,
            -26.1901309405
          ],
          [
            -58.2147963394,
            -26.1891540797
          ]
        ]
      },
      "properties": {
        "id": 573,
        "kml_id": 23856,
        "tension": "13.2",
        "n_distribu": "101",
        "localidad": "FORMOSA",
        "material": "AL/AL",
        "seccion": null,
        "depto": "FORMOSA",
        "length_km": 0.9333,
        "num_points": 7
      }
    },
    {
      "type": "Feature",
      "geometry": {
        "type": "LineString",
        "coordinates": [
          [
            -58.2129056688,
            -26.1992366139
          ],
          [
            -58.213214693,
            -26.1984643526
          ]
        ]
      },
      "properties": {
        "id": 574,
        "kml_id": 23857,
        "tension": "13.2",
        "n_distribu": "101",
        "localidad": "FORMOSA",
        "material": "AL/AL",
        "seccion": null,
        "depto": "FORMOSA",
        "length_km": 0.0912,
        "num_points": 2
      }
    },
    {
      "type": "Feature",
      "geometry": {
        "type": "LineString",
        "coordinates": [
          [
            -58.2131054912,
            -26.1991201208
          ],
          [
            -58.2119072998,
            -26.1987311335
          ]
        ]
      },
      "properties": {
        "id": 575,
        "kml_id": 23858,
        "tension": "13.2",
        "n_distribu": "101",
        "localidad": "FORMOSA",
        "material": "AL/AL",
        "seccion": null,
        "depto": "FORMOSA",
        "length_km": 0.1271,
        "num_points": 2
      }
    },
    {
      "type": "Feature",
      "geometry": {
        "type": "LineString",
        "coordinates": [
          [
            -58.2141174137,
            -26.1969562995636
          ],
          [
            -58.2129242315487,
            -26.1965777729436
          ]
        ]
      },
      "properties": {
        "id": 576,
        "kml_id": 23862,
        "tension": "13.2",
        "n_distribu": "101",
        "localidad": "FORMOSA",
        "material": "COBRE",
        "seccion": "50",
        "depto": "FORMOSA",
        "length_km": 0.1263,
        "num_points": 2
      }
    },
    {
      "type": "Feature",
      "geometry": {
        "type": "LineString",
        "coordinates": [
          [
            -58.2147747882455,
            -26.1890748718598
          ],
          [
            -58.2147261743,
            -26.1890654016
          ],
          [
            -58.2079932156,
            -26.1868652433
          ]
        ]
      },
      "properties": {
        "id": 577,
        "kml_id": 23863,
        "tension": "13.2",
        "n_distribu": "101",
        "localidad": "FORMOSA",
        "material": null,
        "seccion": null,
        "depto": "FORMOSA",
        "length_km": 0.7199,
        "num_points": 3
      }
    },
    {
      "type": "Feature",
      "geometry": {
        "type": "LineString",
        "coordinates": [
          [
            -58.2131993915,
            -26.1885665937
          ],
          [
            -58.2129957481,
            -26.1886499024
          ],
          [
            -58.2126928864,
            -26.1894039469
          ]
        ]
      },
      "properties": {
        "id": 578,
        "kml_id": 23864,
        "tension": "13.2",
        "n_distribu": "101",
        "localidad": "FORMOSA",
        "material": null,
        "seccion": null,
        "depto": "FORMOSA",
        "length_km": 0.1115,
        "num_points": 3
      }
    },
    {
      "type": "Feature",
      "geometry": {
        "type": "LineString",
        "coordinates": [
          [
            -58.2090077948,
            -26.184339099
          ],
          [
            -58.2079920585,
            -26.1868646648
          ]
        ]
      },
      "properties": {
        "id": 579,
        "kml_id": 23866,
        "tension": "13.2",
        "n_distribu": "101",
        "localidad": "FORMOSA",
        "material": null,
        "seccion": null,
        "depto": "FORMOSA",
        "length_km": 0.2986,
        "num_points": 2
      }
    },
    {
      "type": "Feature",
      "geometry": {
        "type": "LineString",
        "coordinates": [
          [
            -58.2099904541761,
            -26.1848844405985
          ],
          [
            -58.2089110251761,
            -26.1845300213985
          ]
        ]
      },
      "properties": {
        "id": 580,
        "kml_id": 23867,
        "tension": "13.2",
        "n_distribu": "101",
        "localidad": "FORMOSA",
        "material": null,
        "seccion": null,
        "depto": "FORMOSA",
        "length_km": 0.1147,
        "num_points": 2
      }
    },
    {
      "type": "Feature",
      "geometry": {
        "type": "LineString",
        "coordinates": [
          [
            -58.2132664016,
            -26.1858078635
          ],
          [
            -58.2139953523,
            -26.1871156358
          ],
          [
            -58.2141932103,
            -26.1875287078
          ],
          [
            -58.2146375231,
            -26.1885700659
          ],
          [
            -58.2147963302,
            -26.1891540943
          ]
        ]
      },
      "properties": {
        "id": 581,
        "kml_id": 23868,
        "tension": "13.2",
        "n_distribu": "101",
        "localidad": "FORMOSA",
        "material": "AL/AL",
        "seccion": null,
        "depto": "FORMOSA",
        "length_km": 0.4034,
        "num_points": 5
      }
    },
    {
      "type": "Feature",
      "geometry": {
        "type": "LineString",
        "coordinates": [
          [
            -58.2063541646518,
            -26.1860414957321
          ],
          [
            -58.2059358669151,
            -26.1859038477411
          ]
        ]
      },
      "properties": {
        "id": 582,
        "kml_id": 23869,
        "tension": "13.2",
        "n_distribu": "102",
        "localidad": "FORMOSA",
        "material": null,
        "seccion": null,
        "depto": "FORMOSA",
        "length_km": 0.0445,
        "num_points": 2
      }
    },
    {
      "type": "Feature",
      "geometry": {
        "type": "LineString",
        "coordinates": [
          [
            -58.208961192,
            -26.1847500836
          ],
          [
            -58.2079579807,
            -26.1844215541
          ]
        ]
      },
      "properties": {
        "id": 583,
        "kml_id": 23870,
        "tension": "13.2",
        "n_distribu": "102",
        "localidad": "FORMOSA",
        "material": null,
        "seccion": null,
        "depto": "FORMOSA",
        "length_km": 0.1066,
        "num_points": 2
      }
    },
    {
      "type": "Feature",
      "geometry": {
        "type": "LineString",
        "coordinates": [
          [
            -58.2103296289,
            -26.1865952659
          ],
          [
            -58.2109153097,
            -26.185119228
          ]
        ]
      },
      "properties": {
        "id": 584,
        "kml_id": 23871,
        "tension": "13.2",
        "n_distribu": "102",
        "localidad": "FORMOSA",
        "material": null,
        "seccion": null,
        "depto": "FORMOSA",
        "length_km": 0.1742,
        "num_points": 2
      }
    },
    {
      "type": "Feature",
      "geometry": {
        "type": "LineString",
        "coordinates": [
          [
            -58.2127407192,
            -26.1871666579
          ],
          [
            -58.2100111486,
            -26.1862770498
          ]
        ]
      },
      "properties": {
        "id": 585,
        "kml_id": 23872,
        "tension": "13.2",
        "n_distribu": "102",
        "localidad": "FORMOSA",
        "material": null,
        "seccion": null,
        "depto": "FORMOSA",
        "length_km": 0.2898,
        "num_points": 2
      }
    },
    {
      "type": "Feature",
      "geometry": {
        "type": "LineString",
        "coordinates": [
          [
            -58.2127536270082,
            -26.1869209653163
          ],
          [
            -58.2122268048082,
            -26.1882368064163
          ]
        ]
      },
      "properties": {
        "id": 586,
        "kml_id": 23873,
        "tension": "13.2",
        "n_distribu": "102",
        "localidad": "FORMOSA",
        "material": null,
        "seccion": null,
        "depto": "FORMOSA",
        "length_km": 0.1555,
        "num_points": 2
      }
    },
    {
      "type": "Feature",
      "geometry": {
        "type": "LineString",
        "coordinates": [
          [
            -58.2027451457,
            -26.1969198334
          ],
          [
            -58.2027831969,
            -26.1968248221
          ]
        ]
      },
      "properties": {
        "id": 587,
        "kml_id": 23874,
        "tension": "13.2",
        "n_distribu": "102",
        "localidad": "FORMOSA",
        "material": "SUBTERRANEO",
        "seccion": null,
        "depto": "FORMOSA",
        "length_km": 0.0112,
        "num_points": 2
      }
    },
    {
      "type": "Feature",
      "geometry": {
        "type": "LineString",
        "coordinates": [
          [
            -58.2079579807,
            -26.1844215541
          ],
          [
            -58.2073965055,
            -26.1842376795
          ]
        ]
      },
      "properties": {
        "id": 588,
        "kml_id": 23875,
        "tension": "13.2",
        "n_distribu": "102",
        "localidad": "FORMOSA",
        "material": null,
        "seccion": null,
        "depto": "FORMOSA",
        "length_km": 0.0596,
        "num_points": 2
      }
    },
    {
      "type": "Feature",
      "geometry": {
        "type": "LineString",
        "coordinates": [
          [
            -58.2011724066992,
            -26.1958409266814
          ],
          [
            -58.2008930410992,
            -26.1965384600814
          ]
        ]
      },
      "properties": {
        "id": 589,
        "kml_id": 23882,
        "tension": "13.2",
        "n_distribu": "701",
        "localidad": "FORMOSA",
        "material": null,
        "seccion": null,
        "depto": "FORMOSA",
        "length_km": 0.0824,
        "num_points": 2
      }
    },
    {
      "type": "Feature",
      "geometry": {
        "type": "LineString",
        "coordinates": [
          [
            -58.2090532499,
            -26.1787447121
          ],
          [
            -58.2076614349,
            -26.1763037104
          ]
        ]
      },
      "properties": {
        "id": 590,
        "kml_id": 23884,
        "tension": "13.2",
        "n_distribu": "102",
        "localidad": "FORMOSA",
        "material": null,
        "seccion": null,
        "depto": "FORMOSA",
        "length_km": 0.3049,
        "num_points": 2
      }
    },
    {
      "type": "Feature",
      "geometry": {
        "type": "LineString",
        "coordinates": [
          [
            -58.2076614349,
            -26.1763037121
          ],
          [
            -58.2077152081,
            -26.176152161
          ],
          [
            -58.2073966536079,
            -26.1755808671496
          ],
          [
            -58.2084165359892,
            -26.1750730808594
          ]
        ]
      },
      "properties": {
        "id": 591,
        "kml_id": 23885,
        "tension": "13.2",
        "n_distribu": "102",
        "localidad": "FORMOSA",
        "material": null,
        "seccion": null,
        "depto": "FORMOSA",
        "length_km": 0.2051,
        "num_points": 4
      }
    },
    {
      "type": "Feature",
      "geometry": {
        "type": "LineString",
        "coordinates": [
          [
            -58.2090703076,
            -26.1792353819
          ],
          [
            -58.2088354541,
            -26.1798239676
          ]
        ]
      },
      "properties": {
        "id": 592,
        "kml_id": 23886,
        "tension": "13.2",
        "n_distribu": "102",
        "localidad": "FORMOSA",
        "material": null,
        "seccion": null,
        "depto": "FORMOSA",
        "length_km": 0.0695,
        "num_points": 2
      }
    },
    {
      "type": "Feature",
      "geometry": {
        "type": "LineString",
        "coordinates": [
          [
            -58.2073657049797,
            -26.1828800653913
          ],
          [
            -58.2085368630119,
            -26.1832447184371
          ],
          [
            -58.2100565995325,
            -26.18374459888
          ]
        ]
      },
      "properties": {
        "id": 593,
        "kml_id": 23887,
        "tension": "13.2",
        "n_distribu": "102",
        "localidad": "FORMOSA",
        "material": null,
        "seccion": null,
        "depto": "FORMOSA",
        "length_km": 0.2852,
        "num_points": 3
      }
    },
    {
      "type": "Feature",
      "geometry": {
        "type": "LineString",
        "coordinates": [
          [
            -58.2050079427,
            -26.1893683201
          ],
          [
            -58.205912,
            -26.189663
          ]
        ]
      },
      "properties": {
        "id": 594,
        "kml_id": 23888,
        "tension": "13.2",
        "n_distribu": "102",
        "localidad": "FORMOSA",
        "material": null,
        "seccion": null,
        "depto": "FORMOSA",
        "length_km": 0.096,
        "num_points": 2
      }
    },
    {
      "type": "Feature",
      "geometry": {
        "type": "LineString",
        "coordinates": [
          [
            -58.2101901479325,
            -26.18341104368
          ],
          [
            -58.2100565995325,
            -26.18374459888
          ]
        ]
      },
      "properties": {
        "id": 595,
        "kml_id": 23889,
        "tension": "13.2",
        "n_distribu": "102",
        "localidad": "FORMOSA",
        "material": null,
        "seccion": null,
        "depto": "FORMOSA",
        "length_km": 0.0394,
        "num_points": 2
      }
    },
    {
      "type": "Feature",
      "geometry": {
        "type": "LineString",
        "coordinates": [
          [
            -58.2021297684,
            -26.1968271374
          ],
          [
            -58.1988042861,
            -26.1957431282
          ]
        ]
      },
      "properties": {
        "id": 596,
        "kml_id": 23890,
        "tension": "13.2",
        "n_distribu": "701",
        "localidad": "FORMOSA",
        "material": null,
        "seccion": null,
        "depto": "FORMOSA",
        "length_km": 0.353,
        "num_points": 2
      }
    },
    {
      "type": "Feature",
      "geometry": {
        "type": "LineString",
        "coordinates": [
          [
            -58.2024966576,
            -26.1969540261
          ],
          [
            -58.2021297684,
            -26.1968271374
          ]
        ]
      },
      "properties": {
        "id": 597,
        "kml_id": 23891,
        "tension": "13.2",
        "n_distribu": "701",
        "localidad": "FORMOSA",
        "material": null,
        "seccion": null,
        "depto": "FORMOSA",
        "length_km": 0.0392,
        "num_points": 2
      }
    },
    {
      "type": "Feature",
      "geometry": {
        "type": "LineString",
        "coordinates": [
          [
            -58.2029747353526,
            -26.1884192907689
          ],
          [
            -58.2051284538,
            -26.1891176785
          ]
        ]
      },
      "properties": {
        "id": 598,
        "kml_id": 23892,
        "tension": "13.2",
        "n_distribu": "102",
        "localidad": "FORMOSA",
        "material": null,
        "seccion": null,
        "depto": "FORMOSA",
        "length_km": 0.2285,
        "num_points": 2
      }
    },
    {
      "type": "Feature",
      "geometry": {
        "type": "LineString",
        "coordinates": [
          [
            -58.2061,
            -26.190717
          ],
          [
            -58.204326,
            -26.190125
          ]
        ]
      },
      "properties": {
        "id": 599,
        "kml_id": 23893,
        "tension": "13.2",
        "n_distribu": "102",
        "localidad": "FORMOSA",
        "material": null,
        "seccion": null,
        "depto": "FORMOSA",
        "length_km": 0.1889,
        "num_points": 2
      }
    },
    {
      "type": "Feature",
      "geometry": {
        "type": "LineString",
        "coordinates": [
          [
            -58.2022183231,
            -26.1967527303
          ],
          [
            -58.2027451457,
            -26.1969198334
          ]
        ]
      },
      "properties": {
        "id": 600,
        "kml_id": 23894,
        "tension": "13.2",
        "n_distribu": "102",
        "localidad": "FORMOSA",
        "material": "SUBTERRANEO",
        "seccion": null,
        "depto": "FORMOSA",
        "length_km": 0.0558,
        "num_points": 2
      }
    },
    {
      "type": "Feature",
      "geometry": {
        "type": "LineString",
        "coordinates": [
          [
            -58.2075594944,
            -26.1767117817
          ],
          [
            -58.2004215524,
            -26.1743782152
          ],
          [
            -58.2000004778,
            -26.174286112
          ],
          [
            -58.1870527505,
            -26.1700471711
          ]
        ]
      },
      "properties": {
        "id": 601,
        "kml_id": 23903,
        "tension": "13.2",
        "n_distribu": "103",
        "localidad": "FORMOSA",
        "material": "AL/AL",
        "seccion": null,
        "depto": "FORMOSA",
        "length_km": 2.1767,
        "num_points": 4
      }
    },
    {
      "type": "Feature",
      "geometry": {
        "type": "LineString",
        "coordinates": [
          [
            -58.2038862994,
            -26.1760113837
          ],
          [
            -58.2041671269,
            -26.1753089469
          ]
        ]
      },
      "properties": {
        "id": 602,
        "kml_id": 23904,
        "tension": "13.2",
        "n_distribu": "104",
        "localidad": "FORMOSA",
        "material": null,
        "seccion": null,
        "depto": "FORMOSA",
        "length_km": 0.083,
        "num_points": 2
      }
    },
    {
      "type": "Feature",
      "geometry": {
        "type": "LineString",
        "coordinates": [
          [
            -58.2075577106,
            -26.1761393221
          ],
          [
            -58.2073131454,
            -26.176756985
          ]
        ]
      },
      "properties": {
        "id": 603,
        "kml_id": 23905,
        "tension": "13.2",
        "n_distribu": "104",
        "localidad": "FORMOSA",
        "material": null,
        "seccion": null,
        "depto": "FORMOSA",
        "length_km": 0.0729,
        "num_points": 2
      }
    },
    {
      "type": "Feature",
      "geometry": {
        "type": "LineString",
        "coordinates": [
          [
            -58.1927954944977,
            -26.1721253902595
          ],
          [
            -58.1929895879404,
            -26.1716325056667
          ]
        ]
      },
      "properties": {
        "id": 604,
        "kml_id": 23909,
        "tension": "13.2",
        "n_distribu": "104",
        "localidad": "FORMOSA",
        "material": null,
        "seccion": null,
        "depto": "FORMOSA",
        "length_km": 0.0581,
        "num_points": 2
      }
    },
    {
      "type": "Feature",
      "geometry": {
        "type": "LineString",
        "coordinates": [
          [
            -58.1857041044,
            -26.1735386423
          ],
          [
            -58.1928362951,
            -26.175870112
          ]
        ]
      },
      "properties": {
        "id": 605,
        "kml_id": 23910,
        "tension": "13.2",
        "n_distribu": "104",
        "localidad": "FORMOSA",
        "material": null,
        "seccion": null,
        "depto": "FORMOSA",
        "length_km": 0.7575,
        "num_points": 2
      }
    },
    {
      "type": "Feature",
      "geometry": {
        "type": "LineString",
        "coordinates": [
          [
            -58.1918111854,
            -26.1780679187
          ],
          [
            -58.1937208448,
            -26.1733216405
          ]
        ]
      },
      "properties": {
        "id": 606,
        "kml_id": 23911,
        "tension": "13.2",
        "n_distribu": "104",
        "localidad": "FORMOSA",
        "material": null,
        "seccion": null,
        "depto": "FORMOSA",
        "length_km": 0.5611,
        "num_points": 2
      }
    },
    {
      "type": "Feature",
      "geometry": {
        "type": "LineString",
        "coordinates": [
          [
            -58.2075602982,
            -26.1761327869
          ],
          [
            -58.2075803271,
            -26.1760822025
          ],
          [
            -58.2073040338,
            -26.175596805
          ],
          [
            -58.2083983966947,
            -26.1750225296572
          ]
        ]
      },
      "properties": {
        "id": 607,
        "kml_id": 23912,
        "tension": "13.2",
        "n_distribu": "104",
        "localidad": "FORMOSA",
        "material": null,
        "seccion": null,
        "depto": "FORMOSA",
        "length_km": 0.1931,
        "num_points": 4
      }
    },
    {
      "type": "Feature",
      "geometry": {
        "type": "LineString",
        "coordinates": [
          [
            -58.2302910813,
            -26.1843724193
          ],
          [
            -58.2345569004057,
            -26.185803409902
          ]
        ]
      },
      "properties": {
        "id": 608,
        "kml_id": 23914,
        "tension": "13.2",
        "n_distribu": "1103",
        "localidad": "FORMOSA",
        "material": null,
        "seccion": null,
        "depto": "FORMOSA",
        "length_km": 0.4544,
        "num_points": 2
      }
    },
    {
      "type": "Feature",
      "geometry": {
        "type": "LineString",
        "coordinates": [
          [
            -58.232046,
            -26.180597
          ],
          [
            -58.238362,
            -26.182671
          ]
        ]
      },
      "properties": {
        "id": 609,
        "kml_id": 23915,
        "tension": "13.2",
        "n_distribu": "1103",
        "localidad": "FORMOSA",
        "material": null,
        "seccion": null,
        "depto": "FORMOSA",
        "length_km": 0.6711,
        "num_points": 2
      }
    },
    {
      "type": "Feature",
      "geometry": {
        "type": "LineString",
        "coordinates": [
          [
            -58.2337346714388,
            -26.183079064108
          ],
          [
            -58.236011,
            -26.1838
          ]
        ]
      },
      "properties": {
        "id": 610,
        "kml_id": 23916,
        "tension": "13.2",
        "n_distribu": "1103",
        "localidad": "FORMOSA",
        "material": null,
        "seccion": null,
        "depto": "FORMOSA",
        "length_km": 0.2409,
        "num_points": 2
      }
    },
    {
      "type": "Feature",
      "geometry": {
        "type": "LineString",
        "coordinates": [
          [
            -58.2208695773032,
            -26.1760382222567
          ],
          [
            -58.22132476019,
            -26.1761781820107
          ]
        ]
      },
      "properties": {
        "id": 611,
        "kml_id": 23917,
        "tension": "13.2",
        "n_distribu": "1101",
        "localidad": "FORMOSA",
        "material": "SUBTERRANEO",
        "seccion": null,
        "depto": "FORMOSA",
        "length_km": 0.048,
        "num_points": 2
      }
    },
    {
      "type": "Feature",
      "geometry": {
        "type": "LineString",
        "coordinates": [
          [
            -58.22132476019,
            -26.1761781820107
          ],
          [
            -58.221684849159,
            -26.1753338693989
          ]
        ]
      },
      "properties": {
        "id": 612,
        "kml_id": 23918,
        "tension": "13.2",
        "n_distribu": "1101",
        "localidad": "FORMOSA",
        "material": null,
        "seccion": null,
        "depto": "FORMOSA",
        "length_km": 0.1005,
        "num_points": 2
      }
    },
    {
      "type": "Feature",
      "geometry": {
        "type": "LineString",
        "coordinates": [
          [
            -58.240210412277,
            -26.1796122638124
          ],
          [
            -58.2333585785155,
            -26.1773661263269
          ]
        ]
      },
      "properties": {
        "id": 613,
        "kml_id": 23920,
        "tension": "13.2",
        "n_distribu": "1102",
        "localidad": "FORMOSA",
        "material": null,
        "seccion": null,
        "depto": "FORMOSA",
        "length_km": 0.7279,
        "num_points": 2
      }
    },
    {
      "type": "Feature",
      "geometry": {
        "type": "LineString",
        "coordinates": [
          [
            -58.202931772,
            -26.1643070522
          ],
          [
            -58.2021415706,
            -26.1661717939
          ]
        ]
      },
      "properties": {
        "id": 614,
        "kml_id": 23924,
        "tension": "13.2",
        "n_distribu": "105",
        "localidad": "FORMOSA",
        "material": null,
        "seccion": null,
        "depto": "FORMOSA",
        "length_km": 0.2218,
        "num_points": 2
      }
    },
    {
      "type": "Feature",
      "geometry": {
        "type": "LineString",
        "coordinates": [
          [
            -58.1989099262,
            -26.1601269984
          ],
          [
            -58.1971531187,
            -26.1617586106
          ],
          [
            -58.1974421609425,
            -26.1620801164993
          ],
          [
            -58.1974421609425,
            -26.1620801164993
          ]
        ]
      },
      "properties": {
        "id": 615,
        "kml_id": 23925,
        "tension": "13.2",
        "n_distribu": "22",
        "localidad": "FORMOSA",
        "material": null,
        "seccion": null,
        "depto": "FORMOSA",
        "length_km": 0.2982,
        "num_points": 4
      }
    },
    {
      "type": "Feature",
      "geometry": {
        "type": "LineString",
        "coordinates": [
          [
            -58.2008572917,
            -26.1624194054
          ],
          [
            -58.1988447193,
            -26.1602268584
          ],
          [
            -58.1984868052,
            -26.1599579985
          ]
        ]
      },
      "properties": {
        "id": 616,
        "kml_id": 23926,
        "tension": "13.2",
        "n_distribu": "22",
        "localidad": "FORMOSA",
        "material": null,
        "seccion": null,
        "depto": "FORMOSA",
        "length_km": 0.3625,
        "num_points": 3
      }
    },
    {
      "type": "Feature",
      "geometry": {
        "type": "LineString",
        "coordinates": [
          [
            -58.1980264243,
            -26.1610694677
          ],
          [
            -58.1976615278,
            -26.1607573905
          ],
          [
            -58.196552967,
            -26.1599550364
          ],
          [
            -58.1953069212,
            -26.159340103
          ]
        ]
      },
      "properties": {
        "id": 617,
        "kml_id": 23927,
        "tension": "13.2",
        "n_distribu": "22",
        "localidad": "FORMOSA",
        "material": null,
        "seccion": null,
        "depto": "FORMOSA",
        "length_km": 0.3344,
        "num_points": 4
      }
    },
    {
      "type": "Feature",
      "geometry": {
        "type": "LineString",
        "coordinates": [
          [
            -58.2288041384,
            -26.1838732709
          ],
          [
            -58.2302496098,
            -26.1843584981
          ]
        ]
      },
      "properties": {
        "id": 618,
        "kml_id": 23934,
        "tension": "13.2",
        "n_distribu": "1103",
        "localidad": "FORMOSA",
        "material": null,
        "seccion": null,
        "depto": "FORMOSA",
        "length_km": 0.154,
        "num_points": 2
      }
    },
    {
      "type": "Feature",
      "geometry": {
        "type": "LineString",
        "coordinates": [
          [
            -58.2179297347285,
            -26.1899273018292
          ],
          [
            -58.2166250073679,
            -26.1931387461722
          ]
        ]
      },
      "properties": {
        "id": 619,
        "kml_id": 23939,
        "tension": "13.2",
        "n_distribu": "106",
        "localidad": "FORMOSA",
        "material": "AL/AL",
        "seccion": null,
        "depto": "FORMOSA",
        "length_km": 0.3801,
        "num_points": 2
      }
    },
    {
      "type": "Feature",
      "geometry": {
        "type": "LineString",
        "coordinates": [
          [
            -58.2192099115,
            -26.1805930711
          ],
          [
            -58.2189741133667,
            -26.1811921325696
          ],
          [
            -58.2189716101349,
            -26.1811984921867
          ],
          [
            -58.2186119465414,
            -26.1821122364464
          ],
          [
            -58.2179444884379,
            -26.1838079298471
          ],
          [
            -58.21596023996,
            -26.1886709918316
          ]
        ]
      },
      "properties": {
        "id": 620,
        "kml_id": 23940,
        "tension": "13.2",
        "n_distribu": "106",
        "localidad": "FORMOSA",
        "material": "Al/Al",
        "seccion": null,
        "depto": "FORMOSA",
        "length_km": 0.955,
        "num_points": 6
      }
    },
    {
      "type": "Feature",
      "geometry": {
        "type": "LineString",
        "coordinates": [
          [
            -58.2196866273,
            -26.1803773752
          ],
          [
            -58.2265534899,
            -26.1826016449
          ]
        ]
      },
      "properties": {
        "id": 621,
        "kml_id": 23941,
        "tension": "13.2",
        "n_distribu": "106",
        "localidad": "FORMOSA",
        "material": null,
        "seccion": null,
        "depto": "FORMOSA",
        "length_km": 0.7285,
        "num_points": 2
      }
    },
    {
      "type": "Feature",
      "geometry": {
        "type": "LineString",
        "coordinates": [
          [
            -58.2192075176,
            -26.1805929394
          ],
          [
            -58.2196866273,
            -26.1803773752
          ]
        ]
      },
      "properties": {
        "id": 622,
        "kml_id": 23942,
        "tension": "13.2",
        "n_distribu": "106",
        "localidad": "FORMOSA",
        "material": null,
        "seccion": null,
        "depto": "FORMOSA",
        "length_km": 0.0535,
        "num_points": 2
      }
    },
    {
      "type": "Feature",
      "geometry": {
        "type": "LineString",
        "coordinates": [
          [
            -58.2277331476,
            -26.1870363792
          ],
          [
            -58.2341891891,
            -26.1891340964
          ]
        ]
      },
      "properties": {
        "id": 623,
        "kml_id": 23943,
        "tension": "13.2",
        "n_distribu": "1103",
        "localidad": "FORMOSA",
        "material": null,
        "seccion": null,
        "depto": "FORMOSA",
        "length_km": 0.6851,
        "num_points": 2
      }
    },
    {
      "type": "Feature",
      "geometry": {
        "type": "LineString",
        "coordinates": [
          [
            -58.2094281079,
            -26.1739837385
          ],
          [
            -58.2092584514,
            -26.1744295013
          ]
        ]
      },
      "properties": {
        "id": 624,
        "kml_id": 23944,
        "tension": "13.2",
        "n_distribu": "106",
        "localidad": "FORMOSA",
        "material": null,
        "seccion": null,
        "depto": "FORMOSA",
        "length_km": 0.0524,
        "num_points": 2
      }
    },
    {
      "type": "Feature",
      "geometry": {
        "type": "LineString",
        "coordinates": [
          [
            -58.2108409444,
            -26.1744493544
          ],
          [
            -58.2097065267,
            -26.1772843738
          ]
        ]
      },
      "properties": {
        "id": 625,
        "kml_id": 23946,
        "tension": "13.2",
        "n_distribu": "106",
        "localidad": "FORMOSA",
        "material": null,
        "seccion": null,
        "depto": "FORMOSA",
        "length_km": 0.3349,
        "num_points": 2
      }
    },
    {
      "type": "Feature",
      "geometry": {
        "type": "LineString",
        "coordinates": [
          [
            -58.216088964439,
            -26.1893724679247
          ],
          [
            -58.2179297347285,
            -26.1899273018292
          ],
          [
            -58.2182042338718,
            -26.1900162470343
          ]
        ]
      },
      "properties": {
        "id": 626,
        "kml_id": 23954,
        "tension": "13.2",
        "n_distribu": "106",
        "localidad": "FORMOSA",
        "material": null,
        "seccion": null,
        "depto": "FORMOSA",
        "length_km": 0.2229,
        "num_points": 3
      }
    },
    {
      "type": "Feature",
      "geometry": {
        "type": "LineString",
        "coordinates": [
          [
            -58.21596023996,
            -26.1886709918316
          ],
          [
            -58.216088964439,
            -26.1893724679247
          ]
        ]
      },
      "properties": {
        "id": 627,
        "kml_id": 23957,
        "tension": "13.2",
        "n_distribu": "106",
        "localidad": "FORMOSA",
        "material": "AL",
        "seccion": null,
        "depto": "FORMOSA",
        "length_km": 0.0791,
        "num_points": 2
      }
    },
    {
      "type": "Feature",
      "geometry": {
        "type": "LineString",
        "coordinates": [
          [
            -58.213745416,
            -26.1788807115
          ],
          [
            -58.2135098624,
            -26.1786916396
          ]
        ]
      },
      "properties": {
        "id": 628,
        "kml_id": 23959,
        "tension": "13.2",
        "n_distribu": "106",
        "localidad": "FORMOSA",
        "material": null,
        "seccion": null,
        "depto": "FORMOSA",
        "length_km": 0.0315,
        "num_points": 2
      }
    },
    {
      "type": "Feature",
      "geometry": {
        "type": "LineString",
        "coordinates": [
          [
            -58.2367904866,
            -26.1802823394
          ],
          [
            -58.2314504777389,
            -26.1785285311973
          ],
          [
            -58.2314504777389,
            -26.1785285311973
          ],
          [
            -58.2314504777389,
            -26.1785285311973
          ]
        ]
      },
      "properties": {
        "id": 629,
        "kml_id": 23921,
        "tension": "13.2",
        "n_distribu": "1102",
        "localidad": "FORMOSA",
        "material": "AL/AL",
        "seccion": null,
        "depto": "FORMOSA",
        "length_km": 0.5674,
        "num_points": 4
      }
    },
    {
      "type": "Feature",
      "geometry": {
        "type": "LineString",
        "coordinates": [
          [
            -58.218623175,
            -26.1831514006
          ],
          [
            -58.2181270605,
            -26.1833440418
          ]
        ]
      },
      "properties": {
        "id": 630,
        "kml_id": 23960,
        "tension": "13.2",
        "n_distribu": "106",
        "localidad": "FORMOSA",
        "material": null,
        "seccion": null,
        "depto": "FORMOSA",
        "length_km": 0.0539,
        "num_points": 2
      }
    },
    {
      "type": "Feature",
      "geometry": {
        "type": "LineString",
        "coordinates": [
          [
            -58.2165004376,
            -26.1870885625
          ],
          [
            -58.2167911742,
            -26.1871849544
          ]
        ]
      },
      "properties": {
        "id": 631,
        "kml_id": 23961,
        "tension": "13.2",
        "n_distribu": "106",
        "localidad": "FORMOSA",
        "material": null,
        "seccion": null,
        "depto": "FORMOSA",
        "length_km": 0.0309,
        "num_points": 2
      }
    },
    {
      "type": "Feature",
      "geometry": {
        "type": "LineString",
        "coordinates": [
          [
            -58.2304526685,
            -26.191711078
          ],
          [
            -58.2262662728591,
            -26.1903238140024
          ],
          [
            -58.2261326113403,
            -26.1902795217357
          ]
        ]
      },
      "properties": {
        "id": 632,
        "kml_id": 23962,
        "tension": "13.2",
        "n_distribu": "1103",
        "localidad": "FORMOSA",
        "material": null,
        "seccion": null,
        "depto": "FORMOSA",
        "length_km": 0.4595,
        "num_points": 3
      }
    },
    {
      "type": "Feature",
      "geometry": {
        "type": "LineString",
        "coordinates": [
          [
            -58.2156526208643,
            -26.1926993221362
          ],
          [
            -58.2145568994,
            -26.1923192389
          ]
        ]
      },
      "properties": {
        "id": 633,
        "kml_id": 23965,
        "tension": "13.2",
        "n_distribu": "101",
        "localidad": "FORMOSA",
        "material": "COBRE",
        "seccion": "50",
        "depto": "FORMOSA",
        "length_km": 0.1172,
        "num_points": 2
      }
    },
    {
      "type": "Feature",
      "geometry": {
        "type": "LineString",
        "coordinates": [
          [
            -58.2244887986,
            -26.1850779229
          ],
          [
            -58.2254852442,
            -26.1854020717
          ]
        ]
      },
      "properties": {
        "id": 634,
        "kml_id": 23971,
        "tension": "13.2",
        "n_distribu": "106",
        "localidad": "FORMOSA",
        "material": null,
        "seccion": null,
        "depto": "FORMOSA",
        "length_km": 0.1058,
        "num_points": 2
      }
    },
    {
      "type": "Feature",
      "geometry": {
        "type": "LineString",
        "coordinates": [
          [
            -58.2084008616919,
            -26.1750466650979
          ],
          [
            -58.2073707034383,
            -26.1755811657251
          ],
          [
            -58.2076805545,
            -26.1761327106
          ],
          [
            -58.2076238424,
            -26.176274577
          ]
        ]
      },
      "properties": {
        "id": 635,
        "kml_id": 23972,
        "tension": "13.2",
        "n_distribu": "108",
        "localidad": "FORMOSA",
        "material": null,
        "seccion": null,
        "depto": "FORMOSA",
        "length_km": 0.2042,
        "num_points": 4
      }
    },
    {
      "type": "Feature",
      "geometry": {
        "type": "LineString",
        "coordinates": [
          [
            -58.2029826921,
            -26.1786630131
          ],
          [
            -58.1998473810301,
            -26.1776424296117
          ]
        ]
      },
      "properties": {
        "id": 636,
        "kml_id": 23973,
        "tension": "13.2",
        "n_distribu": "108",
        "localidad": "FORMOSA",
        "material": null,
        "seccion": null,
        "depto": "FORMOSA",
        "length_km": 0.3328,
        "num_points": 2
      }
    },
    {
      "type": "Feature",
      "geometry": {
        "type": "LineString",
        "coordinates": [
          [
            -58.2026328305,
            -26.1759895595
          ],
          [
            -58.2022528511,
            -26.1769384816
          ]
        ]
      },
      "properties": {
        "id": 637,
        "kml_id": 23974,
        "tension": "13.2",
        "n_distribu": "108",
        "localidad": "FORMOSA",
        "material": null,
        "seccion": null,
        "depto": "FORMOSA",
        "length_km": 0.1121,
        "num_points": 2
      }
    },
    {
      "type": "Feature",
      "geometry": {
        "type": "LineString",
        "coordinates": [
          [
            -58.2075151256,
            -26.1801298636
          ],
          [
            -58.2037528696,
            -26.1789034301
          ]
        ]
      },
      "properties": {
        "id": 638,
        "kml_id": 23975,
        "tension": "13.2",
        "n_distribu": "108",
        "localidad": "FORMOSA",
        "material": null,
        "seccion": null,
        "depto": "FORMOSA",
        "length_km": 0.3994,
        "num_points": 2
      }
    },
    {
      "type": "Feature",
      "geometry": {
        "type": "LineString",
        "coordinates": [
          [
            -58.2009115122521,
            -26.1834969691
          ],
          [
            -58.2011081846,
            -26.1830290298
          ],
          [
            -58.2038727241,
            -26.1760453396
          ]
        ]
      },
      "properties": {
        "id": 639,
        "kml_id": 23976,
        "tension": "13.2",
        "n_distribu": "108",
        "localidad": "FORMOSA",
        "material": null,
        "seccion": null,
        "depto": "FORMOSA",
        "length_km": 0.8797,
        "num_points": 3
      }
    },
    {
      "type": "Feature",
      "geometry": {
        "type": "LineString",
        "coordinates": [
          [
            -58.2071962685,
            -26.1776299533
          ],
          [
            -58.2008671321,
            -26.1755666211
          ]
        ]
      },
      "properties": {
        "id": 640,
        "kml_id": 23977,
        "tension": "13.2",
        "n_distribu": "108",
        "localidad": "FORMOSA",
        "material": null,
        "seccion": null,
        "depto": "FORMOSA",
        "length_km": 0.672,
        "num_points": 2
      }
    },
    {
      "type": "Feature",
      "geometry": {
        "type": "LineString",
        "coordinates": [
          [
            -58.2057847739418,
            -26.1808931323678
          ],
          [
            -58.2076166683,
            -26.1762925231
          ]
        ]
      },
      "properties": {
        "id": 641,
        "kml_id": 23978,
        "tension": "13.2",
        "n_distribu": "108",
        "localidad": "FORMOSA",
        "material": null,
        "seccion": null,
        "depto": "FORMOSA",
        "length_km": 0.5432,
        "num_points": 2
      }
    },
    {
      "type": "Feature",
      "geometry": {
        "type": "LineString",
        "coordinates": [
          [
            -58.2084957211257,
            -26.1740741770139
          ],
          [
            -58.2089410890666,
            -26.1746850478696
          ]
        ]
      },
      "properties": {
        "id": 642,
        "kml_id": 23980,
        "tension": "13.2",
        "n_distribu": "109",
        "localidad": "FORMOSA",
        "material": "AL/AL",
        "seccion": "95",
        "depto": "FORMOSA",
        "length_km": 0.0812,
        "num_points": 2
      }
    },
    {
      "type": "Feature",
      "geometry": {
        "type": "LineString",
        "coordinates": [
          [
            -58.2031694265911,
            -26.1654150725667
          ],
          [
            -58.2109472582184,
            -26.1679668778488
          ]
        ]
      },
      "properties": {
        "id": 643,
        "kml_id": 23983,
        "tension": "13.2",
        "n_distribu": "109",
        "localidad": "FORMOSA",
        "material": "AL/AL",
        "seccion": "70",
        "depto": "FORMOSA",
        "length_km": 0.8265,
        "num_points": 2
      }
    },
    {
      "type": "Feature",
      "geometry": {
        "type": "LineString",
        "coordinates": [
          [
            -58.1971263935,
            -26.1617575312
          ],
          [
            -58.197438758462,
            -26.1621049784458
          ],
          [
            -58.198006266,
            -26.1627362238
          ],
          [
            -58.1984009144,
            -26.1631004487
          ],
          [
            -58.1993720085,
            -26.1643011268
          ],
          [
            -58.2016744453,
            -26.1666316843
          ],
          [
            -58.2019800774,
            -26.1669580537
          ],
          [
            -58.2026282087,
            -26.1676627045
          ],
          [
            -58.2028784144,
            -26.1681000628
          ],
          [
            -58.2037674237,
            -26.1690679115
          ],
          [
            -58.2052099237,
            -26.1706383498
          ],
          [
            -58.2058008032,
            -26.1712868771
          ],
          [
            -58.2064662149,
            -26.1721600989
          ],
          [
            -58.2066755096,
            -26.1724074635
          ],
          [
            -58.2070707918,
            -26.1730069162
          ],
          [
            -58.2071645783,
            -26.1731711896
          ],
          [
            -58.2092771669,
            -26.1738548219
          ]
        ]
      },
      "properties": {
        "id": 644,
        "kml_id": 23999,
        "tension": "13.2",
        "n_distribu": "112",
        "localidad": "FORMOSA",
        "material": null,
        "seccion": null,
        "depto": "FORMOSA",
        "length_km": 1.8445,
        "num_points": 17
      }
    },
    {
      "type": "Feature",
      "geometry": {
        "type": "LineString",
        "coordinates": [
          [
            -58.2015259192,
            -26.171501383
          ],
          [
            -58.2015115958921,
            -26.1716701634494
          ],
          [
            -58.2042254156135,
            -26.1725144562695
          ]
        ]
      },
      "properties": {
        "id": 645,
        "kml_id": 24002,
        "tension": "13.2",
        "n_distribu": "112",
        "localidad": "FORMOSA",
        "material": null,
        "seccion": null,
        "depto": "FORMOSA",
        "length_km": 0.3055,
        "num_points": 3
      }
    },
    {
      "type": "Feature",
      "geometry": {
        "type": "LineString",
        "coordinates": [
          [
            -58.1998098741,
            -26.1757917639
          ],
          [
            -58.199437886,
            -26.1758275119
          ]
        ]
      },
      "properties": {
        "id": 646,
        "kml_id": 24003,
        "tension": "13.2",
        "n_distribu": "112",
        "localidad": "FORMOSA",
        "material": null,
        "seccion": null,
        "depto": "FORMOSA",
        "length_km": 0.0373,
        "num_points": 2
      }
    },
    {
      "type": "Feature",
      "geometry": {
        "type": "LineString",
        "coordinates": [
          [
            -58.1985034305,
            -26.1790578638
          ],
          [
            -58.1986652081,
            -26.1790153052
          ],
          [
            -58.1987846467811,
            -26.1790548557767
          ]
        ]
      },
      "properties": {
        "id": 647,
        "kml_id": 24004,
        "tension": "13.2",
        "n_distribu": "112",
        "localidad": "FORMOSA",
        "material": "Al/Al",
        "seccion": null,
        "depto": "FORMOSA",
        "length_km": 0.0295,
        "num_points": 3
      }
    },
    {
      "type": "Feature",
      "geometry": {
        "type": "LineString",
        "coordinates": [
          [
            -58.1925336138304,
            -26.1887177241803
          ],
          [
            -58.1944257045486,
            -26.1893465198168
          ]
        ]
      },
      "properties": {
        "id": 648,
        "kml_id": 24007,
        "tension": "13.2",
        "n_distribu": "112",
        "localidad": "FORMOSA",
        "material": null,
        "seccion": null,
        "depto": "FORMOSA",
        "length_km": 0.2013,
        "num_points": 2
      }
    },
    {
      "type": "Feature",
      "geometry": {
        "type": "LineString",
        "coordinates": [
          [
            -58.1942058286229,
            -26.1897900010452
          ],
          [
            -58.1946276680958,
            -26.1899344046666
          ]
        ]
      },
      "properties": {
        "id": 649,
        "kml_id": 24008,
        "tension": "13.2",
        "n_distribu": "112",
        "localidad": "FORMOSA",
        "material": null,
        "seccion": null,
        "depto": "FORMOSA",
        "length_km": 0.045,
        "num_points": 2
      }
    },
    {
      "type": "Feature",
      "geometry": {
        "type": "LineString",
        "coordinates": [
          [
            -58.1946729788725,
            -26.1886361151236
          ],
          [
            -58.1988338869725,
            -26.1899959770236
          ],
          [
            -58.1983294512905,
            -26.1912766489042
          ],
          [
            -58.2026244040241,
            -26.1926916088421
          ]
        ]
      },
      "properties": {
        "id": 650,
        "kml_id": 24009,
        "tension": "13.2",
        "n_distribu": "112",
        "localidad": "FORMOSA",
        "material": null,
        "seccion": null,
        "depto": "FORMOSA",
        "length_km": 1.0494,
        "num_points": 4
      }
    },
    {
      "type": "Feature",
      "geometry": {
        "type": "LineString",
        "coordinates": [
          [
            -58.1984598715871,
            -26.1903485589588
          ],
          [
            -58.1990301180871,
            -26.1889247486588
          ]
        ]
      },
      "properties": {
        "id": 651,
        "kml_id": 24010,
        "tension": "13.2",
        "n_distribu": "112",
        "localidad": "FORMOSA",
        "material": null,
        "seccion": null,
        "depto": "FORMOSA",
        "length_km": 0.1682,
        "num_points": 2
      }
    },
    {
      "type": "Feature",
      "geometry": {
        "type": "LineString",
        "coordinates": [
          [
            -58.2016259633715,
            -26.192370103683
          ],
          [
            -58.2022909764261,
            -26.1906815671605
          ]
        ]
      },
      "properties": {
        "id": 652,
        "kml_id": 24011,
        "tension": "13.2",
        "n_distribu": "112",
        "localidad": "FORMOSA",
        "material": null,
        "seccion": null,
        "depto": "FORMOSA",
        "length_km": 0.1991,
        "num_points": 2
      }
    },
    {
      "type": "Feature",
      "geometry": {
        "type": "LineString",
        "coordinates": [
          [
            -58.1933326426737,
            -26.1939879516179
          ],
          [
            -58.1987854545,
            -26.1957370348
          ]
        ]
      },
      "properties": {
        "id": 653,
        "kml_id": 24012,
        "tension": "13.2",
        "n_distribu": "701",
        "localidad": "FORMOSA",
        "material": null,
        "seccion": null,
        "depto": "FORMOSA",
        "length_km": 0.5778,
        "num_points": 2
      }
    },
    {
      "type": "Feature",
      "geometry": {
        "type": "LineString",
        "coordinates": [
          [
            -58.1933326426737,
            -26.1939879516179
          ],
          [
            -58.1932755362895,
            -26.1938441438226
          ],
          [
            -58.1895622513,
            -26.1925946101
          ]
        ]
      },
      "properties": {
        "id": 654,
        "kml_id": 24013,
        "tension": "13.2",
        "n_distribu": "112",
        "localidad": "FORMOSA",
        "material": null,
        "seccion": null,
        "depto": "FORMOSA",
        "length_km": 0.4127,
        "num_points": 3
      }
    },
    {
      "type": "Feature",
      "geometry": {
        "type": "LineString",
        "coordinates": [
          [
            -58.1980729124,
            -26.1956380812
          ],
          [
            -58.1989087657,
            -26.1935851712
          ]
        ]
      },
      "properties": {
        "id": 655,
        "kml_id": 24014,
        "tension": "13.2",
        "n_distribu": "701",
        "localidad": "FORMOSA",
        "material": null,
        "seccion": null,
        "depto": "FORMOSA",
        "length_km": 0.243,
        "num_points": 2
      }
    },
    {
      "type": "Feature",
      "geometry": {
        "type": "LineString",
        "coordinates": [
          [
            -58.1949296663154,
            -26.1957549295355
          ],
          [
            -58.196239618504,
            -26.1924562953264
          ]
        ]
      },
      "properties": {
        "id": 656,
        "kml_id": 24015,
        "tension": "13.2",
        "n_distribu": "701",
        "localidad": "FORMOSA",
        "material": null,
        "seccion": null,
        "depto": "FORMOSA",
        "length_km": 0.3894,
        "num_points": 2
      }
    },
    {
      "type": "Feature",
      "geometry": {
        "type": "LineString",
        "coordinates": [
          [
            -58.1902547533362,
            -26.1944579755022
          ],
          [
            -58.1915545343,
            -26.1911962279
          ]
        ]
      },
      "properties": {
        "id": 657,
        "kml_id": 24016,
        "tension": "13.2",
        "n_distribu": "112",
        "localidad": "FORMOSA",
        "material": null,
        "seccion": null,
        "depto": "FORMOSA",
        "length_km": 0.3852,
        "num_points": 2
      }
    },
    {
      "type": "Feature",
      "geometry": {
        "type": "LineString",
        "coordinates": [
          [
            -58.2474219997,
            -26.212669998
          ],
          [
            -58.2497472854736,
            -26.2134070994403
          ],
          [
            -58.2596108502985,
            -26.2166056641262
          ]
        ]
      },
      "properties": {
        "id": 658,
        "kml_id": 24017,
        "tension": "13.2",
        "n_distribu": "033",
        "localidad": "FORMOSA",
        "material": "AL/AL",
        "seccion": "70",
        "depto": "FORMOSA",
        "length_km": 1.2923,
        "num_points": 3
      }
    },
    {
      "type": "Feature",
      "geometry": {
        "type": "LineString",
        "coordinates": [
          [
            -58.2590534480552,
            -26.2167818378922
          ],
          [
            -58.2617637442606,
            -26.2099359708337
          ],
          [
            -58.2636969625329,
            -26.2050563546288
          ]
        ]
      },
      "properties": {
        "id": 659,
        "kml_id": 24018,
        "tension": "13.2",
        "n_distribu": "033",
        "localidad": "FORMOSA",
        "material": null,
        "seccion": null,
        "depto": "FORMOSA",
        "length_km": 1.3837,
        "num_points": 3
      }
    },
    {
      "type": "Feature",
      "geometry": {
        "type": "LineString",
        "coordinates": [
          [
            -58.2087798165,
            -26.1733741307
          ],
          [
            -58.2087434696,
            -26.1733622824
          ],
          [
            -58.2109339696632,
            -26.1680526494323
          ]
        ]
      },
      "properties": {
        "id": 660,
        "kml_id": 23981,
        "tension": "13.2",
        "n_distribu": "1101",
        "localidad": "FORMOSA",
        "material": "Al/Al",
        "seccion": null,
        "depto": "FORMOSA",
        "length_km": 0.6334,
        "num_points": 3
      }
    },
    {
      "type": "Feature",
      "geometry": {
        "type": "LineString",
        "coordinates": [
          [
            -58.163135018582,
            -26.1324172387536
          ],
          [
            -58.1643100305429,
            -26.1293095922143
          ]
        ]
      },
      "properties": {
        "id": 661,
        "kml_id": 24021,
        "tension": "13.2",
        "n_distribu": "501",
        "localidad": null,
        "material": null,
        "seccion": null,
        "depto": null,
        "length_km": 0.3649,
        "num_points": 2
      }
    },
    {
      "type": "Feature",
      "geometry": {
        "type": "LineString",
        "coordinates": [
          [
            -58.1619640414223,
            -26.1316101541855
          ],
          [
            -58.1620200491873,
            -26.1316436761246
          ],
          [
            -58.161973568748,
            -26.1317627254527
          ],
          [
            -58.1686223000632,
            -26.1337146204417
          ]
        ]
      },
      "properties": {
        "id": 662,
        "kml_id": 24019,
        "tension": "13.2",
        "n_distribu": "502",
        "localidad": null,
        "material": null,
        "seccion": null,
        "depto": null,
        "length_km": 0.7191,
        "num_points": 4
      }
    },
    {
      "type": "Feature",
      "geometry": {
        "type": "LineString",
        "coordinates": [
          [
            -58.2126497568,
            -26.1637041517
          ],
          [
            -58.2109301141223,
            -26.1679970224157
          ]
        ]
      },
      "properties": {
        "id": 663,
        "kml_id": 23979,
        "tension": "13.2",
        "n_distribu": "1101",
        "localidad": "FORMOSA",
        "material": null,
        "seccion": null,
        "depto": "FORMOSA",
        "length_km": 0.5073,
        "num_points": 2
      }
    },
    {
      "type": "Feature",
      "geometry": {
        "type": "LineString",
        "coordinates": [
          [
            -58.1691712069508,
            -26.1324491642366
          ],
          [
            -58.1692621489,
            -26.132349372232
          ]
        ]
      },
      "properties": {
        "id": 664,
        "kml_id": 24022,
        "tension": "13.2",
        "n_distribu": "501",
        "localidad": null,
        "material": null,
        "seccion": null,
        "depto": null,
        "length_km": 0.0143,
        "num_points": 2
      }
    },
    {
      "type": "Feature",
      "geometry": {
        "type": "LineString",
        "coordinates": [
          [
            -58.1652256294129,
            -26.1323834066502
          ],
          [
            -58.1657068813191,
            -26.1310797768555
          ]
        ]
      },
      "properties": {
        "id": 665,
        "kml_id": 24024,
        "tension": "13.2",
        "n_distribu": "501",
        "localidad": null,
        "material": null,
        "seccion": null,
        "depto": null,
        "length_km": 0.1527,
        "num_points": 2
      }
    },
    {
      "type": "Feature",
      "geometry": {
        "type": "LineString",
        "coordinates": [
          [
            -58.1671075752051,
            -26.1347788412985
          ],
          [
            -58.1676196910672,
            -26.1349439915883
          ]
        ]
      },
      "properties": {
        "id": 666,
        "kml_id": 24031,
        "tension": "13.2",
        "n_distribu": "502",
        "localidad": null,
        "material": null,
        "seccion": null,
        "depto": null,
        "length_km": 0.0543,
        "num_points": 2
      }
    },
    {
      "type": "Feature",
      "geometry": {
        "type": "LineString",
        "coordinates": [
          [
            -58.1673022867717,
            -26.1343099901802
          ],
          [
            -58.1680096690805,
            -26.1345360721577
          ]
        ]
      },
      "properties": {
        "id": 667,
        "kml_id": 24032,
        "tension": "13.2",
        "n_distribu": "502",
        "localidad": null,
        "material": null,
        "seccion": null,
        "depto": null,
        "length_km": 0.075,
        "num_points": 2
      }
    },
    {
      "type": "Feature",
      "geometry": {
        "type": "LineString",
        "coordinates": [
          [
            -58.1650990206802,
            -26.1334075980325
          ],
          [
            -58.1691468303,
            -26.1347536077
          ]
        ]
      },
      "properties": {
        "id": 668,
        "kml_id": 24038,
        "tension": "13.2",
        "n_distribu": "502",
        "localidad": null,
        "material": null,
        "seccion": null,
        "depto": null,
        "length_km": 0.4309,
        "num_points": 2
      }
    },
    {
      "type": "Feature",
      "geometry": {
        "type": "LineString",
        "coordinates": [
          [
            -58.1665710258157,
            -26.1396957671753
          ],
          [
            -58.1610090731767,
            -26.1378624271304
          ],
          [
            -58.1604111015699,
            -26.1376583100369
          ]
        ]
      },
      "properties": {
        "id": 669,
        "kml_id": 24040,
        "tension": "13.2",
        "n_distribu": "502",
        "localidad": null,
        "material": null,
        "seccion": null,
        "depto": null,
        "length_km": 0.6553,
        "num_points": 3
      }
    },
    {
      "type": "Feature",
      "geometry": {
        "type": "LineString",
        "coordinates": [
          [
            -58.1607320412834,
            -26.1368425208083
          ],
          [
            -58.1604111015699,
            -26.1376583100369
          ],
          [
            -58.159190794816,
            -26.1407601228565
          ]
        ]
      },
      "properties": {
        "id": 670,
        "kml_id": 24041,
        "tension": "13.2",
        "n_distribu": "504",
        "localidad": "FORMOSA",
        "material": "AL/AL",
        "seccion": null,
        "depto": null,
        "length_km": 0.462,
        "num_points": 3
      }
    },
    {
      "type": "Feature",
      "geometry": {
        "type": "LineString",
        "coordinates": [
          [
            -58.1583987166421,
            -26.1408866691147
          ],
          [
            -58.1584886195255,
            -26.1411929899014
          ],
          [
            -58.1581378345628,
            -26.1420459928904
          ],
          [
            -58.1571701355643,
            -26.1417377959774
          ]
        ]
      },
      "properties": {
        "id": 671,
        "kml_id": 24042,
        "tension": "13.2",
        "n_distribu": "92",
        "localidad": "FORMOSA",
        "material": "AL",
        "seccion": null,
        "depto": "FORMOSA",
        "length_km": 0.2388,
        "num_points": 4
      }
    },
    {
      "type": "Feature",
      "geometry": {
        "type": "LineString",
        "coordinates": [
          [
            -58.1609179959942,
            -26.1378303245819
          ],
          [
            -58.1609179959942,
            -26.1378303245819
          ],
          [
            -58.1613667503122,
            -26.1367665105918
          ]
        ]
      },
      "properties": {
        "id": 672,
        "kml_id": 24043,
        "tension": "13.2",
        "n_distribu": "502",
        "localidad": null,
        "material": null,
        "seccion": null,
        "depto": null,
        "length_km": 0.1265,
        "num_points": 3
      }
    },
    {
      "type": "Feature",
      "geometry": {
        "type": "LineString",
        "coordinates": [
          [
            -58.1061554025,
            -26.1189217996
          ],
          [
            -58.1062193989,
            -26.1181037009
          ]
        ]
      },
      "properties": {
        "id": 673,
        "kml_id": 24121,
        "tension": "13.2",
        "n_distribu": "SALIDA MOJON",
        "localidad": null,
        "material": "AL/AL",
        "seccion": null,
        "depto": null,
        "length_km": 0.0912,
        "num_points": 2
      }
    },
    {
      "type": "Feature",
      "geometry": {
        "type": "LineString",
        "coordinates": [
          [
            -58.106902194,
            -26.1204509049
          ],
          [
            -58.1061554025,
            -26.1189217996
          ]
        ]
      },
      "properties": {
        "id": 674,
        "kml_id": 24122,
        "tension": "13.2",
        "n_distribu": "SALIDA MOJON",
        "localidad": null,
        "material": "AL/AL",
        "seccion": null,
        "depto": null,
        "length_km": 0.1857,
        "num_points": 2
      }
    },
    {
      "type": "Feature",
      "geometry": {
        "type": "LineString",
        "coordinates": [
          [
            -58.106902194,
            -26.1204509049
          ],
          [
            -58.1030138007,
            -26.1226241022
          ]
        ]
      },
      "properties": {
        "id": 675,
        "kml_id": 24123,
        "tension": "13.2",
        "n_distribu": "SALIDA MOJON",
        "localidad": null,
        "material": "AL/AL",
        "seccion": null,
        "depto": null,
        "length_km": 0.4573,
        "num_points": 2
      }
    },
    {
      "type": "Feature",
      "geometry": {
        "type": "LineString",
        "coordinates": [
          [
            -58.1112241968,
            -26.1222450968
          ],
          [
            -58.106902194,
            -26.1204509049
          ]
        ]
      },
      "properties": {
        "id": 676,
        "kml_id": 24124,
        "tension": "13.2",
        "n_distribu": "SALIDA MOJON",
        "localidad": null,
        "material": "AL/AL",
        "seccion": null,
        "depto": null,
        "length_km": 0.4754,
        "num_points": 2
      }
    },
    {
      "type": "Feature",
      "geometry": {
        "type": "LineString",
        "coordinates": [
          [
            -58.1296957948,
            -26.1221897965
          ],
          [
            -58.1112241968,
            -26.1222450968
          ]
        ]
      },
      "properties": {
        "id": 677,
        "kml_id": 24125,
        "tension": "13.2",
        "n_distribu": "SALIDA MOJON",
        "localidad": null,
        "material": "AL/AL",
        "seccion": null,
        "depto": null,
        "length_km": 1.8442,
        "num_points": 2
      }
    },
    {
      "type": "Feature",
      "geometry": {
        "type": "LineString",
        "coordinates": [
          [
            -58.1317896923,
            -26.122384898
          ],
          [
            -58.1296957948,
            -26.1221897965
          ]
        ]
      },
      "properties": {
        "id": 678,
        "kml_id": 24126,
        "tension": "13.2",
        "n_distribu": "SALIDA MOJON",
        "localidad": null,
        "material": "AL/AL",
        "seccion": null,
        "depto": null,
        "length_km": 0.2102,
        "num_points": 2
      }
    },
    {
      "type": "Feature",
      "geometry": {
        "type": "LineString",
        "coordinates": [
          [
            -58.1343553998,
            -26.1241725992
          ],
          [
            -58.1317896923,
            -26.122384898
          ]
        ]
      },
      "properties": {
        "id": 679,
        "kml_id": 24127,
        "tension": "13.2",
        "n_distribu": "SALIDA MOJON",
        "localidad": null,
        "material": "AL/AL",
        "seccion": null,
        "depto": null,
        "length_km": 0.3242,
        "num_points": 2
      }
    },
    {
      "type": "Feature",
      "geometry": {
        "type": "LineString",
        "coordinates": [
          [
            -58.1357739947,
            -26.1269814053
          ],
          [
            -58.1343553998,
            -26.1241725992
          ]
        ]
      },
      "properties": {
        "id": 680,
        "kml_id": 24128,
        "tension": "13.2",
        "n_distribu": "SALIDA MOJON",
        "localidad": null,
        "material": "AL/AL",
        "seccion": null,
        "depto": null,
        "length_km": 0.3429,
        "num_points": 2
      }
    },
    {
      "type": "Feature",
      "geometry": {
        "type": "LineString",
        "coordinates": [
          [
            -58.1484506467724,
            -26.1289401463087
          ],
          [
            -58.1483917597649,
            -26.1290231797255
          ]
        ]
      },
      "properties": {
        "id": 681,
        "kml_id": 24134,
        "tension": "13.2",
        "n_distribu": "SALIDA MOJON",
        "localidad": null,
        "material": "AL/AL",
        "seccion": null,
        "depto": null,
        "length_km": 0.0109,
        "num_points": 2
      }
    },
    {
      "type": "Feature",
      "geometry": {
        "type": "LineString",
        "coordinates": [
          [
            -58.063387434747,
            -26.0458998147985
          ],
          [
            -58.0589603684114,
            -26.0418059502833
          ]
        ]
      },
      "properties": {
        "id": 682,
        "kml_id": 24135,
        "tension": "13.2",
        "n_distribu": "SALIDA MOJON",
        "localidad": "MOJON DE FIERRO",
        "material": "AL/AL",
        "seccion": "35",
        "depto": "FORMOSA",
        "length_km": 0.6347,
        "num_points": 2
      }
    },
    {
      "type": "Feature",
      "geometry": {
        "type": "LineString",
        "coordinates": [
          [
            -58.2230177945409,
            -26.0974751175479
          ],
          [
            -58.2224440200635,
            -26.0979708702932
          ],
          [
            -58.2218122484539,
            -26.0985088602496
          ],
          [
            -58.2211905359183,
            -26.0990492721368
          ],
          [
            -58.2199402092846,
            -26.1001227930329
          ],
          [
            -58.2170261554082,
            -26.1049104945965
          ],
          [
            -58.2151958837131,
            -26.1099747672496
          ],
          [
            -58.2150243686873,
            -26.1105699973602
          ],
          [
            -58.2118591657374,
            -26.1184272201007
          ],
          [
            -58.208893227899,
            -26.125669677343
          ],
          [
            -58.2072662072707,
            -26.1296619662856
          ],
          [
            -58.2067077993428,
            -26.1301613476849
          ],
          [
            -58.2060594280597,
            -26.1306535035828
          ],
          [
            -58.2066933496709,
            -26.1313034892939
          ]
        ]
      },
      "properties": {
        "id": 683,
        "kml_id": 24136,
        "tension": "13.2",
        "n_distribu": "22",
        "localidad": "FORMOSA",
        "material": "AL/AL",
        "seccion": null,
        "depto": "FORMOSA",
        "length_km": 4.212,
        "num_points": 14
      }
    },
    {
      "type": "Feature",
      "geometry": {
        "type": "LineString",
        "coordinates": [
          [
            -58.2060625394081,
            -26.1306561505923
          ],
          [
            -58.20584867267,
            -26.1307885590788
          ],
          [
            -58.2017240640086,
            -26.1294475830522
          ]
        ]
      },
      "properties": {
        "id": 684,
        "kml_id": 24137,
        "tension": "13.2",
        "n_distribu": "22",
        "localidad": "FORMOSA",
        "material": "AL/AL",
        "seccion": "50",
        "depto": "FORMOSA",
        "length_km": 0.4639,
        "num_points": 3
      }
    },
    {
      "type": "Feature",
      "geometry": {
        "type": "LineString",
        "coordinates": [
          [
            -58.2009180751429,
            -26.1322475285394
          ],
          [
            -58.2006311963372,
            -26.1329517730798
          ]
        ]
      },
      "properties": {
        "id": 685,
        "kml_id": 24139,
        "tension": "13.2",
        "n_distribu": "22",
        "localidad": "FORMOSA",
        "material": null,
        "seccion": null,
        "depto": "FORMOSA",
        "length_km": 0.0834,
        "num_points": 2
      }
    },
    {
      "type": "Feature",
      "geometry": {
        "type": "LineString",
        "coordinates": [
          [
            -58.1504363908325,
            -26.1296829582841
          ],
          [
            -58.1497635560983,
            -26.1314896703826
          ]
        ]
      },
      "properties": {
        "id": 686,
        "kml_id": 24099,
        "tension": "13.2",
        "n_distribu": "503",
        "localidad": null,
        "material": null,
        "seccion": null,
        "depto": null,
        "length_km": 0.2118,
        "num_points": 2
      }
    },
    {
      "type": "Feature",
      "geometry": {
        "type": "LineString",
        "coordinates": [
          [
            -58.1503360392797,
            -26.1299033849393
          ],
          [
            -58.149100619931,
            -26.1295347310046
          ]
        ]
      },
      "properties": {
        "id": 687,
        "kml_id": 24100,
        "tension": "13.2",
        "n_distribu": "503",
        "localidad": null,
        "material": null,
        "seccion": null,
        "depto": null,
        "length_km": 0.13,
        "num_points": 2
      }
    },
    {
      "type": "Feature",
      "geometry": {
        "type": "LineString",
        "coordinates": [
          [
            -58.1681360556373,
            -26.1335701712608
          ],
          [
            -58.1681645385744,
            -26.1337671104258
          ]
        ]
      },
      "properties": {
        "id": 688,
        "kml_id": 24028,
        "tension": "13.2",
        "n_distribu": "502",
        "localidad": null,
        "material": null,
        "seccion": null,
        "depto": null,
        "length_km": 0.0221,
        "num_points": 2
      }
    },
    {
      "type": "Feature",
      "geometry": {
        "type": "LineString",
        "coordinates": [
          [
            -58.1676632388816,
            -26.1334367083555
          ],
          [
            -58.1673022867717,
            -26.1343099901802
          ],
          [
            -58.1671075752051,
            -26.1347788412985
          ],
          [
            -58.1669513318743,
            -26.1351550623757
          ],
          [
            -58.16695319995,
            -26.1351550432604
          ]
        ]
      },
      "properties": {
        "id": 689,
        "kml_id": 24029,
        "tension": "13.2",
        "n_distribu": "502",
        "localidad": null,
        "material": null,
        "seccion": null,
        "depto": null,
        "length_km": 0.204,
        "num_points": 5
      }
    },
    {
      "type": "Feature",
      "geometry": {
        "type": "LineString",
        "coordinates": [
          [
            -58.1683692363934,
            -26.1329257548964
          ],
          [
            -58.1641780767723,
            -26.1316794483683
          ]
        ]
      },
      "properties": {
        "id": 690,
        "kml_id": 24025,
        "tension": "13.2",
        "n_distribu": "501",
        "localidad": null,
        "material": null,
        "seccion": null,
        "depto": null,
        "length_km": 0.4408,
        "num_points": 2
      }
    },
    {
      "type": "Feature",
      "geometry": {
        "type": "LineString",
        "coordinates": [
          [
            -58.1691712069509,
            -26.1324487064751
          ],
          [
            -58.1612631656831,
            -26.1300837327466
          ]
        ]
      },
      "properties": {
        "id": 691,
        "kml_id": 24026,
        "tension": "13.2",
        "n_distribu": "501",
        "localidad": null,
        "material": null,
        "seccion": null,
        "depto": null,
        "length_km": 0.8321,
        "num_points": 2
      }
    },
    {
      "type": "Feature",
      "geometry": {
        "type": "LineString",
        "coordinates": [
          [
            -58.1690525677037,
            -26.1317711923845
          ],
          [
            -58.1622616975389,
            -26.1297173402211
          ]
        ]
      },
      "properties": {
        "id": 692,
        "kml_id": 24027,
        "tension": "13.2",
        "n_distribu": "501",
        "localidad": null,
        "material": null,
        "seccion": null,
        "depto": null,
        "length_km": 0.7154,
        "num_points": 2
      }
    },
    {
      "type": "Feature",
      "geometry": {
        "type": "LineString",
        "coordinates": [
          [
            -58.2011856254648,
            -26.1316780135587
          ],
          [
            -58.1997111478359,
            -26.1312139100395
          ],
          [
            -58.1996580636858,
            -26.1311984766856
          ]
        ]
      },
      "properties": {
        "id": 693,
        "kml_id": 24140,
        "tension": "13.2",
        "n_distribu": "22",
        "localidad": "FORMOSA",
        "material": null,
        "seccion": null,
        "depto": "FORMOSAFORMOSA",
        "length_km": 0.1616,
        "num_points": 3
      }
    },
    {
      "type": "Feature",
      "geometry": {
        "type": "LineString",
        "coordinates": [
          [
            -58.2171524579216,
            -26.1208288906443
          ],
          [
            -58.2163566246032,
            -26.1205678382665
          ],
          [
            -58.212849140807,
            -26.1194172926752
          ],
          [
            -58.211343840054,
            -26.1189374231025
          ]
        ]
      },
      "properties": {
        "id": 694,
        "kml_id": 24141,
        "tension": "13.2",
        "n_distribu": "22",
        "localidad": "FORMOSA",
        "material": "AL/AL",
        "seccion": "35",
        "depto": "FORMOSA",
        "length_km": 0.6169,
        "num_points": 4
      }
    },
    {
      "type": "Feature",
      "geometry": {
        "type": "LineString",
        "coordinates": [
          [
            -58.2207340604458,
            -26.1144898584907
          ],
          [
            -58.2138813961222,
            -26.1122532152053
          ]
        ]
      },
      "properties": {
        "id": 695,
        "kml_id": 24142,
        "tension": "13.2",
        "n_distribu": "22",
        "localidad": "FORMOSA",
        "material": null,
        "seccion": null,
        "depto": "FORMOSA",
        "length_km": 0.728,
        "num_points": 2
      }
    },
    {
      "type": "Feature",
      "geometry": {
        "type": "LineString",
        "coordinates": [
          [
            -58.0728261032,
            -26.0179415065
          ],
          [
            -58.0819001005,
            -26.0143910001
          ]
        ]
      },
      "properties": {
        "id": 696,
        "kml_id": 24178,
        "tension": "13.2",
        "n_distribu": "SALIDA MOJON",
        "localidad": "MOJON DE FIERRO",
        "material": "AL/AL",
        "seccion": "35",
        "depto": "FORMOSA",
        "length_km": 0.989,
        "num_points": 2
      }
    },
    {
      "type": "Feature",
      "geometry": {
        "type": "LineString",
        "coordinates": [
          [
            -58.0618986953,
            -26.0190543007
          ],
          [
            -58.0728261032,
            -26.0179415065
          ]
        ]
      },
      "properties": {
        "id": 697,
        "kml_id": 24179,
        "tension": "13.2",
        "n_distribu": "SALIDA MOJON",
        "localidad": "MOJON DE FIERRO",
        "material": "AL/AL",
        "seccion": "35",
        "depto": "FORMOSA",
        "length_km": 1.0989,
        "num_points": 2
      }
    },
    {
      "type": "Feature",
      "geometry": {
        "type": "LineString",
        "coordinates": [
          [
            -58.058077605,
            -26.025456003
          ],
          [
            -58.0618986953,
            -26.0190543007
          ]
        ]
      },
      "properties": {
        "id": 698,
        "kml_id": 24180,
        "tension": "13.2",
        "n_distribu": "SALIDA MOJON",
        "localidad": "MOJON DE FIERRO",
        "material": "AL/AL",
        "seccion": "35",
        "depto": "FORMOSA",
        "length_km": 0.8078,
        "num_points": 2
      }
    },
    {
      "type": "Feature",
      "geometry": {
        "type": "LineString",
        "coordinates": [
          [
            -58.1874924608,
            -26.0316324492
          ],
          [
            -58.2230931963353,
            -26.0972229372615
          ]
        ]
      },
      "properties": {
        "id": 699,
        "kml_id": 24300,
        "tension": "13.2",
        "n_distribu": "SALIDA MOJON",
        "localidad": "MOJON DE FIERRO",
        "material": "AL/AL",
        "seccion": "35",
        "depto": "FORMOSA",
        "length_km": 8.1141,
        "num_points": 2
      }
    },
    {
      "type": "Feature",
      "geometry": {
        "type": "LineString",
        "coordinates": [
          [
            -58.1740460262,
            -26.0067786659
          ],
          [
            -58.1874924608,
            -26.0316324492
          ]
        ]
      },
      "properties": {
        "id": 700,
        "kml_id": 24301,
        "tension": "13.2",
        "n_distribu": "SALIDA MOJON",
        "localidad": "MOJON DE FIERRO",
        "material": "AL/AL",
        "seccion": "35",
        "depto": "FORMOSA",
        "length_km": 3.0729,
        "num_points": 2
      }
    },
    {
      "type": "Feature",
      "geometry": {
        "type": "LineString",
        "coordinates": [
          [
            -58.2804144737438,
            -26.2588190796392
          ],
          [
            -58.288329781267,
            -26.2617218600946
          ]
        ]
      },
      "properties": {
        "id": 701,
        "kml_id": 33972,
        "tension": "13.2",
        "n_distribu": "SALIDA TRES MARIAS",
        "localidad": "FORMOSA",
        "material": "AL/AL",
        "seccion": null,
        "depto": "FORMOSA",
        "length_km": 0.8528,
        "num_points": 2
      }
    },
    {
      "type": "Feature",
      "geometry": {
        "type": "LineString",
        "coordinates": [
          [
            -58.2819412951,
            -26.2690283007
          ],
          [
            -58.2853989414538,
            -26.2603589039377
          ]
        ]
      },
      "properties": {
        "id": 702,
        "kml_id": 33973,
        "tension": "13.2",
        "n_distribu": "SALIDA TRES MARIAS",
        "localidad": "FORMOSA",
        "material": "AL/AL",
        "seccion": null,
        "depto": "FORMOSA",
        "length_km": 1.0238,
        "num_points": 2
      }
    },
    {
      "type": "Feature",
      "geometry": {
        "type": "LineString",
        "coordinates": [
          [
            -58.2627038442108,
            -26.2043470743796
          ],
          [
            -58.2551317367729,
            -26.2018875212337
          ]
        ]
      },
      "properties": {
        "id": 703,
        "kml_id": 34005,
        "tension": "33",
        "n_distribu": "ALIMENTADOR 331",
        "localidad": "FORMOSA",
        "material": "AL",
        "seccion": "150",
        "depto": "FORMOSA",
        "length_km": 0.8034,
        "num_points": 2
      }
    },
    {
      "type": "Feature",
      "geometry": {
        "type": "LineString",
        "coordinates": [
          [
            -58.1753747858359,
            -26.1683103649973
          ],
          [
            -58.1943088336286,
            -26.1643486895343
          ],
          [
            -58.1995196862484,
            -26.1660452529346
          ],
          [
            -58.2056447843326,
            -26.1723755628826
          ],
          [
            -58.2073951038596,
            -26.1754517922366
          ],
          [
            -58.208363463774,
            -26.1749280300256
          ]
        ]
      },
      "properties": {
        "id": 704,
        "kml_id": 34010,
        "tension": "33",
        "n_distribu": "INTERCONECCION 2",
        "localidad": "FORMOSA",
        "material": "AL/AC",
        "seccion": "240/40",
        "depto": "FORMOSA",
        "length_km": 3.9227,
        "num_points": 6
      }
    },
    {
      "type": "Feature",
      "geometry": {
        "type": "LineString",
        "coordinates": [
          [
            -58.2083554791064,
            -26.1748993666151
          ],
          [
            -58.2074097538498,
            -26.1753885235546
          ],
          [
            -58.2057306259992,
            -26.1723484167892
          ],
          [
            -58.1995574953897,
            -26.1659773849319
          ],
          [
            -58.194320176371,
            -26.1643215416933
          ],
          [
            -58.1753747858359,
            -26.168291701408
          ]
        ]
      },
      "properties": {
        "id": 705,
        "kml_id": 34011,
        "tension": "33",
        "n_distribu": "INTERCONECCION 1",
        "localidad": "FORMOSA",
        "material": "AL/AC",
        "seccion": "240/40",
        "depto": "FORMOSA",
        "length_km": 3.9208,
        "num_points": 6
      }
    },
    {
      "type": "Feature",
      "geometry": {
        "type": "LineString",
        "coordinates": [
          [
            -58.2129665901925,
            -26.2246326706625
          ],
          [
            -58.2054629959,
            -26.2223500026
          ]
        ]
      },
      "properties": {
        "id": 706,
        "kml_id": 34013,
        "tension": "13.2",
        "n_distribu": "704",
        "localidad": "FORMOSA",
        "material": "AL/AL",
        "seccion": null,
        "depto": "FORMOSA",
        "length_km": 0.7904,
        "num_points": 2
      }
    },
    {
      "type": "Feature",
      "geometry": {
        "type": "LineString",
        "coordinates": [
          [
            -58.2432390758,
            -26.1992512259
          ],
          [
            -58.2433345595148,
            -26.1989954355435
          ]
        ]
      },
      "properties": {
        "id": 707,
        "kml_id": 34014,
        "tension": "13.2",
        "n_distribu": "604",
        "localidad": "FORMOSA",
        "material": "AL/AL",
        "seccion": "70",
        "depto": "FORMOSA",
        "length_km": 0.03,
        "num_points": 2
      }
    },
    {
      "type": "Feature",
      "geometry": {
        "type": "LineString",
        "coordinates": [
          [
            -58.2433345595148,
            -26.1989954355435
          ],
          [
            -58.2432917042282,
            -26.1989799169161
          ]
        ]
      },
      "properties": {
        "id": 708,
        "kml_id": 34015,
        "tension": "13.2",
        "n_distribu": "604",
        "localidad": "FORMOSA",
        "material": "Cu",
        "seccion": null,
        "depto": "FORMOSA",
        "length_km": 0.0046,
        "num_points": 2
      }
    },
    {
      "type": "Feature",
      "geometry": {
        "type": "LineString",
        "coordinates": [
          [
            -58.2432390758,
            -26.1992512259
          ],
          [
            -58.2430962888964,
            -26.1991993264334
          ],
          [
            -58.2430685941151,
            -26.1992690408828
          ],
          [
            -58.2430149951634,
            -26.1992483891709
          ]
        ]
      },
      "properties": {
        "id": 709,
        "kml_id": 34016,
        "tension": "13.2",
        "n_distribu": "604",
        "localidad": "FORMOSA",
        "material": "Cu",
        "seccion": null,
        "depto": "FORMOSA",
        "length_km": 0.0294,
        "num_points": 4
      }
    },
    {
      "type": "Feature",
      "geometry": {
        "type": "LineString",
        "coordinates": [
          [
            -58.2432370309099,
            -26.1992562678587
          ],
          [
            -58.2430991538738,
            -26.1992072051212
          ],
          [
            -58.2430720559628,
            -26.1992765614484
          ],
          [
            -58.2429874197561,
            -26.1992454048195
          ]
        ]
      },
      "properties": {
        "id": 710,
        "kml_id": 34017,
        "tension": "13.2",
        "n_distribu": "603",
        "localidad": "FORMOSA",
        "material": "Cu",
        "seccion": null,
        "depto": "FORMOSA",
        "length_km": 0.0321,
        "num_points": 4
      }
    },
    {
      "type": "Feature",
      "geometry": {
        "type": "LineString",
        "coordinates": [
          [
            -58.242955964692,
            -26.1992188440918
          ],
          [
            -58.2428843402576,
            -26.1994019638956
          ],
          [
            -58.2424127530443,
            -26.1992494635374
          ],
          [
            -58.2423712108724,
            -26.1993478277606
          ],
          [
            -58.2423524691454,
            -26.1993405459432
          ]
        ]
      },
      "properties": {
        "id": 711,
        "kml_id": 34018,
        "tension": "13.2",
        "n_distribu": "602",
        "localidad": "FORMOSA",
        "material": "Cu",
        "seccion": null,
        "depto": "FORMOSA",
        "length_km": 0.0853,
        "num_points": 5
      }
    },
    {
      "type": "Feature",
      "geometry": {
        "type": "LineString",
        "coordinates": [
          [
            -58.2429297023994,
            -26.1992061904417
          ],
          [
            -58.2428612413776,
            -26.1993788650155
          ],
          [
            -58.242405709975,
            -26.1992284537034
          ],
          [
            -58.2423636604633,
            -26.1993348458319
          ],
          [
            -58.2423521110232,
            -26.1993303991483
          ]
        ]
      },
      "properties": {
        "id": 712,
        "kml_id": 34019,
        "tension": "13.2",
        "n_distribu": "601",
        "localidad": "FORMOSA",
        "material": "Cu",
        "seccion": null,
        "depto": "FORMOSA",
        "length_km": 0.0826,
        "num_points": 5
      }
    },
    {
      "type": "Feature",
      "geometry": {
        "type": "LineString",
        "coordinates": [
          [
            -58.2430166067131,
            -26.1955944885476
          ],
          [
            -58.2422093197552,
            -26.1976279858219
          ]
        ]
      },
      "properties": {
        "id": 713,
        "kml_id": 34020,
        "tension": "13.2",
        "n_distribu": "601",
        "localidad": "FORMOSA",
        "material": "AL/AL",
        "seccion": "35",
        "depto": "FORMOSA",
        "length_km": 0.24,
        "num_points": 2
      }
    },
    {
      "type": "Feature",
      "geometry": {
        "type": "LineString",
        "coordinates": [
          [
            -58.2422093197552,
            -26.1976279858219
          ],
          [
            -58.2421087272162,
            -26.197876283861
          ]
        ]
      },
      "properties": {
        "id": 714,
        "kml_id": 34021,
        "tension": "13.2",
        "n_distribu": "601",
        "localidad": "FORMOSA",
        "material": "ALUMINIO",
        "seccion": "50",
        "depto": "FORMOSA",
        "length_km": 0.0294,
        "num_points": 2
      }
    },
    {
      "type": "Feature",
      "geometry": {
        "type": "LineString",
        "coordinates": [
          [
            -58.2384432539412,
            -26.2046647946948
          ],
          [
            -58.2380493726073,
            -26.2057123153111
          ]
        ]
      },
      "properties": {
        "id": 715,
        "kml_id": 34022,
        "tension": "13.2",
        "n_distribu": "033",
        "localidad": "FORMOSA",
        "material": "AL/AL",
        "seccion": "35",
        "depto": "FORMOSA",
        "length_km": 0.1229,
        "num_points": 2
      }
    },
    {
      "type": "Feature",
      "geometry": {
        "type": "LineString",
        "coordinates": [
          [
            -58.2339679470616,
            -26.2049974504012
          ],
          [
            -58.2335333193829,
            -26.2061009972417
          ]
        ]
      },
      "properties": {
        "id": 716,
        "kml_id": 34023,
        "tension": "13.2",
        "n_distribu": "033",
        "localidad": "FORMOSA",
        "material": "AL/AL",
        "seccion": "35",
        "depto": "FORMOSA",
        "length_km": 0.1301,
        "num_points": 2
      }
    },
    {
      "type": "Feature",
      "geometry": {
        "type": "LineString",
        "coordinates": [
          [
            -58.2304530632327,
            -26.2115619024331
          ],
          [
            -58.2320077521811,
            -26.2139587354059
          ]
        ]
      },
      "properties": {
        "id": 717,
        "kml_id": 34025,
        "tension": "13.2",
        "n_distribu": "601",
        "localidad": "FORMOSA",
        "material": "ALUMINIO",
        "seccion": "50",
        "depto": "FORMOSA",
        "length_km": 0.3084,
        "num_points": 2
      }
    },
    {
      "type": "Feature",
      "geometry": {
        "type": "LineString",
        "coordinates": [
          [
            -58.2320077521811,
            -26.2139587354059
          ],
          [
            -58.2325173584034,
            -26.2147443851643
          ],
          [
            -58.2326410012,
            -26.2149350028
          ]
        ]
      },
      "properties": {
        "id": 718,
        "kml_id": 34024,
        "tension": "13.2",
        "n_distribu": "601",
        "localidad": "FORMOSA",
        "material": "AL/AL",
        "seccion": null,
        "depto": "FORMOSA",
        "length_km": 0.1256,
        "num_points": 3
      }
    },
    {
      "type": "Feature",
      "geometry": {
        "type": "LineString",
        "coordinates": [
          [
            -58.26305234295,
            -26.2039735696436
          ],
          [
            -58.2628395564823,
            -26.2045847648169
          ],
          [
            -58.2637489922632,
            -26.2049039445184
          ],
          [
            -58.263687336333,
            -26.2050516984148
          ]
        ]
      },
      "properties": {
        "id": 719,
        "kml_id": 34026,
        "tension": "13.2",
        "n_distribu": "30",
        "localidad": "FORMOSA",
        "material": "Cu",
        "seccion": "70",
        "depto": "FORMOSA",
        "length_km": 0.1862,
        "num_points": 4
      }
    },
    {
      "type": "Feature",
      "geometry": {
        "type": "LineString",
        "coordinates": [
          [
            -58.2630631009928,
            -26.2039768110539
          ],
          [
            -58.2628536805453,
            -26.2045786201271
          ],
          [
            -58.2637631163262,
            -26.2048977998286
          ],
          [
            -58.2636969625329,
            -26.2050563546288
          ]
        ]
      },
      "properties": {
        "id": 720,
        "kml_id": 34027,
        "tension": "13.2",
        "n_distribu": "033",
        "localidad": "FORMOSA",
        "material": "Cu",
        "seccion": "70",
        "depto": "FORMOSA",
        "length_km": 0.1864,
        "num_points": 4
      }
    },
    {
      "type": "Feature",
      "geometry": {
        "type": "LineString",
        "coordinates": [
          [
            -58.1557743488,
            -26.1962688841
          ],
          [
            -58.1569362268937,
            -26.1966681426494
          ]
        ]
      },
      "properties": {
        "id": 721,
        "kml_id": 34032,
        "tension": "13.2",
        "n_distribu": "204",
        "localidad": "FORMOSA",
        "material": "AL/AL",
        "seccion": "35",
        "depto": "FORMOSA",
        "length_km": 0.1241,
        "num_points": 2
      }
    },
    {
      "type": "Feature",
      "geometry": {
        "type": "LineString",
        "coordinates": [
          [
            -58.1568110255167,
            -26.1965882522469
          ],
          [
            -58.1559846964287,
            -26.1986248613123
          ]
        ]
      },
      "properties": {
        "id": 722,
        "kml_id": 34033,
        "tension": "13.2",
        "n_distribu": "204",
        "localidad": "FORMOSA",
        "material": "AL/AL",
        "seccion": "35",
        "depto": "FORMOSA",
        "length_km": 0.241,
        "num_points": 2
      }
    },
    {
      "type": "Feature",
      "geometry": {
        "type": "LineString",
        "coordinates": [
          [
            -58.1834940014,
            -26.1785709973
          ],
          [
            -58.1832363991065,
            -26.1784819139595
          ],
          [
            -58.183096491536,
            -26.1788412220382
          ]
        ]
      },
      "properties": {
        "id": 723,
        "kml_id": 34035,
        "tension": "13.2",
        "n_distribu": "403",
        "localidad": "FORMOSA",
        "material": "AL/AL",
        "seccion": "35",
        "depto": "FORMOSA",
        "length_km": 0.0699,
        "num_points": 3
      }
    },
    {
      "type": "Feature",
      "geometry": {
        "type": "LineString",
        "coordinates": [
          [
            -58.2103375978671,
            -26.1751859866312
          ],
          [
            -58.2106485675086,
            -26.1751269187027
          ],
          [
            -58.2337706730911,
            -26.1171966937574
          ],
          [
            -58.2329953663755,
            -26.1158901583664
          ],
          [
            -58.2292166763107,
            -26.114691087138
          ],
          [
            -58.228567653636,
            -26.1129530421548
          ],
          [
            -58.2288163980091,
            -26.111243211976
          ],
          [
            -58.2291223249968,
            -26.1095590304738
          ],
          [
            -58.2288850171465,
            -26.1081829129421
          ],
          [
            -58.2282502901254,
            -26.1067451609057
          ],
          [
            -58.229599799828,
            -26.1059210129272
          ],
          [
            -58.2406103122531,
            -26.0990297788167
          ],
          [
            -58.2467388589639,
            -26.0951590584743
          ],
          [
            -58.2468818155002,
            -26.0954004205684
          ]
        ]
      },
      "properties": {
        "id": 724,
        "kml_id": 34047,
        "tension": "132",
        "n_distribu": "LAT 132",
        "localidad": "FORMOSA",
        "material": "AL/AC",
        "seccion": null,
        "depto": "FORMOSA",
        "length_km": 10.6328,
        "num_points": 14
      }
    },
    {
      "type": "Feature",
      "geometry": {
        "type": "LineString",
        "coordinates": [
          [
            -58.2200969997404,
            -26.1512986898456
          ],
          [
            -58.2200063951247,
            -26.1512603200141
          ],
          [
            -58.200928641133,
            -26.1451014062995
          ],
          [
            -58.2016475082869,
            -26.1433531805978
          ],
          [
            -58.2027552172196,
            -26.1405269247794
          ],
          [
            -58.1984338453511,
            -26.1390881040196
          ],
          [
            -58.1969830407314,
            -26.1386070264563
          ],
          [
            -58.1962184274859,
            -26.1378824729708
          ],
          [
            -58.1950715076175,
            -26.1375333949903
          ],
          [
            -58.1949342693427,
            -26.1374835266222
          ]
        ]
      },
      "properties": {
        "id": 725,
        "kml_id": 34048,
        "tension": "132",
        "n_distribu": "LAT 132",
        "localidad": "FORMOSA",
        "material": "AL/AC",
        "seccion": null,
        "depto": "FORMOSA",
        "length_km": 3.4351,
        "num_points": 10
      }
    },
    {
      "type": "Feature",
      "geometry": {
        "type": "LineString",
        "coordinates": [
          [
            -58.195020860159,
            -26.1372224507002
          ],
          [
            -58.1966824235579,
            -26.1377798030849
          ],
          [
            -58.2286352516552,
            -26.1139528154376
          ],
          [
            -58.2282890926138,
            -26.112978898468
          ],
          [
            -58.2288113945303,
            -26.1095580218647
          ],
          [
            -58.2286121131187,
            -26.1082496836242
          ],
          [
            -58.2279705241838,
            -26.1068725237098
          ],
          [
            -58.246720703484,
            -26.0950751135013
          ],
          [
            -58.2470620836927,
            -26.0952646086
          ]
        ]
      },
      "properties": {
        "id": 726,
        "kml_id": 34049,
        "tension": "132",
        "n_distribu": "LAT 132",
        "localidad": "FORMOSA",
        "material": "AL/AC",
        "seccion": null,
        "depto": "FORMOSA",
        "length_km": 7.4605,
        "num_points": 9
      }
    },
    {
      "type": "Feature",
      "geometry": {
        "type": "LineString",
        "coordinates": [
          [
            -58.2471521708125,
            -26.095196953816
          ],
          [
            -58.2465361670177,
            -26.0946582672209
          ],
          [
            -58.2280494361915,
            -26.1063427155385
          ],
          [
            -58.2249468709067,
            -26.1006236053668
          ],
          [
            -58.2155546264723,
            -26.0835553919364
          ],
          [
            -58.2117242081942,
            -26.0766316563829
          ],
          [
            -58.1666322448459,
            -25.9935677786322
          ],
          [
            -58.1652537353887,
            -25.9913324860506
          ],
          [
            -58.1638669548749,
            -25.9890574993907
          ],
          [
            -58.1589897884156,
            -25.9809484741593
          ],
          [
            -58.1468195975042,
            -25.9709968553058
          ],
          [
            -58.127054319326,
            -25.9428791411441
          ],
          [
            -58.1260323843151,
            -25.9415535902971
          ],
          [
            -58.0997134314378,
            -25.9058650327513
          ],
          [
            -58.0829273125976,
            -25.8788092289184
          ],
          [
            -58.0801666176582,
            -25.8745161577464
          ],
          [
            -58.0458450405988,
            -25.8208283588509
          ],
          [
            -58.0435100293797,
            -25.8193882677751
          ],
          [
            -58.0291882351267,
            -25.8103608273618
          ],
          [
            -58.0136018881983,
            -25.7990998299669
          ],
          [
            -58.0049715612576,
            -25.7815001728578
          ],
          [
            -58.0040285382548,
            -25.7790797950585
          ],
          [
            -58.0030580675969,
            -25.7765693291517
          ],
          [
            -57.9865365398529,
            -25.733872687651
          ],
          [
            -57.9804526300075,
            -25.7183263207844
          ],
          [
            -57.9672565227846,
            -25.7011842944806
          ],
          [
            -57.9531910747814,
            -25.6806174422194
          ],
          [
            -57.9330665474283,
            -25.6527664649237
          ],
          [
            -57.9141982451845,
            -25.6266092676028
          ],
          [
            -57.897061115304,
            -25.5872845200334
          ],
          [
            -57.8817609986526,
            -25.563507252534
          ],
          [
            -57.8554976364759,
            -25.5236876952027
          ],
          [
            -57.8272712768324,
            -25.4930763882946
          ],
          [
            -57.8086358875465,
            -25.4725840715716
          ],
          [
            -57.7668574198103,
            -25.4065363757455
          ],
          [
            -57.7431096790996,
            -25.3615607507501
          ],
          [
            -57.7296486148088,
            -25.3407916036148
          ],
          [
            -57.7306108308782,
            -25.3378789562696
          ],
          [
            -57.7275798255511,
            -25.3083122684026
          ],
          [
            -57.7280307513112,
            -25.3081562993407
          ]
        ]
      },
      "properties": {
        "id": 727,
        "kml_id": 34050,
        "tension": "132",
        "n_distribu": "LAT 132",
        "localidad": "CLORINDA",
        "material": "AL/AC",
        "seccion": null,
        "depto": "CLORINDA",
        "length_km": 105.5038,
        "num_points": 40
      }
    },
    {
      "type": "Feature",
      "geometry": {
        "type": "LineString",
        "coordinates": [
          [
            -58.2582990580829,
            -26.2565011265181
          ],
          [
            -58.2581681806197,
            -26.2565715037825
          ],
          [
            -58.2556335154,
            -26.2579344795
          ]
        ]
      },
      "properties": {
        "id": 728,
        "kml_id": 34072,
        "tension": "13.2",
        "n_distribu": "SALIDA VILLA DEL CARMEN",
        "localidad": "FORMOSA",
        "material": "AL/AL",
        "seccion": "35",
        "depto": "FORMOSA",
        "length_km": 0.3099,
        "num_points": 3
      }
    },
    {
      "type": "Feature",
      "geometry": {
        "type": "LineString",
        "coordinates": [
          [
            -58.1024267971,
            -26.1106179001
          ],
          [
            -58.1018414059,
            -26.1102269049
          ]
        ]
      },
      "properties": {
        "id": 729,
        "kml_id": 24119,
        "tension": "13.2",
        "n_distribu": "SALIDA MOJON",
        "localidad": null,
        "material": "AL/AL",
        "seccion": null,
        "depto": null,
        "length_km": 0.0728,
        "num_points": 2
      }
    },
    {
      "type": "Feature",
      "geometry": {
        "type": "LineString",
        "coordinates": [
          [
            -58.1358893975,
            -26.128146092
          ],
          [
            -58.1357739947,
            -26.1269814053
          ]
        ]
      },
      "properties": {
        "id": 730,
        "kml_id": 24129,
        "tension": "13.2",
        "n_distribu": "SALIDA MOJON",
        "localidad": null,
        "material": "AL/AL",
        "seccion": null,
        "depto": null,
        "length_km": 0.13,
        "num_points": 2
      }
    },
    {
      "type": "Feature",
      "geometry": {
        "type": "LineString",
        "coordinates": [
          [
            -58.1371836308,
            -26.1290375359
          ],
          [
            -58.1358893975,
            -26.128146092
          ]
        ]
      },
      "properties": {
        "id": 731,
        "kml_id": 24130,
        "tension": "13.2",
        "n_distribu": "SALIDA MOJON",
        "localidad": null,
        "material": "AL/AL",
        "seccion": null,
        "depto": null,
        "length_km": 0.1628,
        "num_points": 2
      }
    },
    {
      "type": "Feature",
      "geometry": {
        "type": "LineString",
        "coordinates": [
          [
            -58.1409679966908,
            -26.129048133551
          ],
          [
            -58.1371836308,
            -26.1290375359
          ]
        ]
      },
      "properties": {
        "id": 732,
        "kml_id": 24131,
        "tension": "13.2",
        "n_distribu": "SALIDA MOJON",
        "localidad": null,
        "material": "AL/AL",
        "seccion": null,
        "depto": null,
        "length_km": 0.3778,
        "num_points": 2
      }
    },
    {
      "type": "Feature",
      "geometry": {
        "type": "LineString",
        "coordinates": [
          [
            -58.1410053053,
            -26.1267088985
          ],
          [
            -58.1401406977,
            -26.1266996045
          ]
        ]
      },
      "properties": {
        "id": 733,
        "kml_id": 24132,
        "tension": "13.2",
        "n_distribu": "SALIDA MOJON",
        "localidad": null,
        "material": "AL/AL",
        "seccion": null,
        "depto": null,
        "length_km": 0.0863,
        "num_points": 2
      }
    },
    {
      "type": "Feature",
      "geometry": {
        "type": "LineString",
        "coordinates": [
          [
            -58.1409679966908,
            -26.129048133551
          ],
          [
            -58.1410053053,
            -26.1267088985
          ]
        ]
      },
      "properties": {
        "id": 734,
        "kml_id": 24133,
        "tension": "13.2",
        "n_distribu": "SALIDA MOJON",
        "localidad": null,
        "material": "AL/AL",
        "seccion": null,
        "depto": null,
        "length_km": 0.2601,
        "num_points": 2
      }
    },
    {
      "type": "Feature",
      "geometry": {
        "type": "LineString",
        "coordinates": [
          [
            -58.1018414059,
            -26.1102269049
          ],
          [
            -58.0785599497201,
            -26.0629729958394
          ]
        ]
      },
      "properties": {
        "id": 735,
        "kml_id": 24118,
        "tension": "13.2",
        "n_distribu": "SALIDA MOJON",
        "localidad": null,
        "material": "AL/AL",
        "seccion": null,
        "depto": null,
        "length_km": 5.7458,
        "num_points": 2
      }
    },
    {
      "type": "Feature",
      "geometry": {
        "type": "LineString",
        "coordinates": [
          [
            -58.1483917597649,
            -26.1290231797255
          ],
          [
            -58.1434148579094,
            -26.1290744737001
          ],
          [
            -58.1409679966908,
            -26.129048133551
          ]
        ]
      },
      "properties": {
        "id": 736,
        "kml_id": 34304,
        "tension": "13.2",
        "n_distribu": "SALIDA MOJON",
        "localidad": null,
        "material": "AL/AL",
        "seccion": null,
        "depto": null,
        "length_km": 0.7412,
        "num_points": 3
      }
    },
    {
      "type": "Feature",
      "geometry": {
        "type": "LineString",
        "coordinates": [
          [
            -58.2132684549127,
            -26.1735728524464
          ],
          [
            -58.2128704061968,
            -26.1745794084437
          ]
        ]
      },
      "properties": {
        "id": 737,
        "kml_id": 34124,
        "tension": "13.2",
        "n_distribu": "1101",
        "localidad": "FORMOSA",
        "material": "Al/Al",
        "seccion": null,
        "depto": "FORMOSA",
        "length_km": 0.1188,
        "num_points": 2
      }
    },
    {
      "type": "Feature",
      "geometry": {
        "type": "LineString",
        "coordinates": [
          [
            -58.278240301094,
            -26.0786979257575
          ],
          [
            -58.2783735569356,
            -26.082595053418
          ]
        ]
      },
      "properties": {
        "id": 738,
        "kml_id": 34205,
        "tension": "33",
        "n_distribu": "ALIMENTADOR 320",
        "localidad": "FORMOSA",
        "material": "AL/AC",
        "seccion": "95/15",
        "depto": "FORMOSA",
        "length_km": 0.4335,
        "num_points": 2
      }
    },
    {
      "type": "Feature",
      "geometry": {
        "type": "LineString",
        "coordinates": [
          [
            -58.2743434005748,
            -26.0797703135002
          ],
          [
            -58.2757662095386,
            -26.0789198989472
          ],
          [
            -58.2778482942076,
            -26.077921275127
          ],
          [
            -58.2782415503674,
            -26.078693155804
          ]
        ]
      },
      "properties": {
        "id": 739,
        "kml_id": 34207,
        "tension": "13.2",
        "n_distribu": "SAL POLO CIENTIFICO",
        "localidad": "FORMOSA",
        "material": "AL/AC",
        "seccion": "95/15",
        "depto": "FORMOSA",
        "length_km": 0.5008,
        "num_points": 4
      }
    },
    {
      "type": "Feature",
      "geometry": {
        "type": "LineString",
        "coordinates": [
          [
            -58.2783492174289,
            -26.0816473785714
          ],
          [
            -58.2785344531802,
            -26.0816508581668
          ]
        ]
      },
      "properties": {
        "id": 740,
        "kml_id": 34208,
        "tension": "13.2",
        "n_distribu": "SAL POLO CIENTIFICO",
        "localidad": "FORMOSA",
        "material": "AL/AL",
        "seccion": "70",
        "depto": "FORMOSA",
        "length_km": 0.0185,
        "num_points": 2
      }
    },
    {
      "type": "Feature",
      "geometry": {
        "type": "LineString",
        "coordinates": [
          [
            -58.2785344531802,
            -26.0816508581668
          ],
          [
            -58.2785494901182,
            -26.0816511406309
          ]
        ]
      },
      "properties": {
        "id": 741,
        "kml_id": 34210,
        "tension": "13.2",
        "n_distribu": "SAL POLO CIENTIFICO",
        "localidad": "FORMOSA",
        "material": "AL/AL",
        "seccion": "70",
        "depto": "FORMOSA",
        "length_km": 0.0015,
        "num_points": 2
      }
    },
    {
      "type": "Feature",
      "geometry": {
        "type": "LineString",
        "coordinates": [
          [
            -58.2785508932412,
            -26.0821218542085
          ],
          [
            -58.278548765426,
            -26.0820608938182
          ]
        ]
      },
      "properties": {
        "id": 742,
        "kml_id": 34211,
        "tension": "13.2",
        "n_distribu": "SAL POLO CIENTIFICO",
        "localidad": "FORMOSA",
        "material": "AL/AL",
        "seccion": "70",
        "depto": "FORMOSA",
        "length_km": 0.0068,
        "num_points": 2
      }
    },
    {
      "type": "Feature",
      "geometry": {
        "type": "LineString",
        "coordinates": [
          [
            -58.278548765426,
            -26.0820608938182
          ],
          [
            -58.2785344531802,
            -26.0816508581668
          ]
        ]
      },
      "properties": {
        "id": 743,
        "kml_id": 34212,
        "tension": "13.2",
        "n_distribu": "SAL POLO CIENTIFICO",
        "localidad": "FORMOSA",
        "material": "AL/AL",
        "seccion": "70",
        "depto": "FORMOSA",
        "length_km": 0.0456,
        "num_points": 2
      }
    },
    {
      "type": "Feature",
      "geometry": {
        "type": "LineString",
        "coordinates": [
          [
            -58.2785344531802,
            -26.0816508581668
          ],
          [
            -58.278486824401,
            -26.0788008961806
          ]
        ]
      },
      "properties": {
        "id": 744,
        "kml_id": 34213,
        "tension": "13.2",
        "n_distribu": "SAL POLO CIENTIFICO",
        "localidad": "FORMOSA",
        "material": "AL/AL",
        "seccion": "70",
        "depto": "FORMOSA",
        "length_km": 0.3169,
        "num_points": 2
      }
    },
    {
      "type": "Feature",
      "geometry": {
        "type": "LineString",
        "coordinates": [
          [
            -58.2129377137133,
            -26.1745640841936
          ],
          [
            -58.2122047461815,
            -26.1743345525858
          ]
        ]
      },
      "properties": {
        "id": 745,
        "kml_id": 34125,
        "tension": "13.2",
        "n_distribu": "1101",
        "localidad": "FORMOSA",
        "material": "Al/Al",
        "seccion": null,
        "depto": "FORMOSA",
        "length_km": 0.0775,
        "num_points": 2
      }
    },
    {
      "type": "Feature",
      "geometry": {
        "type": "LineString",
        "coordinates": [
          [
            -58.1538615394375,
            -26.1263891719995
          ],
          [
            -58.1516182600749,
            -26.1263646063677
          ]
        ]
      },
      "properties": {
        "id": 746,
        "kml_id": 34277,
        "tension": "13.2",
        "n_distribu": "501",
        "localidad": "FORMOSA",
        "material": "AL/AL",
        "seccion": "35",
        "depto": "FORMOSA",
        "length_km": 0.224,
        "num_points": 2
      }
    },
    {
      "type": "Feature",
      "geometry": {
        "type": "LineString",
        "coordinates": [
          [
            -58.153221375729,
            -26.125729126784
          ],
          [
            -58.1531814045316,
            -26.1282273266217
          ],
          [
            -58.1531922304079,
            -26.1282263123124
          ]
        ]
      },
      "properties": {
        "id": 747,
        "kml_id": 34246,
        "tension": "13.2",
        "n_distribu": "501",
        "localidad": "FORMOSA",
        "material": "AL/AL",
        "seccion": "35",
        "depto": "FORMOSA",
        "length_km": 0.2789,
        "num_points": 3
      }
    },
    {
      "type": "Feature",
      "geometry": {
        "type": "LineString",
        "coordinates": [
          [
            -58.2781802122875,
            -26.0790353792293
          ],
          [
            -58.2749977262306,
            -26.0808097460087
          ],
          [
            -58.2745086379516,
            -26.081069076538
          ],
          [
            -58.2729420795616,
            -26.0819365218039
          ]
        ]
      },
      "properties": {
        "id": 748,
        "kml_id": 34214,
        "tension": "13.2",
        "n_distribu": "SAL POLO CIENTIFICO",
        "localidad": "FORMOSA",
        "material": "AL/AL",
        "seccion": "70",
        "depto": "FORMOSA",
        "length_km": 0.6146,
        "num_points": 4
      }
    },
    {
      "type": "Feature",
      "geometry": {
        "type": "LineString",
        "coordinates": [
          [
            -58.2745174271992,
            -26.0810648170709
          ],
          [
            -58.2748403273614,
            -26.0811401236518
          ]
        ]
      },
      "properties": {
        "id": 749,
        "kml_id": 34215,
        "tension": "13.2",
        "n_distribu": "SAL POLO CIENTIFICO",
        "localidad": "FORMOSA",
        "material": "SUBTERRANEO",
        "seccion": null,
        "depto": "FORMOSA",
        "length_km": 0.0333,
        "num_points": 2
      }
    },
    {
      "type": "Feature",
      "geometry": {
        "type": "LineString",
        "coordinates": [
          [
            -58.2186119465414,
            -26.1821122364464
          ],
          [
            -58.2139871626491,
            -26.1806235435227
          ]
        ]
      },
      "properties": {
        "id": 750,
        "kml_id": 34217,
        "tension": "13.2",
        "n_distribu": "106",
        "localidad": "FORMOSA",
        "material": "Al/Al",
        "seccion": "35",
        "depto": "FORMOSA",
        "length_km": 0.4903,
        "num_points": 2
      }
    },
    {
      "type": "Feature",
      "geometry": {
        "type": "LineString",
        "coordinates": [
          [
            -58.2179444884379,
            -26.1838079298471
          ],
          [
            -58.2148299886712,
            -26.1828090010158
          ]
        ]
      },
      "properties": {
        "id": 751,
        "kml_id": 34218,
        "tension": "13.2",
        "n_distribu": "106",
        "localidad": "FORMOSA",
        "material": "Al/Al",
        "seccion": "35",
        "depto": "FORMOSA",
        "length_km": 0.33,
        "num_points": 2
      }
    },
    {
      "type": "Feature",
      "geometry": {
        "type": "LineString",
        "coordinates": [
          [
            -58.20316846834,
            -26.1939491926448
          ],
          [
            -58.2030762792663,
            -26.1940007970845
          ],
          [
            -58.2028779296749,
            -26.1941129637868
          ]
        ]
      },
      "properties": {
        "id": 752,
        "kml_id": 34219,
        "tension": "13.2",
        "n_distribu": null,
        "localidad": null,
        "material": null,
        "seccion": null,
        "depto": null,
        "length_km": 0.0342,
        "num_points": 3
      }
    },
    {
      "type": "Feature",
      "geometry": {
        "type": "LineString",
        "coordinates": [
          [
            -58.2030786505554,
            -26.1941741642981
          ],
          [
            -58.2033438319093,
            -26.1940552405851
          ]
        ]
      },
      "properties": {
        "id": 753,
        "kml_id": 34220,
        "tension": "13.2",
        "n_distribu": null,
        "localidad": null,
        "material": null,
        "seccion": null,
        "depto": null,
        "length_km": 0.0296,
        "num_points": 2
      }
    },
    {
      "type": "Feature",
      "geometry": {
        "type": "LineString",
        "coordinates": [
          [
            -58.2341891891,
            -26.1891340964
          ],
          [
            -58.2343229224147,
            -26.1892798831866
          ],
          [
            -58.2374655862121,
            -26.1903135864212
          ],
          [
            -58.2380817947998,
            -26.1887161808268
          ]
        ]
      },
      "properties": {
        "id": 754,
        "kml_id": 34230,
        "tension": "13.2",
        "n_distribu": "1103",
        "localidad": "FORMOSA",
        "material": null,
        "seccion": null,
        "depto": "FORMOSA",
        "length_km": 0.5429,
        "num_points": 4
      }
    },
    {
      "type": "Feature",
      "geometry": {
        "type": "LineString",
        "coordinates": [
          [
            -58.1508404566884,
            -26.126493453013
          ],
          [
            -58.1508408441265,
            -26.1264763222508
          ]
        ]
      },
      "properties": {
        "id": 755,
        "kml_id": 34235,
        "tension": "13.2",
        "n_distribu": "503",
        "localidad": "FORMOSA",
        "material": "AL/AL",
        "seccion": "35",
        "depto": "FORMOSA",
        "length_km": 0.0019,
        "num_points": 2
      }
    },
    {
      "type": "Feature",
      "geometry": {
        "type": "LineString",
        "coordinates": [
          [
            -58.1515057761554,
            -26.1294670815103
          ],
          [
            -58.1485158794162,
            -26.137746123995
          ],
          [
            -58.1521369369969,
            -26.1388844545328
          ]
        ]
      },
      "properties": {
        "id": 756,
        "kml_id": 34236,
        "tension": "13.2",
        "n_distribu": "503",
        "localidad": "FORMOSA",
        "material": "AL/AL",
        "seccion": null,
        "depto": null,
        "length_km": 1.3508,
        "num_points": 3
      }
    },
    {
      "type": "Feature",
      "geometry": {
        "type": "LineString",
        "coordinates": [
          [
            -58.1546943901903,
            -26.1266564894402
          ],
          [
            -58.1538615394375,
            -26.1263891719995
          ]
        ]
      },
      "properties": {
        "id": 757,
        "kml_id": 34296,
        "tension": "13.2",
        "n_distribu": "501",
        "localidad": "FORMOSA",
        "material": "AL/AL",
        "seccion": "35",
        "depto": "FORMOSA",
        "length_km": 0.0883,
        "num_points": 2
      }
    },
    {
      "type": "Feature",
      "geometry": {
        "type": "LineString",
        "coordinates": [
          [
            -58.1575536724712,
            -26.1457091544744
          ],
          [
            -58.1521375138854,
            -26.143937365084
          ]
        ]
      },
      "properties": {
        "id": 758,
        "kml_id": 34420,
        "tension": "13.2",
        "n_distribu": "92",
        "localidad": "FORMOSA",
        "material": "AL/AL",
        "seccion": "50",
        "depto": "FORMOSA",
        "length_km": 0.5754,
        "num_points": 2
      }
    },
    {
      "type": "Feature",
      "geometry": {
        "type": "LineString",
        "coordinates": [
          [
            -58.1930079576102,
            -26.1420179181254
          ],
          [
            -58.1926923379287,
            -26.1423942279748
          ]
        ]
      },
      "properties": {
        "id": 759,
        "kml_id": 34326,
        "tension": "13.2",
        "n_distribu": "22",
        "localidad": "FORMOSA",
        "material": "AL/AL",
        "seccion": null,
        "depto": "FORMOSA",
        "length_km": 0.0524,
        "num_points": 2
      }
    },
    {
      "type": "Feature",
      "geometry": {
        "type": "LineString",
        "coordinates": [
          [
            -58.1979931774077,
            -26.1530499735546
          ],
          [
            -58.2046660092,
            -26.1362282587
          ]
        ]
      },
      "properties": {
        "id": 760,
        "kml_id": 34327,
        "tension": "13.2",
        "n_distribu": "22",
        "localidad": "FORMOSA",
        "material": "AL/AL",
        "seccion": null,
        "depto": "FORMOSA",
        "length_km": 1.9855,
        "num_points": 2
      }
    },
    {
      "type": "Feature",
      "geometry": {
        "type": "LineString",
        "coordinates": [
          [
            -58.1792529648802,
            -26.1673414224547
          ],
          [
            -58.1787740446175,
            -26.167165317698
          ],
          [
            -58.1767507719942,
            -26.1665063277175
          ]
        ]
      },
      "properties": {
        "id": 761,
        "kml_id": 34347,
        "tension": "13.2",
        "n_distribu": "004",
        "localidad": "FORMOSA",
        "material": "AL/AL",
        "seccion": "70",
        "depto": "FORMOSA",
        "length_km": 0.2665,
        "num_points": 3
      }
    },
    {
      "type": "Feature",
      "geometry": {
        "type": "LineString",
        "coordinates": [
          [
            -58.1807232429704,
            -26.1678213474114
          ],
          [
            -58.1792529648802,
            -26.1673414224547
          ]
        ]
      },
      "properties": {
        "id": 762,
        "kml_id": 34348,
        "tension": "13.2",
        "n_distribu": "004",
        "localidad": "FORMOSA",
        "material": "AL/AL",
        "seccion": "70",
        "depto": "FORMOSA",
        "length_km": 0.1561,
        "num_points": 2
      }
    },
    {
      "type": "Feature",
      "geometry": {
        "type": "LineString",
        "coordinates": [
          [
            -58.1817001795033,
            -26.1681402368965
          ],
          [
            -58.1807232429704,
            -26.1678213474114
          ]
        ]
      },
      "properties": {
        "id": 763,
        "kml_id": 34349,
        "tension": "13.2",
        "n_distribu": "004",
        "localidad": "FORMOSA",
        "material": "AL/AL",
        "seccion": "70",
        "depto": "FORMOSA",
        "length_km": 0.1037,
        "num_points": 2
      }
    },
    {
      "type": "Feature",
      "geometry": {
        "type": "LineString",
        "coordinates": [
          [
            -58.1767507719942,
            -26.1665063277175
          ],
          [
            -58.1765851508636,
            -26.1669170540089
          ]
        ]
      },
      "properties": {
        "id": 764,
        "kml_id": 34350,
        "tension": "13.2",
        "n_distribu": "004",
        "localidad": "FORMOSA",
        "material": "Cu",
        "seccion": "70",
        "depto": "FORMOSA",
        "length_km": 0.0486,
        "num_points": 2
      }
    },
    {
      "type": "Feature",
      "geometry": {
        "type": "LineString",
        "coordinates": [
          [
            -58.184766413709,
            -26.1690726850089
          ],
          [
            -58.1851879962,
            -26.1680274556
          ]
        ]
      },
      "properties": {
        "id": 765,
        "kml_id": 34351,
        "tension": "13.2",
        "n_distribu": "004",
        "localidad": "FORMOSA",
        "material": "AL/AL",
        "seccion": "35",
        "depto": "FORMOSA",
        "length_km": 0.1236,
        "num_points": 2
      }
    },
    {
      "type": "Feature",
      "geometry": {
        "type": "LineString",
        "coordinates": [
          [
            -58.178848367104,
            -26.1760181425312
          ],
          [
            -58.1788379432137,
            -26.1760489960517
          ]
        ]
      },
      "properties": {
        "id": 766,
        "kml_id": 34356,
        "tension": "13.2",
        "n_distribu": "004",
        "localidad": "FORMOSA",
        "material": "Cu",
        "seccion": "70",
        "depto": "FORMOSA",
        "length_km": 0.0036,
        "num_points": 2
      }
    },
    {
      "type": "Feature",
      "geometry": {
        "type": "LineString",
        "coordinates": [
          [
            -58.1782701328678,
            -26.1794426209157
          ],
          [
            -58.1778533336002,
            -26.1794200642425
          ]
        ]
      },
      "properties": {
        "id": 767,
        "kml_id": 34366,
        "tension": "13.2",
        "n_distribu": "004",
        "localidad": "FORMOSA",
        "material": "AL/AL",
        "seccion": "50",
        "depto": "FORMOSA",
        "length_km": 0.0417,
        "num_points": 2
      }
    },
    {
      "type": "Feature",
      "geometry": {
        "type": "LineString",
        "coordinates": [
          [
            -58.180840048259,
            -26.1802832254554
          ],
          [
            -58.1782701328678,
            -26.1794426209157
          ]
        ]
      },
      "properties": {
        "id": 768,
        "kml_id": 34367,
        "tension": "13.2",
        "n_distribu": "004",
        "localidad": "FORMOSA",
        "material": "AL/AL",
        "seccion": "50",
        "depto": "FORMOSA",
        "length_km": 0.2729,
        "num_points": 2
      }
    },
    {
      "type": "Feature",
      "geometry": {
        "type": "LineString",
        "coordinates": [
          [
            -58.1822336530769,
            -26.1690054018551
          ],
          [
            -58.1794816518355,
            -26.1758786589637
          ]
        ]
      },
      "properties": {
        "id": 769,
        "kml_id": 34369,
        "tension": "13.2",
        "n_distribu": "004",
        "localidad": "FORMOSA",
        "material": "AL/AL",
        "seccion": "70",
        "depto": "FORMOSA",
        "length_km": 0.8121,
        "num_points": 2
      }
    },
    {
      "type": "Feature",
      "geometry": {
        "type": "LineString",
        "coordinates": [
          [
            -58.1794816518355,
            -26.1758786589637
          ],
          [
            -58.1787823134943,
            -26.1776252905249
          ]
        ]
      },
      "properties": {
        "id": 770,
        "kml_id": 34373,
        "tension": "13.2",
        "n_distribu": "004",
        "localidad": "FORMOSA",
        "material": "AL/AL",
        "seccion": "70",
        "depto": "FORMOSA",
        "length_km": 0.2064,
        "num_points": 2
      }
    },
    {
      "type": "Feature",
      "geometry": {
        "type": "LineString",
        "coordinates": [
          [
            -58.1787880887834,
            -26.1776108664593
          ],
          [
            -58.1787319620161,
            -26.1775907163039
          ]
        ]
      },
      "properties": {
        "id": 771,
        "kml_id": 34374,
        "tension": "13.2",
        "n_distribu": "004",
        "localidad": "FORMOSA",
        "material": "Cu",
        "seccion": "35",
        "depto": "FORMOSA",
        "length_km": 0.006,
        "num_points": 2
      }
    },
    {
      "type": "Feature",
      "geometry": {
        "type": "LineString",
        "coordinates": [
          [
            -58.1836840982871,
            -26.1689683805793
          ],
          [
            -58.1836487334577,
            -26.1690563991742
          ]
        ]
      },
      "properties": {
        "id": 772,
        "kml_id": 34379,
        "tension": "13.2",
        "n_distribu": "005",
        "localidad": "FORMOSA",
        "material": "AL/AL",
        "seccion": "70",
        "depto": "FORMOSA",
        "length_km": 0.0104,
        "num_points": 2
      }
    },
    {
      "type": "Feature",
      "geometry": {
        "type": "LineString",
        "coordinates": [
          [
            -58.1580867431025,
            -26.1488346897385
          ],
          [
            -58.156783212042,
            -26.1484004484316
          ]
        ]
      },
      "properties": {
        "id": 773,
        "kml_id": 34401,
        "tension": "13.2",
        "n_distribu": "92",
        "localidad": "FORMOSA",
        "material": "AL/AL",
        "seccion": "35",
        "depto": "FORMOSA",
        "length_km": 0.1388,
        "num_points": 2
      }
    },
    {
      "type": "Feature",
      "geometry": {
        "type": "LineString",
        "coordinates": [
          [
            -58.1614297976252,
            -26.1421074342925
          ],
          [
            -58.16137621685,
            -26.1421252945509
          ],
          [
            -58.1595444126754,
            -26.1466339784546
          ]
        ]
      },
      "properties": {
        "id": 774,
        "kml_id": 34419,
        "tension": "13.2",
        "n_distribu": "92",
        "localidad": "FORMOSA",
        "material": "AL/AL",
        "seccion": "35",
        "depto": "FORMOSA",
        "length_km": 0.5394,
        "num_points": 3
      }
    },
    {
      "type": "Feature",
      "geometry": {
        "type": "LineString",
        "coordinates": [
          [
            -58.1560816679434,
            -26.1401387652287
          ],
          [
            -58.1522116721129,
            -26.1388895965045
          ]
        ]
      },
      "properties": {
        "id": 775,
        "kml_id": 34427,
        "tension": "13.2",
        "n_distribu": "92",
        "localidad": "FORMOSA",
        "material": "AL",
        "seccion": null,
        "depto": "FORMOSA",
        "length_km": 0.4105,
        "num_points": 2
      }
    },
    {
      "type": "Feature",
      "geometry": {
        "type": "LineString",
        "coordinates": [
          [
            -58.1562983689445,
            -26.1401392789975
          ],
          [
            -58.1561491377312,
            -26.1405152268617
          ]
        ]
      },
      "properties": {
        "id": 776,
        "kml_id": 34428,
        "tension": "13.2",
        "n_distribu": "92",
        "localidad": "FORMOSA",
        "material": "AL",
        "seccion": null,
        "depto": "FORMOSA",
        "length_km": 0.0444,
        "num_points": 2
      }
    },
    {
      "type": "Feature",
      "geometry": {
        "type": "LineString",
        "coordinates": [
          [
            -58.2485900005549,
            -26.243317431458
          ],
          [
            -58.2500628829285,
            -26.2455688356429
          ]
        ]
      },
      "properties": {
        "id": 777,
        "kml_id": 34430,
        "tension": "13.2",
        "n_distribu": "SALIDA VILLA DEL CARMEN",
        "localidad": "FORMOSA",
        "material": "AL/AL",
        "seccion": "35",
        "depto": "FORMOSA",
        "length_km": 0.2903,
        "num_points": 2
      }
    },
    {
      "type": "Feature",
      "geometry": {
        "type": "LineString",
        "coordinates": [
          [
            -58.2647277734891,
            -26.2625298466235
          ],
          [
            -58.2641079613162,
            -26.26297368016
          ]
        ]
      },
      "properties": {
        "id": 778,
        "kml_id": 34431,
        "tension": "13.2",
        "n_distribu": "SALIDA VILLA DEL CARMEN",
        "localidad": "FORMOSA",
        "material": "AL/AL",
        "seccion": "50",
        "depto": "FORMOSA",
        "length_km": 0.0791,
        "num_points": 2
      }
    },
    {
      "type": "Feature",
      "geometry": {
        "type": "LineString",
        "coordinates": [
          [
            -58.1711141776246,
            -26.1648477689965
          ],
          [
            -58.1711005520538,
            -26.1648811344881
          ],
          [
            -58.1711595251413,
            -26.1648951771524
          ]
        ]
      },
      "properties": {
        "id": 779,
        "kml_id": 34459,
        "tension": "13.2",
        "n_distribu": "007",
        "localidad": "FORMOSA",
        "material": null,
        "seccion": null,
        "depto": "FORMOSA",
        "length_km": 0.01,
        "num_points": 3
      }
    },
    {
      "type": "Feature",
      "geometry": {
        "type": "LineString",
        "coordinates": [
          [
            -58.1762107506151,
            -26.1663161780144
          ],
          [
            -58.1761481203764,
            -26.1664715578554
          ]
        ]
      },
      "properties": {
        "id": 780,
        "kml_id": 34460,
        "tension": "13.2",
        "n_distribu": "006",
        "localidad": "FORMOSA",
        "material": "SUBTERRANEO",
        "seccion": null,
        "depto": "FORMOSA",
        "length_km": 0.0184,
        "num_points": 2
      }
    },
    {
      "type": "Feature",
      "geometry": {
        "type": "LineString",
        "coordinates": [
          [
            -58.1755297099698,
            -26.1760368652422
          ],
          [
            -58.1738195124171,
            -26.175484161803
          ]
        ]
      },
      "properties": {
        "id": 781,
        "kml_id": 34464,
        "tension": "13.2",
        "n_distribu": "010",
        "localidad": "FORMOSA",
        "material": "Al/Al",
        "seccion": "35",
        "depto": "FORMOSA",
        "length_km": 0.1814,
        "num_points": 2
      }
    },
    {
      "type": "Feature",
      "geometry": {
        "type": "LineString",
        "coordinates": [
          [
            -58.1755902108855,
            -26.1682010860119
          ],
          [
            -58.1759260216808,
            -26.1679572745573
          ]
        ]
      },
      "properties": {
        "id": 782,
        "kml_id": 34465,
        "tension": "13.2",
        "n_distribu": "010",
        "localidad": "FORMOSA",
        "material": "AL/AL",
        "seccion": "120",
        "depto": "FORMOSA",
        "length_km": 0.0431,
        "num_points": 2
      }
    },
    {
      "type": "Feature",
      "geometry": {
        "type": "LineString",
        "coordinates": [
          [
            -58.2297916330909,
            -26.1538996045989
          ],
          [
            -58.2295955079,
            -26.1542092933
          ],
          [
            -58.2203497007,
            -26.1512139959
          ],
          [
            -58.2200210062,
            -26.1510894949
          ],
          [
            -58.1929165946,
            -26.1422761953
          ],
          [
            -58.1922693957,
            -26.141487392
          ],
          [
            -58.1917761648626,
            -26.141135792288
          ]
        ]
      },
      "properties": {
        "id": 783,
        "kml_id": 34503,
        "tension": "33",
        "n_distribu": "ALIMENTADOR 320",
        "localidad": "FORMOSA",
        "material": "AL/AC",
        "seccion": "120/20",
        "depto": "FORMOSA",
        "length_km": 4.1056,
        "num_points": 7
      }
    },
    {
      "type": "Feature",
      "geometry": {
        "type": "LineString",
        "coordinates": [
          [
            -58.2000910560014,
            -26.1794581073737
          ],
          [
            -58.2000910560014,
            -26.1794581073737
          ],
          [
            -58.1996849440915,
            -26.1793256275041
          ]
        ]
      },
      "properties": {
        "id": 784,
        "kml_id": 34470,
        "tension": "13.2",
        "n_distribu": "401",
        "localidad": "FORMOSA",
        "material": "AL/AL",
        "seccion": null,
        "depto": "FORMOSA",
        "length_km": 0.0431,
        "num_points": 3
      }
    },
    {
      "type": "Feature",
      "geometry": {
        "type": "LineString",
        "coordinates": [
          [
            -58.1996438048059,
            -26.1793117322667
          ],
          [
            -58.1988007034855,
            -26.179059663056
          ]
        ]
      },
      "properties": {
        "id": 785,
        "kml_id": 34471,
        "tension": "13.2",
        "n_distribu": "112",
        "localidad": "FORMOSA",
        "material": "Al/Al",
        "seccion": null,
        "depto": "FORMOSA",
        "length_km": 0.0887,
        "num_points": 2
      }
    },
    {
      "type": "Feature",
      "geometry": {
        "type": "LineString",
        "coordinates": [
          [
            -58.1996849440915,
            -26.1793256275041
          ],
          [
            -58.1996609021811,
            -26.179405188017
          ]
        ]
      },
      "properties": {
        "id": 786,
        "kml_id": 34472,
        "tension": "13.2",
        "n_distribu": "401",
        "localidad": "FORMOSA",
        "material": "AL/AL",
        "seccion": null,
        "depto": "FORMOSA",
        "length_km": 0.0092,
        "num_points": 2
      }
    },
    {
      "type": "Feature",
      "geometry": {
        "type": "LineString",
        "coordinates": [
          [
            -58.1996438048059,
            -26.1793117322667
          ],
          [
            -58.1996127186694,
            -26.1793926342638
          ]
        ]
      },
      "properties": {
        "id": 787,
        "kml_id": 34473,
        "tension": "13.2",
        "n_distribu": "112",
        "localidad": "FORMOSA",
        "material": "Al/Al",
        "seccion": null,
        "depto": "FORMOSA",
        "length_km": 0.0095,
        "num_points": 2
      }
    },
    {
      "type": "Feature",
      "geometry": {
        "type": "LineString",
        "coordinates": [
          [
            -58.1966238996394,
            -26.1837549969032
          ],
          [
            -58.196450654129,
            -26.1836802176828
          ]
        ]
      },
      "properties": {
        "id": 788,
        "kml_id": 34474,
        "tension": "13.2",
        "n_distribu": null,
        "localidad": null,
        "material": null,
        "seccion": null,
        "depto": null,
        "length_km": 0.0192,
        "num_points": 2
      }
    },
    {
      "type": "Feature",
      "geometry": {
        "type": "LineString",
        "coordinates": [
          [
            -58.1930323736214,
            -26.1889863940295
          ],
          [
            -58.1933805383508,
            -26.188128466681
          ]
        ]
      },
      "properties": {
        "id": 789,
        "kml_id": 34475,
        "tension": "13.2",
        "n_distribu": null,
        "localidad": null,
        "material": null,
        "seccion": null,
        "depto": null,
        "length_km": 0.1015,
        "num_points": 2
      }
    },
    {
      "type": "Feature",
      "geometry": {
        "type": "LineString",
        "coordinates": [
          [
            -58.1752983875399,
            -26.1691715113088
          ],
          [
            -58.1755047994866,
            -26.1690674454677
          ],
          [
            -58.1759648743076,
            -26.1681646076231
          ],
          [
            -58.1763776982011,
            -26.1670262854209
          ]
        ]
      },
      "properties": {
        "id": 790,
        "kml_id": 34477,
        "tension": "13.2",
        "n_distribu": "002",
        "localidad": "FORMOSA",
        "material": null,
        "seccion": null,
        "depto": "FORMOSA",
        "length_km": 0.2671,
        "num_points": 4
      }
    },
    {
      "type": "Feature",
      "geometry": {
        "type": "LineString",
        "coordinates": [
          [
            -58.1752937246194,
            -26.1691874141235
          ],
          [
            -58.1755184773867,
            -26.1690808373237
          ],
          [
            -58.1759947169987,
            -26.1681651656215
          ],
          [
            -58.1763926195466,
            -26.1670346554777
          ]
        ]
      },
      "properties": {
        "id": 791,
        "kml_id": 34478,
        "tension": "13.2",
        "n_distribu": "001",
        "localidad": "FORMOSA",
        "material": null,
        "seccion": null,
        "depto": "FORMOSA",
        "length_km": 0.2696,
        "num_points": 4
      }
    },
    {
      "type": "Feature",
      "geometry": {
        "type": "LineString",
        "coordinates": [
          [
            -58.1979628814966,
            -26.1832932452459
          ],
          [
            -58.1979361682638,
            -26.1832512966082
          ],
          [
            -58.1980873899025,
            -26.1828912639917
          ]
        ]
      },
      "properties": {
        "id": 792,
        "kml_id": 34479,
        "tension": "13.2",
        "n_distribu": "401",
        "localidad": "FORMOSA",
        "material": "COBRE",
        "seccion": "3x35+1x35mm",
        "depto": "FORMOSA",
        "length_km": 0.0482,
        "num_points": 3
      }
    },
    {
      "type": "Feature",
      "geometry": {
        "type": "LineString",
        "coordinates": [
          [
            -58.1910941627,
            -26.1830259854
          ],
          [
            -58.1916544766839,
            -26.1829784082931
          ],
          [
            -58.192391072404,
            -26.1831784774168
          ],
          [
            -58.1928435214072,
            -26.1834197367856
          ]
        ]
      },
      "properties": {
        "id": 793,
        "kml_id": 34480,
        "tension": "13.2",
        "n_distribu": "402",
        "localidad": "FORMOSA",
        "material": "AL/AL",
        "seccion": "70",
        "depto": "FORMOSA",
        "length_km": 0.1855,
        "num_points": 4
      }
    },
    {
      "type": "Feature",
      "geometry": {
        "type": "LineString",
        "coordinates": [
          [
            -58.2189741133667,
            -26.1811921325696
          ],
          [
            -58.2196794917137,
            -26.1813879691283
          ]
        ]
      },
      "properties": {
        "id": 794,
        "kml_id": 34481,
        "tension": "13.2",
        "n_distribu": "106",
        "localidad": "FORMOSA",
        "material": "Al/Al",
        "seccion": "35",
        "depto": "FORMOSA",
        "length_km": 0.0737,
        "num_points": 2
      }
    },
    {
      "type": "Feature",
      "geometry": {
        "type": "LineString",
        "coordinates": [
          [
            -58.2047223124642,
            -26.2048125172831
          ],
          [
            -58.2046820094132,
            -26.2049033757473
          ]
        ]
      },
      "properties": {
        "id": 795,
        "kml_id": 34482,
        "tension": "13.2",
        "n_distribu": "702",
        "localidad": "FORMOSA",
        "material": null,
        "seccion": null,
        "depto": "FORMOSA",
        "length_km": 0.0109,
        "num_points": 2
      }
    },
    {
      "type": "Feature",
      "geometry": {
        "type": "LineString",
        "coordinates": [
          [
            -58.2459550056392,
            -26.2772316009799
          ],
          [
            -58.2477094294717,
            -26.2730609130945
          ]
        ]
      },
      "properties": {
        "id": 796,
        "kml_id": 34484,
        "tension": "13.2",
        "n_distribu": "SALIDA TRES MARIAS",
        "localidad": "FORMOSA",
        "material": "AL/AL",
        "seccion": null,
        "depto": "FORMOSA",
        "length_km": 0.4957,
        "num_points": 2
      }
    },
    {
      "type": "Feature",
      "geometry": {
        "type": "LineString",
        "coordinates": [
          [
            -58.1783531885572,
            -26.1284230195533
          ],
          [
            -58.178614599883,
            -26.1278041963545
          ],
          [
            -58.1771427721146,
            -26.1273088178591
          ],
          [
            -58.1790412047051,
            -26.1226216072546
          ]
        ]
      },
      "properties": {
        "id": 797,
        "kml_id": 34486,
        "tension": "13.2",
        "n_distribu": "023",
        "localidad": "FORMOSA",
        "material": "AL/AL",
        "seccion": null,
        "depto": "FORMOSA",
        "length_km": 0.7851,
        "num_points": 4
      }
    },
    {
      "type": "Feature",
      "geometry": {
        "type": "LineString",
        "coordinates": [
          [
            -58.1618723422108,
            -26.1318188914484
          ],
          [
            -58.1618756941673,
            -26.1318104880113
          ]
        ]
      },
      "properties": {
        "id": 798,
        "kml_id": 34489,
        "tension": "33",
        "n_distribu": "ALIMENTADOR 307",
        "localidad": "FORMOSA",
        "material": "AL/AC",
        "seccion": "95/15",
        "depto": "FORMOSA",
        "length_km": 0.001,
        "num_points": 2
      }
    },
    {
      "type": "Feature",
      "geometry": {
        "type": "LineString",
        "coordinates": [
          [
            -58.1618756941673,
            -26.1318104880113
          ],
          [
            -58.1619464289554,
            -26.1316331541615
          ]
        ]
      },
      "properties": {
        "id": 799,
        "kml_id": 34490,
        "tension": "33",
        "n_distribu": "ALIMENTADOR 307",
        "localidad": "FORMOSA",
        "material": "AL/AC",
        "seccion": "95/15",
        "depto": "FORMOSA",
        "length_km": 0.0209,
        "num_points": 2
      }
    },
    {
      "type": "Feature",
      "geometry": {
        "type": "LineString",
        "coordinates": [
          [
            -58.1735878127088,
            -26.1354018720807
          ],
          [
            -58.1618672549054,
            -26.1318588668777
          ],
          [
            -58.1611193454864,
            -26.131812559267
          ],
          [
            -58.1540387064866,
            -26.1296221883094
          ],
          [
            -58.1525993632897,
            -26.1291899071573
          ],
          [
            -58.1525893096126,
            -26.1291868877084
          ],
          [
            -58.1518040047226,
            -26.1291683642425
          ],
          [
            -58.1494158525777,
            -26.1291405790383
          ],
          [
            -58.1493101136598,
            -26.1294878936162
          ],
          [
            -58.149957442157,
            -26.1296893355982
          ],
          [
            -58.149978074141,
            -26.1296407117033
          ]
        ]
      },
      "properties": {
        "id": 800,
        "kml_id": 34492,
        "tension": "13.2",
        "n_distribu": "SALIDA 24",
        "localidad": "FORMOSA",
        "material": "AL/AL",
        "seccion": null,
        "depto": "FORMOSA",
        "length_km": 2.6407,
        "num_points": 11
      }
    },
    {
      "type": "Feature",
      "geometry": {
        "type": "LineString",
        "coordinates": [
          [
            -58.1525993632897,
            -26.1291899071573
          ],
          [
            -58.1519780870873,
            -26.1307775793777
          ],
          [
            -58.1509155399127,
            -26.1337018948742
          ],
          [
            -58.1494970910146,
            -26.1376193904235
          ],
          [
            -58.1478645852827,
            -26.1421086046188
          ],
          [
            -58.146222955691,
            -26.1466817456833
          ],
          [
            -58.146222955691,
            -26.1466817456833
          ]
        ]
      },
      "properties": {
        "id": 801,
        "kml_id": 34493,
        "tension": "13.2",
        "n_distribu": "SALIDA 24",
        "localidad": "FORMOSA",
        "material": "AL/AL",
        "seccion": null,
        "depto": "FORMOSA",
        "length_km": 2.0466,
        "num_points": 7
      }
    },
    {
      "type": "Feature",
      "geometry": {
        "type": "LineString",
        "coordinates": [
          [
            -58.146222955691,
            -26.1466817456833
          ],
          [
            -58.146122472136,
            -26.1469339122047
          ],
          [
            -58.1547168043293,
            -26.1497607656419
          ],
          [
            -58.1548162743826,
            -26.1494741073315
          ],
          [
            -58.1549864882504,
            -26.1490411957797
          ],
          [
            -58.1550432262063,
            -26.1490620311318
          ]
        ]
      },
      "properties": {
        "id": 802,
        "kml_id": 34494,
        "tension": "13.2",
        "n_distribu": "SALIDA 24",
        "localidad": "FORMOSA",
        "material": "AL/AL",
        "seccion": null,
        "depto": "FORMOSA",
        "length_km": 1.0339,
        "num_points": 6
      }
    },
    {
      "type": "Feature",
      "geometry": {
        "type": "LineString",
        "coordinates": [
          [
            -58.146222955691,
            -26.1466817456833
          ],
          [
            -58.145983058116,
            -26.1467103348053
          ]
        ]
      },
      "properties": {
        "id": 803,
        "kml_id": 34495,
        "tension": "13.2",
        "n_distribu": "SALIDA 24",
        "localidad": "FORMOSA",
        "material": "AL/AL",
        "seccion": null,
        "depto": "FORMOSA",
        "length_km": 0.0242,
        "num_points": 2
      }
    },
    {
      "type": "Feature",
      "geometry": {
        "type": "LineString",
        "coordinates": [
          [
            -58.145983058116,
            -26.1467103348053
          ],
          [
            -58.145983058116,
            -26.1467103348053
          ],
          [
            -58.1438685265311,
            -26.1460900638188
          ],
          [
            -58.1438685265311,
            -26.1460900638188
          ]
        ]
      },
      "properties": {
        "id": 804,
        "kml_id": 34496,
        "tension": "13.2",
        "n_distribu": "SALIDA 24",
        "localidad": "FORMOSA",
        "material": "AL/AL",
        "seccion": null,
        "depto": "FORMOSA",
        "length_km": 0.222,
        "num_points": 4
      }
    },
    {
      "type": "Feature",
      "geometry": {
        "type": "LineString",
        "coordinates": [
          [
            -58.1459844957431,
            -26.1467020180143
          ],
          [
            -58.1438511707715,
            -26.1460638681194
          ],
          [
            -58.1438511707715,
            -26.1460638681194
          ]
        ]
      },
      "properties": {
        "id": 805,
        "kml_id": 34497,
        "tension": "13.2",
        "n_distribu": "SALIDA 24",
        "localidad": "FORMOSA",
        "material": "AL/AL",
        "seccion": null,
        "depto": "FORMOSA",
        "length_km": 0.2245,
        "num_points": 3
      }
    },
    {
      "type": "Feature",
      "geometry": {
        "type": "LineString",
        "coordinates": [
          [
            -58.1437589735525,
            -26.146302302288
          ],
          [
            -58.1437589735525,
            -26.146302302288
          ],
          [
            -58.1358039727901,
            -26.1439472907191
          ],
          [
            -58.1337854770247,
            -26.1440067126401
          ],
          [
            -58.13279170313,
            -26.1443678737952
          ],
          [
            -58.1287650275912,
            -26.1458094204361
          ],
          [
            -58.1274411419529,
            -26.1468620160518
          ],
          [
            -58.1263063828344,
            -26.1484424350436
          ],
          [
            -58.1240127939493,
            -26.151612468775
          ],
          [
            -58.1237480168217,
            -26.1528239730404
          ]
        ]
      },
      "properties": {
        "id": 806,
        "kml_id": 34498,
        "tension": "13.2",
        "n_distribu": "SALIDA 24",
        "localidad": "FORMOSA",
        "material": "AL/AL",
        "seccion": null,
        "depto": "FORMOSA",
        "length_km": 2.5206,
        "num_points": 10
      }
    },
    {
      "type": "Feature",
      "geometry": {
        "type": "LineString",
        "coordinates": [
          [
            -58.1237686488056,
            -26.1528301462783
          ],
          [
            -58.1240334259333,
            -26.1516217287279
          ],
          [
            -58.1263235761543,
            -26.1484501518807
          ],
          [
            -58.1274566159409,
            -26.1468789933227
          ],
          [
            -58.1287805015792,
            -26.1458217676538
          ],
          [
            -58.1337803190287,
            -26.1440429831485
          ],
          [
            -58.1358099904521,
            -26.1439827895327
          ],
          [
            -58.1437771600133,
            -26.1463291600002
          ]
        ]
      },
      "properties": {
        "id": 807,
        "kml_id": 34499,
        "tension": "13.2",
        "n_distribu": "SALIDA 24",
        "localidad": "FORMOSA",
        "material": "AL/AL",
        "seccion": null,
        "depto": "FORMOSA",
        "length_km": 2.5187,
        "num_points": 8
      }
    },
    {
      "type": "Feature",
      "geometry": {
        "type": "LineString",
        "coordinates": [
          [
            -58.1438685265311,
            -26.1460900638188
          ],
          [
            -58.1437771600133,
            -26.1463291600002
          ]
        ]
      },
      "properties": {
        "id": 808,
        "kml_id": 34500,
        "tension": "13.2",
        "n_distribu": "SALIDA 24",
        "localidad": "FORMOSA",
        "material": null,
        "seccion": null,
        "depto": "FORMOSA",
        "length_km": 0.0281,
        "num_points": 2
      }
    },
    {
      "type": "Feature",
      "geometry": {
        "type": "LineString",
        "coordinates": [
          [
            -58.1438511707715,
            -26.1460638681194
          ],
          [
            -58.1437589735525,
            -26.146302302288
          ]
        ]
      },
      "properties": {
        "id": 809,
        "kml_id": 34501,
        "tension": "13.2",
        "n_distribu": "SALIDA 24",
        "localidad": "FORMOSA",
        "material": null,
        "seccion": null,
        "depto": "FORMOSA",
        "length_km": 0.0281,
        "num_points": 2
      }
    },
    {
      "type": "Feature",
      "geometry": {
        "type": "LineString",
        "coordinates": [
          [
            -58.1915502308188,
            -26.1410529160876
          ],
          [
            -58.1915791411851,
            -26.1410536868117
          ],
          [
            -58.1917408704475,
            -26.1410579983671
          ],
          [
            -58.1935112908219,
            -26.1367537088649
          ],
          [
            -58.1941916750885,
            -26.1369715963062
          ]
        ]
      },
      "properties": {
        "id": 810,
        "kml_id": 34505,
        "tension": "13.2",
        "n_distribu": "SALIDA 24",
        "localidad": "FORMOSA",
        "material": "AL/AL",
        "seccion": null,
        "depto": "FORMOSA",
        "length_km": 0.6014,
        "num_points": 5
      }
    },
    {
      "type": "Feature",
      "geometry": {
        "type": "LineString",
        "coordinates": [
          [
            -58.2115910813848,
            -26.1657579226366
          ],
          [
            -58.2137546764888,
            -26.1665237886714
          ]
        ]
      },
      "properties": {
        "id": 811,
        "kml_id": 34466,
        "tension": "13.2",
        "n_distribu": "1101",
        "localidad": "FORMOSA",
        "material": null,
        "seccion": null,
        "depto": "FORMOSA",
        "length_km": 0.2321,
        "num_points": 2
      }
    },
    {
      "type": "Feature",
      "geometry": {
        "type": "LineString",
        "coordinates": [
          [
            -58.2153633010865,
            -26.1694617215909
          ],
          [
            -58.2161561777025,
            -26.167491898501
          ],
          [
            -58.2170920994352,
            -26.1651585367977
          ],
          [
            -58.2160116353916,
            -26.1648196148628
          ]
        ]
      },
      "properties": {
        "id": 812,
        "kml_id": 34467,
        "tension": "13.2",
        "n_distribu": "1101",
        "localidad": "FORMOSA",
        "material": null,
        "seccion": null,
        "depto": null,
        "length_km": 0.6229,
        "num_points": 4
      }
    },
    {
      "type": "Feature",
      "geometry": {
        "type": "LineString",
        "coordinates": [
          [
            -58.2163566246032,
            -26.1205678382665
          ],
          [
            -58.2177203983173,
            -26.1172888202535
          ]
        ]
      },
      "properties": {
        "id": 813,
        "kml_id": 34506,
        "tension": "13.2",
        "n_distribu": "22",
        "localidad": "FORMOSA",
        "material": "AL/AL",
        "seccion": "35",
        "depto": "FORMOSA",
        "length_km": 0.3892,
        "num_points": 2
      }
    },
    {
      "type": "Feature",
      "geometry": {
        "type": "LineString",
        "coordinates": [
          [
            -58.217348684417,
            -26.1183716658193
          ],
          [
            -58.2161601187383,
            -26.1179804739683
          ]
        ]
      },
      "properties": {
        "id": 814,
        "kml_id": 34507,
        "tension": "13.2",
        "n_distribu": "22",
        "localidad": "FORMOSA",
        "material": "AL/AL",
        "seccion": "35",
        "depto": "FORMOSA",
        "length_km": 0.1264,
        "num_points": 2
      }
    },
    {
      "type": "Feature",
      "geometry": {
        "type": "LineString",
        "coordinates": [
          [
            -58.1640472630672,
            -26.1790162008385
          ],
          [
            -58.1640931329588,
            -26.1791125844743
          ],
          [
            -58.1646035993063,
            -26.1793051166989
          ],
          [
            -58.1647580137159,
            -26.1789189316737
          ]
        ]
      },
      "properties": {
        "id": 815,
        "kml_id": 34508,
        "tension": "13.2",
        "n_distribu": "008",
        "localidad": "FORMOSA",
        "material": "ALUMINIO",
        "seccion": "3x70",
        "depto": "FORMOSA",
        "length_km": 0.1125,
        "num_points": 4
      }
    },
    {
      "type": "Feature",
      "geometry": {
        "type": "LineString",
        "coordinates": [
          [
            -58.2875602800916,
            -26.0742248135224
          ],
          [
            -58.2871572806469,
            -26.0734322479478
          ]
        ]
      },
      "properties": {
        "id": 816,
        "kml_id": 34515,
        "tension": "13.2",
        "n_distribu": "SAL POLO CIENTIFICO",
        "localidad": "FORMOSA",
        "material": "AL/AL",
        "seccion": "35",
        "depto": "FORMOSA",
        "length_km": 0.0969,
        "num_points": 2
      }
    },
    {
      "type": "Feature",
      "geometry": {
        "type": "LineString",
        "coordinates": [
          [
            -58.202931772,
            -26.1643070522
          ],
          [
            -58.2033822055509,
            -26.1631811435398
          ],
          [
            -58.2032161269779,
            -26.1623966015426
          ]
        ]
      },
      "properties": {
        "id": 817,
        "kml_id": 34516,
        "tension": "13.2",
        "n_distribu": "105",
        "localidad": null,
        "material": null,
        "seccion": null,
        "depto": null,
        "length_km": 0.2218,
        "num_points": 3
      }
    },
    {
      "type": "Feature",
      "geometry": {
        "type": "LineString",
        "coordinates": [
          [
            -58.2127373920025,
            -26.2246727803457
          ],
          [
            -58.2119257332,
            -26.2268221146
          ],
          [
            -58.2115660334215,
            -26.2271411971481
          ],
          [
            -58.211276560687,
            -26.2280016482123
          ]
        ]
      },
      "properties": {
        "id": 818,
        "kml_id": 34518,
        "tension": "13.2",
        "n_distribu": "704",
        "localidad": "FORMOSA",
        "material": "AL/AL",
        "seccion": "70",
        "depto": "FORMOSA",
        "length_km": 0.4027,
        "num_points": 4
      }
    },
    {
      "type": "Feature",
      "geometry": {
        "type": "LineString",
        "coordinates": [
          [
            -58.1715246822551,
            -26.1654129138806
          ],
          [
            -58.171805782,
            -26.1646868361
          ]
        ]
      },
      "properties": {
        "id": 819,
        "kml_id": 34520,
        "tension": "13.2",
        "n_distribu": "008",
        "localidad": "FORMOSA",
        "material": "AL/AL",
        "seccion": "95",
        "depto": "FORMOSA",
        "length_km": 0.0855,
        "num_points": 2
      }
    },
    {
      "type": "Feature",
      "geometry": {
        "type": "LineString",
        "coordinates": [
          [
            -58.1675886382152,
            -26.169704686985
          ],
          [
            -58.1670924329649,
            -26.1697111393844
          ]
        ]
      },
      "properties": {
        "id": 820,
        "kml_id": 34521,
        "tension": "13.2",
        "n_distribu": "008",
        "localidad": "FORMOSA",
        "material": "AL/AL",
        "seccion": "50",
        "depto": "FORMOSA",
        "length_km": 0.0495,
        "num_points": 2
      }
    },
    {
      "type": "Feature",
      "geometry": {
        "type": "LineString",
        "coordinates": [
          [
            -58.1700197832293,
            -26.1734878266588
          ],
          [
            -58.168120997,
            -26.1781869988
          ]
        ]
      },
      "properties": {
        "id": 821,
        "kml_id": 34522,
        "tension": "13.2",
        "n_distribu": "008",
        "localidad": "FORMOSA",
        "material": "AL/AL",
        "seccion": "95",
        "depto": "FORMOSA",
        "length_km": 0.5558,
        "num_points": 2
      }
    },
    {
      "type": "Feature",
      "geometry": {
        "type": "LineString",
        "coordinates": [
          [
            -58.1645043679944,
            -26.1777993881314
          ],
          [
            -58.1635202925718,
            -26.176768807249
          ],
          [
            -58.1626468852216,
            -26.1762067626558
          ],
          [
            -58.1600603836648,
            -26.1753246523039
          ],
          [
            -58.160041819395,
            -26.1753176419794
          ],
          [
            -58.1594325311186,
            -26.1752568858703
          ],
          [
            -58.1581959015798,
            -26.1752204321897
          ],
          [
            -58.157821302121,
            -26.1752285330086
          ],
          [
            -58.1575595338244,
            -26.1750948694248
          ],
          [
            -58.1573790039648,
            -26.1747060290366
          ],
          [
            -58.1571759078726,
            -26.1743293386738
          ],
          [
            -58.1532584099175,
            -26.1729967361149
          ],
          [
            -58.151583995469,
            -26.1729764836789
          ],
          [
            -58.1509747071925,
            -26.1730088875749
          ],
          [
            -58.1508077170723,
            -26.1728833224278
          ],
          [
            -58.1505278957898,
            -26.1722595451765
          ],
          [
            -58.1494943623431,
            -26.1718625942788
          ],
          [
            -58.1491197628843,
            -26.1718058868974
          ],
          [
            -58.1484371343524,
            -26.171780064777
          ],
          [
            -58.1478774917874,
            -26.1719258837344
          ],
          [
            -58.1467130741924,
            -26.1725699152812
          ],
          [
            -58.1465280310863,
            -26.1726711777794
          ],
          [
            -58.1456795407458,
            -26.1724402991552
          ],
          [
            -58.1454042327097,
            -26.1724119456085
          ],
          [
            -58.1452056498641,
            -26.1725051072363
          ],
          [
            -58.144957421307,
            -26.1731086307606
          ]
        ]
      },
      "properties": {
        "id": 822,
        "kml_id": 34523,
        "tension": "13.2",
        "n_distribu": "008",
        "localidad": "FORMOSA",
        "material": "ALUMINIO",
        "seccion": "4x1x25",
        "depto": "FORMOSA",
        "length_km": 2.269,
        "num_points": 26
      }
    },
    {
      "type": "Feature",
      "geometry": {
        "type": "LineString",
        "coordinates": [
          [
            -58.1636183701034,
            -26.1800734354994
          ],
          [
            -58.1634255592687,
            -26.1800318214085
          ]
        ]
      },
      "properties": {
        "id": 823,
        "kml_id": 34524,
        "tension": "13.2",
        "n_distribu": "008",
        "localidad": "FORMOSA",
        "material": "Cu",
        "seccion": "3x50",
        "depto": "FORMOSA",
        "length_km": 0.0198,
        "num_points": 2
      }
    },
    {
      "type": "Feature",
      "geometry": {
        "type": "LineString",
        "coordinates": [
          [
            -58.1668681467921,
            -26.1747377200735
          ],
          [
            -58.1670833002113,
            -26.1742046008444
          ]
        ]
      },
      "properties": {
        "id": 824,
        "kml_id": 34525,
        "tension": "13.2",
        "n_distribu": "008",
        "localidad": "FORMOSA",
        "material": "AL/AL",
        "seccion": "50",
        "depto": "FORMOSA",
        "length_km": 0.063,
        "num_points": 2
      }
    },
    {
      "type": "Feature",
      "geometry": {
        "type": "LineString",
        "coordinates": [
          [
            -58.1670833002113,
            -26.1742046008444
          ],
          [
            -58.1669776762563,
            -26.1741683503619
          ]
        ]
      },
      "properties": {
        "id": 825,
        "kml_id": 34526,
        "tension": "13.2",
        "n_distribu": "008",
        "localidad": "FORMOSA",
        "material": "AL",
        "seccion": "50",
        "depto": "FORMOSA",
        "length_km": 0.0113,
        "num_points": 2
      }
    },
    {
      "type": "Feature",
      "geometry": {
        "type": "LineString",
        "coordinates": [
          [
            -58.1670755967434,
            -26.1742236889299
          ],
          [
            -58.1669776762563,
            -26.1741683503619
          ]
        ]
      },
      "properties": {
        "id": 826,
        "kml_id": 34527,
        "tension": "13.2",
        "n_distribu": "008",
        "localidad": "FORMOSA",
        "material": "AL",
        "seccion": "50",
        "depto": "FORMOSA",
        "length_km": 0.0115,
        "num_points": 2
      }
    },
    {
      "type": "Feature",
      "geometry": {
        "type": "LineString",
        "coordinates": [
          [
            -58.174219413778,
            -26.1782280094714
          ],
          [
            -58.1723154633602,
            -26.1776034461099
          ]
        ]
      },
      "properties": {
        "id": 827,
        "kml_id": 34533,
        "tension": "13.2",
        "n_distribu": "010",
        "localidad": "FORMOSA",
        "material": "AL/AL",
        "seccion": "50",
        "depto": "FORMOSA",
        "length_km": 0.2023,
        "num_points": 2
      }
    },
    {
      "type": "Feature",
      "geometry": {
        "type": "LineString",
        "coordinates": [
          [
            -58.1716995951055,
            -26.169048615104
          ],
          [
            -58.1705196745435,
            -26.17199009702
          ]
        ]
      },
      "properties": {
        "id": 828,
        "kml_id": 34534,
        "tension": "13.2",
        "n_distribu": "010",
        "localidad": "FORMOSA",
        "material": "AL/AL",
        "seccion": "95",
        "depto": "FORMOSA",
        "length_km": 0.3476,
        "num_points": 2
      }
    },
    {
      "type": "Feature",
      "geometry": {
        "type": "LineString",
        "coordinates": [
          [
            -58.1759260216808,
            -26.1679572745573
          ],
          [
            -58.1762006533859,
            -26.1674336583726
          ],
          [
            -58.1763106153266,
            -26.1672998231158
          ],
          [
            -58.1764162366643,
            -26.1670426423928
          ],
          [
            -58.1765044955904,
            -26.1670737500471
          ]
        ]
      },
      "properties": {
        "id": 829,
        "kml_id": 34535,
        "tension": "13.2",
        "n_distribu": "010",
        "localidad": "FORMOSA",
        "material": "AL",
        "seccion": "3x120",
        "depto": "FORMOSA",
        "length_km": 0.1228,
        "num_points": 5
      }
    },
    {
      "type": "Feature",
      "geometry": {
        "type": "LineString",
        "coordinates": [
          [
            -58.2262033942653,
            -26.1904591100002
          ],
          [
            -58.2288304771986,
            -26.1839149812509
          ],
          [
            -58.2289265063397,
            -26.1832890770272
          ],
          [
            -58.2295052533958,
            -26.1817869068904
          ]
        ]
      },
      "properties": {
        "id": 830,
        "kml_id": 34536,
        "tension": "33",
        "n_distribu": "ALIMENTADOR 332",
        "localidad": "FORMOSA",
        "material": "AL",
        "seccion": "95/15",
        "depto": "FORMOSA",
        "length_km": 1.0204,
        "num_points": 4
      }
    },
    {
      "type": "Feature",
      "geometry": {
        "type": "LineString",
        "coordinates": [
          [
            -58.2295052533958,
            -26.1817869068904
          ],
          [
            -58.2297710483401,
            -26.1813256240516
          ]
        ]
      },
      "properties": {
        "id": 831,
        "kml_id": 34537,
        "tension": "33",
        "n_distribu": "ALIMENTADOR 332",
        "localidad": "FORMOSA",
        "material": "ALUMINIO",
        "seccion": "95",
        "depto": "FORMOSA",
        "length_km": 0.0577,
        "num_points": 2
      }
    },
    {
      "type": "Feature",
      "geometry": {
        "type": "LineString",
        "coordinates": [
          [
            -58.1681581796191,
            -26.1880438902708
          ],
          [
            -58.1678595149321,
            -26.1879754803311
          ],
          [
            -58.1649323959989,
            -26.1869928704809
          ]
        ]
      },
      "properties": {
        "id": 832,
        "kml_id": 34548,
        "tension": "33",
        "n_distribu": "ALIMENTADOR 305",
        "localidad": "FORMOSA",
        "material": "AL",
        "seccion": "150",
        "depto": "FORMOSA",
        "length_km": 0.3426,
        "num_points": 3
      }
    },
    {
      "type": "Feature",
      "geometry": {
        "type": "LineString",
        "coordinates": [
          [
            -58.1763222951,
            -26.1668682519
          ],
          [
            -58.1756209875232,
            -26.169137915542
          ]
        ]
      },
      "properties": {
        "id": 833,
        "kml_id": 34549,
        "tension": "33",
        "n_distribu": "ALIMENTADOR CD 1 - CD 3",
        "localidad": "FORMOSA",
        "material": "AL",
        "seccion": "150",
        "depto": "FORMOSA",
        "length_km": 0.2619,
        "num_points": 2
      }
    },
    {
      "type": "Feature",
      "geometry": {
        "type": "LineString",
        "coordinates": [
          [
            -58.2297913293868,
            -26.1538989971907
          ],
          [
            -58.2297714093375,
            -26.1539547798371
          ]
        ]
      },
      "properties": {
        "id": 834,
        "kml_id": 34579,
        "tension": "33",
        "n_distribu": "ALIMENTADOR 320",
        "localidad": "FORMOSA",
        "material": "AL/AC",
        "seccion": "95/15",
        "depto": "FORMOSA",
        "length_km": 0.0065,
        "num_points": 2
      }
    },
    {
      "type": "Feature",
      "geometry": {
        "type": "LineString",
        "coordinates": [
          [
            -58.1681530352008,
            -26.1880561797144
          ],
          [
            -58.1678590415739,
            -26.1879768289546
          ],
          [
            -58.1649318775034,
            -26.186994229382
          ]
        ]
      },
      "properties": {
        "id": 835,
        "kml_id": 34551,
        "tension": "33",
        "n_distribu": "ALIMENTADOR CD3 - CD7",
        "localidad": "FORMOSA",
        "material": "AL",
        "seccion": "150",
        "depto": "FORMOSA",
        "length_km": 0.3425,
        "num_points": 3
      }
    },
    {
      "type": "Feature",
      "geometry": {
        "type": "LineString",
        "coordinates": [
          [
            -58.1678596177295,
            -26.1879731413172
          ],
          [
            -58.1649331895795,
            -26.1869907906214
          ]
        ]
      },
      "properties": {
        "id": 836,
        "kml_id": 34552,
        "tension": "33",
        "n_distribu": "ALIMENTADOR CD 1 - CD 3",
        "localidad": "FORMOSA",
        "material": "AL",
        "seccion": "150",
        "depto": "FORMOSA",
        "length_km": 0.3118,
        "num_points": 2
      }
    },
    {
      "type": "Feature",
      "geometry": {
        "type": "LineString",
        "coordinates": [
          [
            -58.214659166093,
            -26.186187161299
          ],
          [
            -58.2097385016609,
            -26.1775306249203
          ],
          [
            -58.2097248459756,
            -26.1775016065889
          ],
          [
            -58.2096766243366,
            -26.1774853904625
          ],
          [
            -58.2096578477692,
            -26.1774798428403
          ]
        ]
      },
      "properties": {
        "id": 837,
        "kml_id": 34565,
        "tension": "33",
        "n_distribu": "ALIMENTADOR 306",
        "localidad": "FORMOSA",
        "material": "AL/AC",
        "seccion": "95/15",
        "depto": "FORMOSA",
        "length_km": 1.0912,
        "num_points": 5
      }
    },
    {
      "type": "Feature",
      "geometry": {
        "type": "LineString",
        "coordinates": [
          [
            -58.1678547170889,
            -26.1879773920203
          ],
          [
            -58.1649311954349,
            -26.1869960169844
          ]
        ]
      },
      "properties": {
        "id": 838,
        "kml_id": 34553,
        "tension": "33",
        "n_distribu": "ALIMENTADOR 307",
        "localidad": "FORMOSA",
        "material": "AL",
        "seccion": "150",
        "depto": "FORMOSA",
        "length_km": 0.3115,
        "num_points": 2
      }
    },
    {
      "type": "Feature",
      "geometry": {
        "type": "LineString",
        "coordinates": [
          [
            -58.2099613377143,
            -26.2065082330212
          ],
          [
            -58.2108350569606,
            -26.2043306039535
          ],
          [
            -58.2107909670034,
            -26.2041139732594
          ],
          [
            -58.184889691793,
            -26.1957324106092
          ],
          [
            -58.1847028343553,
            -26.1955242414048
          ],
          [
            -58.1854307783193,
            -26.1937135393587
          ],
          [
            -58.1681530352008,
            -26.1880561797144
          ]
        ]
      },
      "properties": {
        "id": 839,
        "kml_id": 34554,
        "tension": "33",
        "n_distribu": "ALIMENTADOR CD3 - CD7",
        "localidad": "FORMOSA",
        "material": "AL",
        "seccion": "150",
        "depto": "FORMOSA",
        "length_km": 5.1078,
        "num_points": 7
      }
    },
    {
      "type": "Feature",
      "geometry": {
        "type": "LineString",
        "coordinates": [
          [
            -58.3448368170136,
            -26.3964703217811
          ],
          [
            -58.3438661951,
            -26.3952484033
          ],
          [
            -58.3412651015,
            -26.3843966987
          ],
          [
            -58.2845072558476,
            -26.2868747318736
          ]
        ]
      },
      "properties": {
        "id": 840,
        "kml_id": 34564,
        "tension": "33",
        "n_distribu": "ALIMENTADOR 330",
        "localidad": "TATANE",
        "material": "AL/AC",
        "seccion": "95/15",
        "depto": "MISION LAISHI",
        "length_km": 13.6313,
        "num_points": 4
      }
    },
    {
      "type": "Feature",
      "geometry": {
        "type": "LineString",
        "coordinates": [
          [
            -58.1854114726603,
            -26.1936858427854
          ],
          [
            -58.1854404972758,
            -26.1936870410493
          ],
          [
            -58.190139395768,
            -26.1819602909359
          ],
          [
            -58.190139395768,
            -26.1819602909359
          ]
        ]
      },
      "properties": {
        "id": 841,
        "kml_id": 34577,
        "tension": "33",
        "n_distribu": "ALIMENTADOR 305",
        "localidad": "FORMOSA",
        "material": "AL",
        "seccion": "150",
        "depto": "FORMOSA",
        "length_km": 1.3886,
        "num_points": 4
      }
    },
    {
      "type": "Feature",
      "geometry": {
        "type": "LineString",
        "coordinates": [
          [
            -58.1896844130537,
            -26.1830559593139
          ],
          [
            -58.1895475240851,
            -26.18313871352
          ],
          [
            -58.1884942113186,
            -26.1827987742823
          ],
          [
            -58.1885197849214,
            -26.1827414004735
          ]
        ]
      },
      "properties": {
        "id": 842,
        "kml_id": 34578,
        "tension": "33",
        "n_distribu": "ALIMENTADOR 304",
        "localidad": "FORMOSA",
        "material": null,
        "seccion": null,
        "depto": "FORMOSA",
        "length_km": 0.135,
        "num_points": 4
      }
    },
    {
      "type": "Feature",
      "geometry": {
        "type": "LineString",
        "coordinates": [
          [
            -58.2702057516213,
            -26.2689007186275
          ],
          [
            -58.2696934228509,
            -26.269086087725
          ]
        ]
      },
      "properties": {
        "id": 843,
        "kml_id": 34594,
        "tension": "13.2",
        "n_distribu": "SALIDA VILLA DEL CARMEN",
        "localidad": "FORMOSA",
        "material": "AL/AL",
        "seccion": "35",
        "depto": "FORMOSA",
        "length_km": 0.0551,
        "num_points": 2
      }
    },
    {
      "type": "Feature",
      "geometry": {
        "type": "LineString",
        "coordinates": [
          [
            -58.2314554606761,
            -26.1783529955738
          ],
          [
            -58.2313885756868,
            -26.1785082006781
          ]
        ]
      },
      "properties": {
        "id": 844,
        "kml_id": 34595,
        "tension": "13.2",
        "n_distribu": "1101",
        "localidad": null,
        "material": null,
        "seccion": null,
        "depto": null,
        "length_km": 0.0185,
        "num_points": 2
      }
    },
    {
      "type": "Feature",
      "geometry": {
        "type": "LineString",
        "coordinates": [
          [
            -58.231512139119,
            -26.1783792482975
          ],
          [
            -58.2314504777389,
            -26.1785285311973
          ]
        ]
      },
      "properties": {
        "id": 845,
        "kml_id": 34596,
        "tension": "13.2",
        "n_distribu": null,
        "localidad": null,
        "material": null,
        "seccion": null,
        "depto": null,
        "length_km": 0.0177,
        "num_points": 2
      }
    },
    {
      "type": "Feature",
      "geometry": {
        "type": "LineString",
        "coordinates": [
          [
            -58.2313885756868,
            -26.1785082006781
          ],
          [
            -58.2313885756868,
            -26.1785082006781
          ]
        ]
      },
      "properties": {
        "id": 846,
        "kml_id": 34597,
        "tension": "13.2",
        "n_distribu": "105",
        "localidad": "FORMOSA",
        "material": null,
        "seccion": null,
        "depto": "FORMOSA",
        "length_km": 0.0,
        "num_points": 2
      }
    },
    {
      "type": "Feature",
      "geometry": {
        "type": "LineString",
        "coordinates": [
          [
            -58.2313885756868,
            -26.1785082006781
          ],
          [
            -58.2313885756868,
            -26.1785082006781
          ],
          [
            -58.2313885756868,
            -26.1785082006781
          ],
          [
            -58.2216942738076,
            -26.1753242529152
          ]
        ]
      },
      "properties": {
        "id": 847,
        "kml_id": 34598,
        "tension": "13.2",
        "n_distribu": "1101",
        "localidad": "FORMOSA",
        "material": "AL/AL",
        "seccion": null,
        "depto": "FORMOSA",
        "length_km": 1.0301,
        "num_points": 4
      }
    },
    {
      "type": "Feature",
      "geometry": {
        "type": "LineString",
        "coordinates": [
          [
            -58.2299349043156,
            -26.1817821321212
          ],
          [
            -58.2299349043156,
            -26.1817821321212
          ]
        ]
      },
      "properties": {
        "id": 848,
        "kml_id": 34600,
        "tension": "13.2",
        "n_distribu": null,
        "localidad": null,
        "material": null,
        "seccion": null,
        "depto": null,
        "length_km": 0.0,
        "num_points": 2
      }
    },
    {
      "type": "Feature",
      "geometry": {
        "type": "LineString",
        "coordinates": [
          [
            -58.2299349043156,
            -26.1817821321212
          ],
          [
            -58.2299349043156,
            -26.1817821321212
          ],
          [
            -58.2299184229169,
            -26.1818251550282
          ],
          [
            -58.2295231520047,
            -26.1828569621894
          ]
        ]
      },
      "properties": {
        "id": 849,
        "kml_id": 34601,
        "tension": "13.2",
        "n_distribu": "1103",
        "localidad": "FORMOSA",
        "material": null,
        "seccion": null,
        "depto": "FORMOSA",
        "length_km": 0.1264,
        "num_points": 4
      }
    },
    {
      "type": "Feature",
      "geometry": {
        "type": "LineString",
        "coordinates": [
          [
            -58.2300409353649,
            -26.1815053543174
          ],
          [
            -58.2299349043156,
            -26.1817821321212
          ]
        ]
      },
      "properties": {
        "id": 850,
        "kml_id": 34602,
        "tension": "13.2",
        "n_distribu": "1103",
        "localidad": null,
        "material": null,
        "seccion": null,
        "depto": "FORMOSA",
        "length_km": 0.0325,
        "num_points": 2
      }
    },
    {
      "type": "Feature",
      "geometry": {
        "type": "LineString",
        "coordinates": [
          [
            -58.1826352863554,
            -26.1841981078962
          ],
          [
            -58.1823847668886,
            -26.1842328393473
          ]
        ]
      },
      "properties": {
        "id": 851,
        "kml_id": 34572,
        "tension": "33",
        "n_distribu": "ALIMENTADOR 300",
        "localidad": "FORMOSA",
        "material": "AL",
        "seccion": "150",
        "depto": "FORMOSA",
        "length_km": 0.0253,
        "num_points": 2
      }
    },
    {
      "type": "Feature",
      "geometry": {
        "type": "LineString",
        "coordinates": [
          [
            -58.2406790231494,
            -26.1971869258768
          ],
          [
            -58.2398120964427,
            -26.1968218990224
          ]
        ]
      },
      "properties": {
        "id": 852,
        "kml_id": 34568,
        "tension": "33",
        "n_distribu": "ALIMENTADOR 307",
        "localidad": "FORMOSA",
        "material": "AL/AC",
        "seccion": "95/15",
        "depto": "FORMOSA",
        "length_km": 0.0955,
        "num_points": 2
      }
    },
    {
      "type": "Feature",
      "geometry": {
        "type": "LineString",
        "coordinates": [
          [
            -58.1762814693908,
            -26.1839430582402
          ],
          [
            -58.1761238188041,
            -26.1838817496787
          ]
        ]
      },
      "properties": {
        "id": 853,
        "kml_id": 34573,
        "tension": "33",
        "n_distribu": "ALIMENTADOR 300",
        "localidad": "FORMOSA",
        "material": "AL",
        "seccion": "150",
        "depto": "FORMOSA",
        "length_km": 0.0171,
        "num_points": 2
      }
    },
    {
      "type": "Feature",
      "geometry": {
        "type": "LineString",
        "coordinates": [
          [
            -58.2297714093375,
            -26.1539547798371
          ],
          [
            -58.2296176106406,
            -26.1543998052543
          ]
        ]
      },
      "properties": {
        "id": 854,
        "kml_id": 34580,
        "tension": "33",
        "n_distribu": "ALIMENTADOR 320",
        "localidad": "FORMOSA",
        "material": "AL/AC",
        "seccion": "95/15",
        "depto": "FORMOSA",
        "length_km": 0.0518,
        "num_points": 2
      }
    },
    {
      "type": "Feature",
      "geometry": {
        "type": "LineString",
        "coordinates": [
          [
            -58.1935580587,
            -26.1845536618
          ],
          [
            -58.1947106950999,
            -26.1849257149255
          ],
          [
            -58.1948423032155,
            -26.1848632572438
          ]
        ]
      },
      "properties": {
        "id": 855,
        "kml_id": 34630,
        "tension": "13.2",
        "n_distribu": "402",
        "localidad": "FORMOSA",
        "material": "AL",
        "seccion": "70",
        "depto": "FORMOSA",
        "length_km": 0.1371,
        "num_points": 3
      }
    },
    {
      "type": "Feature",
      "geometry": {
        "type": "LineString",
        "coordinates": [
          [
            -58.1915158482,
            -26.1816533648
          ],
          [
            -58.1917200904924,
            -26.1816534551308
          ],
          [
            -58.1922573737541,
            -26.1818318032092
          ],
          [
            -58.1944860754795,
            -26.1825716049721
          ],
          [
            -58.1944965155464,
            -26.1826388902512
          ],
          [
            -58.1942269720019,
            -26.183293003344
          ],
          [
            -58.1943626928711,
            -26.1833849876657
          ]
        ]
      },
      "properties": {
        "id": 856,
        "kml_id": 34631,
        "tension": "13.2",
        "n_distribu": "402",
        "localidad": "FORMOSA",
        "material": "AL",
        "seccion": "70",
        "depto": "FORMOSA",
        "length_km": 0.4167,
        "num_points": 7
      }
    },
    {
      "type": "Feature",
      "geometry": {
        "type": "LineString",
        "coordinates": [
          [
            -58.1843076786123,
            -26.1898511642221
          ],
          [
            -58.1861686679852,
            -26.1904602694508
          ]
        ]
      },
      "properties": {
        "id": 857,
        "kml_id": 34633,
        "tension": "13.2",
        "n_distribu": "80",
        "localidad": "FORMOSA",
        "material": "AL/AL",
        "seccion": "35",
        "depto": "FORMOSA",
        "length_km": 0.1977,
        "num_points": 2
      }
    },
    {
      "type": "Feature",
      "geometry": {
        "type": "LineString",
        "coordinates": [
          [
            -58.3676687395908,
            -26.4023273284968
          ],
          [
            -58.3638216073387,
            -26.3988259454904
          ]
        ]
      },
      "properties": {
        "id": 858,
        "kml_id": 34639,
        "tension": "13.2",
        "n_distribu": "SALIDA RURAL C.D. HERRADURA",
        "localidad": "TATANE",
        "material": "AL/AL",
        "seccion": "25",
        "depto": "LAISHI",
        "length_km": 0.5463,
        "num_points": 2
      }
    },
    {
      "type": "Feature",
      "geometry": {
        "type": "LineString",
        "coordinates": [
          [
            -58.2895298199,
            -26.222355732
          ],
          [
            -58.2929343915968,
            -26.2138808696369
          ]
        ]
      },
      "properties": {
        "id": 859,
        "kml_id": 34730,
        "tension": "13.2",
        "n_distribu": "SALIDA VILLA DEL CARMEN",
        "localidad": "FORMOSA",
        "material": "AL/AL",
        "seccion": "35",
        "depto": "FORMOSA",
        "length_km": 1.0017,
        "num_points": 2
      }
    },
    {
      "type": "Feature",
      "geometry": {
        "type": "LineString",
        "coordinates": [
          [
            -58.2295746468355,
            -26.1776754464123
          ],
          [
            -58.2287879560478,
            -26.1796459078478
          ]
        ]
      },
      "properties": {
        "id": 860,
        "kml_id": 34737,
        "tension": "13.2",
        "n_distribu": "1101",
        "localidad": "FORMOSA",
        "material": "AL/AL",
        "seccion": null,
        "depto": "FORMOSA",
        "length_km": 0.2327,
        "num_points": 2
      }
    },
    {
      "type": "Feature",
      "geometry": {
        "type": "LineString",
        "coordinates": [
          [
            -58.2268564540392,
            -26.1790136778618
          ],
          [
            -58.2276490156537,
            -26.1770484744239
          ]
        ]
      },
      "properties": {
        "id": 861,
        "kml_id": 34738,
        "tension": "13.2",
        "n_distribu": "1101",
        "localidad": "FORMOSA",
        "material": "AL/AL",
        "seccion": null,
        "depto": "FORMOSA",
        "length_km": 0.2324,
        "num_points": 2
      }
    },
    {
      "type": "Feature",
      "geometry": {
        "type": "LineString",
        "coordinates": [
          [
            -58.224218985111,
            -26.1781983595458
          ],
          [
            -58.2250115467255,
            -26.1761909925677
          ]
        ]
      },
      "properties": {
        "id": 862,
        "kml_id": 34739,
        "tension": "13.2",
        "n_distribu": "1101",
        "localidad": "FORMOSA",
        "material": "AL/AL",
        "seccion": null,
        "depto": "FORMOSA",
        "length_km": 0.2368,
        "num_points": 2
      }
    },
    {
      "type": "Feature",
      "geometry": {
        "type": "LineString",
        "coordinates": [
          [
            -58.2222155654744,
            -26.1775740247016
          ],
          [
            -58.2230609645298,
            -26.1755508407102
          ]
        ]
      },
      "properties": {
        "id": 863,
        "kml_id": 34740,
        "tension": "13.2",
        "n_distribu": "1101",
        "localidad": "FORMOSA",
        "material": "AL/AL",
        "seccion": null,
        "depto": "FORMOSA",
        "length_km": 0.2403,
        "num_points": 2
      }
    },
    {
      "type": "Feature",
      "geometry": {
        "type": "LineString",
        "coordinates": [
          [
            -58.1965097754042,
            -26.1804684069799
          ],
          [
            -58.1961373798035,
            -26.1814011002202
          ]
        ]
      },
      "properties": {
        "id": 864,
        "kml_id": 34747,
        "tension": "13.2",
        "n_distribu": "112",
        "localidad": "FORMOSA",
        "material": "AL/AL",
        "seccion": null,
        "depto": "FORMOSA",
        "length_km": 0.1102,
        "num_points": 2
      }
    },
    {
      "type": "Feature",
      "geometry": {
        "type": "LineString",
        "coordinates": [
          [
            -58.281535308239,
            -26.2690564672568
          ],
          [
            -58.2775058185681,
            -26.2677313382957
          ]
        ]
      },
      "properties": {
        "id": 865,
        "kml_id": 34748,
        "tension": "13.2",
        "n_distribu": "SALIDA TRES MARIAS",
        "localidad": "FORMOSA",
        "material": "AL/AL",
        "seccion": null,
        "depto": "FORMOSA",
        "length_km": 0.428,
        "num_points": 2
      }
    },
    {
      "type": "Feature",
      "geometry": {
        "type": "LineString",
        "coordinates": [
          [
            -58.2785508932412,
            -26.0821218542085
          ],
          [
            -58.278587217092,
            -26.0825476781449
          ],
          [
            -58.2785950723452,
            -26.082756555331
          ]
        ]
      },
      "properties": {
        "id": 866,
        "kml_id": 34774,
        "tension": "13.2",
        "n_distribu": "SAL POLO CIENTIFICO",
        "localidad": "FORMOSA",
        "material": "AL/AL",
        "seccion": "70",
        "depto": "FORMOSA",
        "length_km": 0.0707,
        "num_points": 3
      }
    },
    {
      "type": "Feature",
      "geometry": {
        "type": "LineString",
        "coordinates": [
          [
            -58.2784868622578,
            -26.0788009718941
          ],
          [
            -58.2782494813614,
            -26.0787091692191
          ]
        ]
      },
      "properties": {
        "id": 867,
        "kml_id": 34775,
        "tension": "13.2",
        "n_distribu": "SAL POLO CIENTIFICO",
        "localidad": "FORMOSA",
        "material": "ALUMINIO",
        "seccion": "70",
        "depto": "FORMOSA",
        "length_km": 0.0258,
        "num_points": 2
      }
    },
    {
      "type": "Feature",
      "geometry": {
        "type": "LineString",
        "coordinates": [
          [
            -58.1491071948582,
            -26.1358839061613
          ],
          [
            -58.1514502886328,
            -26.1366174949261
          ]
        ]
      },
      "properties": {
        "id": 868,
        "kml_id": 34776,
        "tension": "13.2",
        "n_distribu": "503",
        "localidad": "FORMOSA",
        "material": "AL/AL",
        "seccion": "50",
        "depto": "FORMOSA",
        "length_km": 0.2477,
        "num_points": 2
      }
    },
    {
      "type": "Feature",
      "geometry": {
        "type": "LineString",
        "coordinates": [
          [
            -58.1605294919435,
            -26.1375963657897
          ],
          [
            -58.1598182000085,
            -26.1373339760515
          ]
        ]
      },
      "properties": {
        "id": 869,
        "kml_id": 34777,
        "tension": "13.2",
        "n_distribu": "504",
        "localidad": "FORMOSA",
        "material": "AL/AL",
        "seccion": "70",
        "depto": "FORMOSA",
        "length_km": 0.0768,
        "num_points": 2
      }
    },
    {
      "type": "Feature",
      "geometry": {
        "type": "LineString",
        "coordinates": [
          [
            -58.1598182000085,
            -26.1373339760515
          ],
          [
            -58.1504198327515,
            -26.1342826267902
          ]
        ]
      },
      "properties": {
        "id": 870,
        "kml_id": 34778,
        "tension": "13.2",
        "n_distribu": "504",
        "localidad": "FORMOSA",
        "material": "AL/AL",
        "seccion": "70",
        "depto": "FORMOSA",
        "length_km": 0.9977,
        "num_points": 2
      }
    },
    {
      "type": "Feature",
      "geometry": {
        "type": "LineString",
        "coordinates": [
          [
            -58.1604205670151,
            -26.1357190631456
          ],
          [
            -58.1528533703638,
            -26.1333130884378
          ]
        ]
      },
      "properties": {
        "id": 871,
        "kml_id": 34779,
        "tension": "13.2",
        "n_distribu": "504",
        "localidad": "FORMOSA",
        "material": "AL/AL",
        "seccion": "70",
        "depto": "FORMOSA",
        "length_km": 0.8014,
        "num_points": 2
      }
    },
    {
      "type": "Feature",
      "geometry": {
        "type": "LineString",
        "coordinates": [
          [
            -58.1575073009246,
            -26.132918509733
          ],
          [
            -58.1564037889446,
            -26.1357038942696
          ]
        ]
      },
      "properties": {
        "id": 872,
        "kml_id": 34780,
        "tension": "13.2",
        "n_distribu": "504",
        "localidad": "FORMOSA",
        "material": "AL/AL",
        "seccion": "70",
        "depto": "FORMOSA",
        "length_km": 0.3287,
        "num_points": 2
      }
    },
    {
      "type": "Feature",
      "geometry": {
        "type": "LineString",
        "coordinates": [
          [
            -58.1601012988338,
            -26.1351888764729
          ],
          [
            -58.1606913334962,
            -26.1336876634982
          ]
        ]
      },
      "properties": {
        "id": 873,
        "kml_id": 34781,
        "tension": "13.2",
        "n_distribu": "504",
        "localidad": "FORMOSA",
        "material": "AL/AL",
        "seccion": null,
        "depto": "FORMOSA",
        "length_km": 0.177,
        "num_points": 2
      }
    },
    {
      "type": "Feature",
      "geometry": {
        "type": "LineString",
        "coordinates": [
          [
            -58.1564037889446,
            -26.1357038942696
          ],
          [
            -58.1561619573335,
            -26.1363143036192
          ]
        ]
      },
      "properties": {
        "id": 874,
        "kml_id": 34782,
        "tension": "13.2",
        "n_distribu": "504",
        "localidad": "FORMOSA",
        "material": "AL/AL",
        "seccion": "70",
        "depto": "FORMOSA",
        "length_km": 0.072,
        "num_points": 2
      }
    },
    {
      "type": "Feature",
      "geometry": {
        "type": "LineString",
        "coordinates": [
          [
            -58.1533654642469,
            -26.1348114036782
          ],
          [
            -58.1527830860081,
            -26.1362578950829
          ]
        ]
      },
      "properties": {
        "id": 875,
        "kml_id": 34783,
        "tension": "13.2",
        "n_distribu": "504",
        "localidad": "FORMOSA",
        "material": "AL/AL",
        "seccion": null,
        "depto": "FORMOSA",
        "length_km": 0.171,
        "num_points": 2
      }
    },
    {
      "type": "Feature",
      "geometry": {
        "type": "LineString",
        "coordinates": [
          [
            -58.1587934155526,
            -26.1360943103276
          ],
          [
            -58.1592508788492,
            -26.1349017233008
          ]
        ]
      },
      "properties": {
        "id": 876,
        "kml_id": 34785,
        "tension": "13.2",
        "n_distribu": "504",
        "localidad": "FORMOSA",
        "material": "AL/AL",
        "seccion": "50",
        "depto": "FORMOSA",
        "length_km": 0.1403,
        "num_points": 2
      }
    },
    {
      "type": "Feature",
      "geometry": {
        "type": "LineString",
        "coordinates": [
          [
            -58.1770212379609,
            -26.1984968624217
          ],
          [
            -58.1806945016496,
            -26.1997083732953
          ]
        ]
      },
      "properties": {
        "id": 877,
        "kml_id": 34788,
        "tension": "13.2",
        "n_distribu": "1202",
        "localidad": "FORMOSA",
        "material": null,
        "seccion": null,
        "depto": "FORMOSA",
        "length_km": 0.3905,
        "num_points": 2
      }
    },
    {
      "type": "Feature",
      "geometry": {
        "type": "LineString",
        "coordinates": [
          [
            -58.175045446044,
            -26.1962688746689
          ],
          [
            -58.1751197123025,
            -26.1962932432849
          ],
          [
            -58.1745917256214,
            -26.1976045069103
          ],
          [
            -58.174823807679,
            -26.1977576810683
          ],
          [
            -58.1755165726209,
            -26.1979978859979
          ]
        ]
      },
      "properties": {
        "id": 878,
        "kml_id": 34789,
        "tension": "13.2",
        "n_distribu": "1201",
        "localidad": "FORMOSA",
        "material": "AL/AL",
        "seccion": "70",
        "depto": "FORMOSA",
        "length_km": 0.2658,
        "num_points": 5
      }
    },
    {
      "type": "Feature",
      "geometry": {
        "type": "LineString",
        "coordinates": [
          [
            -58.1750500876852,
            -26.196221297847
          ],
          [
            -58.1751336372259,
            -26.1962607517968
          ],
          [
            -58.1752079034844,
            -26.1960588404067
          ],
          [
            -58.1761594399205,
            -26.1963883969285
          ]
        ]
      },
      "properties": {
        "id": 879,
        "kml_id": 34790,
        "tension": "13.2",
        "n_distribu": "1202",
        "localidad": "FORMOSA",
        "material": "AL/AL",
        "seccion": "70",
        "depto": "FORMOSA",
        "length_km": 0.1348,
        "num_points": 4
      }
    },
    {
      "type": "Feature",
      "geometry": {
        "type": "LineString",
        "coordinates": [
          [
            -58.1750582105572,
            -26.1962085333339
          ],
          [
            -58.1751185518922,
            -26.1962329019499
          ],
          [
            -58.1757242860625,
            -26.1947899317569
          ]
        ]
      },
      "properties": {
        "id": 880,
        "kml_id": 34791,
        "tension": "13.2",
        "n_distribu": "1203",
        "localidad": "FORMOSA",
        "material": "AL/AL",
        "seccion": "70",
        "depto": "FORMOSA",
        "length_km": 0.1781,
        "num_points": 3
      }
    },
    {
      "type": "Feature",
      "geometry": {
        "type": "LineString",
        "coordinates": [
          [
            -58.1490596765351,
            -26.1409620573253
          ],
          [
            -58.1500344211769,
            -26.1385443424903
          ]
        ]
      },
      "properties": {
        "id": 881,
        "kml_id": 34795,
        "tension": "13.2",
        "n_distribu": "92",
        "localidad": "FORMOSA",
        "material": "AL",
        "seccion": null,
        "depto": "FORMOSA",
        "length_km": 0.2859,
        "num_points": 2
      }
    },
    {
      "type": "Feature",
      "geometry": {
        "type": "LineString",
        "coordinates": [
          [
            -58.3495886406,
            -26.3989998253
          ],
          [
            -58.3491192383,
            -26.3996164906
          ]
        ]
      },
      "properties": {
        "id": 882,
        "kml_id": 34873,
        "tension": "7.62",
        "n_distribu": "SALIDA RURAL C.D. HERADURA",
        "localidad": "TATANE",
        "material": "AL/AL",
        "seccion": "25",
        "depto": "LAISHI",
        "length_km": 0.083,
        "num_points": 2
      }
    },
    {
      "type": "Feature",
      "geometry": {
        "type": "LineString",
        "coordinates": [
          [
            -58.3236593272247,
            -26.3548032563412
          ],
          [
            -58.3248601148,
            -26.3543103224
          ]
        ]
      },
      "properties": {
        "id": 883,
        "kml_id": 34959,
        "tension": "7.62",
        "n_distribu": "SALIDA RURAL C.D. HERRADURA",
        "localidad": "HERRADURA",
        "material": null,
        "seccion": null,
        "depto": null,
        "length_km": 0.1316,
        "num_points": 2
      }
    },
    {
      "type": "Feature",
      "geometry": {
        "type": "LineString",
        "coordinates": [
          [
            -58.3188705030573,
            -26.3465725047487
          ],
          [
            -58.3186964432014,
            -26.3462615377597
          ],
          [
            -58.3181764432014,
            -26.3454215377597
          ],
          [
            -58.3172964432014,
            -26.3439015377597
          ],
          [
            -58.3159864431014,
            -26.3416215376597
          ],
          [
            -58.3145964431014,
            -26.3392615376597
          ],
          [
            -58.3144145976117,
            -26.3389509450085
          ],
          [
            -58.3143311836357,
            -26.3389869413257
          ],
          [
            -58.3140392288735,
            -26.3387892788793
          ],
          [
            -58.3138015816031,
            -26.3388617101515
          ],
          [
            -58.313486298754,
            -26.3389298717742
          ],
          [
            -58.3131127382304,
            -26.3390131155913
          ]
        ]
      },
      "properties": {
        "id": 884,
        "kml_id": 35073,
        "tension": "7.62",
        "n_distribu": "SALIDA RURAL C.D. HERRADURA",
        "localidad": "HERRADURA",
        "material": null,
        "seccion": null,
        "depto": null,
        "length_km": 1.0982,
        "num_points": 12
      }
    },
    {
      "type": "Feature",
      "geometry": {
        "type": "LineString",
        "coordinates": [
          [
            -58.3090977006,
            -26.2288996025
          ],
          [
            -58.3198576989,
            -26.2324850032
          ]
        ]
      },
      "properties": {
        "id": 885,
        "kml_id": 35703,
        "tension": "7.62",
        "n_distribu": "SALIDA VILLA DEL CARMEN",
        "localidad": "FORMOSA",
        "material": "AL/AL",
        "seccion": "25",
        "depto": "FORMOSA",
        "length_km": 1.1449,
        "num_points": 2
      }
    },
    {
      "type": "Feature",
      "geometry": {
        "type": "LineString",
        "coordinates": [
          [
            -58.2875013468,
            -26.2218180897
          ],
          [
            -58.2862555064,
            -26.22486156
          ]
        ]
      },
      "properties": {
        "id": 886,
        "kml_id": 35704,
        "tension": "7.62",
        "n_distribu": "SALIDA VILLA DEL CARMEN",
        "localidad": "FORMOSA",
        "material": "AL/AL",
        "seccion": "35",
        "depto": "FORMOSA",
        "length_km": 0.3605,
        "num_points": 2
      }
    },
    {
      "type": "Feature",
      "geometry": {
        "type": "LineString",
        "coordinates": [
          [
            -58.2932259097,
            -26.2331995553
          ],
          [
            -58.2943211229,
            -26.2313541575
          ]
        ]
      },
      "properties": {
        "id": 887,
        "kml_id": 35705,
        "tension": "7.62",
        "n_distribu": "SALIDA VILLA DEL CARMEN",
        "localidad": "FORMOSA",
        "material": "AL/AL",
        "seccion": "35",
        "depto": "FORMOSA",
        "length_km": 0.2325,
        "num_points": 2
      }
    },
    {
      "type": "Feature",
      "geometry": {
        "type": "LineString",
        "coordinates": [
          [
            -58.2943211229,
            -26.2313541575
          ],
          [
            -58.2932970993,
            -26.2281923878
          ]
        ]
      },
      "properties": {
        "id": 888,
        "kml_id": 35706,
        "tension": "7.62",
        "n_distribu": "SALIDA VILLA DEL CARMEN",
        "localidad": "FORMOSA",
        "material": "AL/AL",
        "seccion": "35",
        "depto": "FORMOSA",
        "length_km": 0.3661,
        "num_points": 2
      }
    },
    {
      "type": "Feature",
      "geometry": {
        "type": "LineString",
        "coordinates": [
          [
            -58.2932970993,
            -26.2281923878
          ],
          [
            -58.2931344417,
            -26.2267272406
          ]
        ]
      },
      "properties": {
        "id": 889,
        "kml_id": 35707,
        "tension": "7.62",
        "n_distribu": "SALIDA VILLA DEL CARMEN",
        "localidad": "FORMOSA",
        "material": "AL/AL",
        "seccion": "35",
        "depto": "FORMOSA",
        "length_km": 0.1637,
        "num_points": 2
      }
    },
    {
      "type": "Feature",
      "geometry": {
        "type": "LineString",
        "coordinates": [
          [
            -58.2932456807,
            -26.2331967625
          ],
          [
            -58.2943790454,
            -26.2313503447
          ]
        ]
      },
      "properties": {
        "id": 890,
        "kml_id": 35708,
        "tension": "7.62",
        "n_distribu": "SALIDA VILLA DEL CARMEN",
        "localidad": "FORMOSA",
        "material": "AL/AL",
        "seccion": "35",
        "depto": "FORMOSA",
        "length_km": 0.2344,
        "num_points": 2
      }
    },
    {
      "type": "Feature",
      "geometry": {
        "type": "LineString",
        "coordinates": [
          [
            -58.2943790454,
            -26.2313503447
          ],
          [
            -58.2940483027,
            -26.2303646095
          ]
        ]
      },
      "properties": {
        "id": 891,
        "kml_id": 35709,
        "tension": "7.62",
        "n_distribu": "SALIDA VILLA DEL CARMEN",
        "localidad": "FORMOSA",
        "material": "AL/AL",
        "seccion": "35",
        "depto": "FORMOSA",
        "length_km": 0.1145,
        "num_points": 2
      }
    },
    {
      "type": "Feature",
      "geometry": {
        "type": "LineString",
        "coordinates": [
          [
            -58.2877116385727,
            -26.0741472592956
          ],
          [
            -58.2904907140842,
            -26.07858976224
          ],
          [
            -58.2956306275721,
            -26.0832570300856
          ],
          [
            -58.2961107293814,
            -26.0832062999138
          ]
        ]
      },
      "properties": {
        "id": 892,
        "kml_id": 35712,
        "tension": "7.62",
        "n_distribu": "SAL POLO CIENTIFICO",
        "localidad": "FORMOSA",
        "material": "AL/AL",
        "seccion": "35",
        "depto": "FORMOSA",
        "length_km": 1.3449,
        "num_points": 4
      }
    },
    {
      "type": "Feature",
      "geometry": {
        "type": "LineString",
        "coordinates": [
          [
            -58.2842686973,
            -26.2897420765
          ],
          [
            -58.2746025374,
            -26.2866116106
          ]
        ]
      },
      "properties": {
        "id": 893,
        "kml_id": 35713,
        "tension": "7.62",
        "n_distribu": "SALIDA TRES MARIAS",
        "localidad": "FORMOSA",
        "material": "AL/AL",
        "seccion": "35",
        "depto": "FORMOSA",
        "length_km": 1.0246,
        "num_points": 2
      }
    },
    {
      "type": "Feature",
      "geometry": {
        "type": "LineString",
        "coordinates": [
          [
            -58.300756699,
            -26.2705254913
          ],
          [
            -58.3046624926,
            -26.2668555114
          ]
        ]
      },
      "properties": {
        "id": 894,
        "kml_id": 35715,
        "tension": "7.62",
        "n_distribu": "SALIDA TRES MARIAS",
        "localidad": "FORMOSA",
        "material": "AL/AL",
        "seccion": "35",
        "depto": "FORMOSA",
        "length_km": 0.5641,
        "num_points": 2
      }
    },
    {
      "type": "Feature",
      "geometry": {
        "type": "LineString",
        "coordinates": [
          [
            -58.3046624926,
            -26.2668555114
          ],
          [
            -58.3125992276,
            -26.2695249
          ]
        ]
      },
      "properties": {
        "id": 895,
        "kml_id": 35716,
        "tension": "7.62",
        "n_distribu": "SALIDA TRES MARIAS",
        "localidad": "FORMOSA",
        "material": "AL/AL",
        "seccion": "35",
        "depto": "FORMOSA",
        "length_km": 0.8452,
        "num_points": 2
      }
    },
    {
      "type": "Feature",
      "geometry": {
        "type": "LineString",
        "coordinates": [
          [
            -58.3125992276,
            -26.2695249
          ],
          [
            -58.3142399149,
            -26.2693912269
          ]
        ]
      },
      "properties": {
        "id": 896,
        "kml_id": 35717,
        "tension": "7.62",
        "n_distribu": "SALIDA TRES MARIAS",
        "localidad": "FORMOSA",
        "material": "AL/AL",
        "seccion": "35",
        "depto": "FORMOSA",
        "length_km": 0.1643,
        "num_points": 2
      }
    },
    {
      "type": "Feature",
      "geometry": {
        "type": "LineString",
        "coordinates": [
          [
            -58.3142399149,
            -26.2693912269
          ],
          [
            -58.3163264731,
            -26.2644884359
          ]
        ]
      },
      "properties": {
        "id": 897,
        "kml_id": 35718,
        "tension": "7.62",
        "n_distribu": "SALIDA TRES MARIAS",
        "localidad": "FORMOSA",
        "material": "AL/AL",
        "seccion": "35",
        "depto": "FORMOSA",
        "length_km": 0.5835,
        "num_points": 2
      }
    },
    {
      "type": "Feature",
      "geometry": {
        "type": "LineString",
        "coordinates": [
          [
            -58.3163264731,
            -26.2644884359
          ],
          [
            -58.325628613,
            -26.2658578722
          ]
        ]
      },
      "properties": {
        "id": 898,
        "kml_id": 35719,
        "tension": "7.62",
        "n_distribu": "SALIDA TRES MARIAS",
        "localidad": "FORMOSA",
        "material": "AL/AL",
        "seccion": "35",
        "depto": "FORMOSA",
        "length_km": 0.94,
        "num_points": 2
      }
    },
    {
      "type": "Feature",
      "geometry": {
        "type": "LineString",
        "coordinates": [
          [
            -58.2356282195,
            -26.2736444387
          ],
          [
            -58.226772997067,
            -26.2710356870446
          ]
        ]
      },
      "properties": {
        "id": 899,
        "kml_id": 35720,
        "tension": "7.62",
        "n_distribu": "SALIDA TRES MARIAS",
        "localidad": "FORMOSA",
        "material": "AL/AL",
        "seccion": "35",
        "depto": "FORMOSA",
        "length_km": 0.9294,
        "num_points": 2
      }
    },
    {
      "type": "Feature",
      "geometry": {
        "type": "LineString",
        "coordinates": [
          [
            -58.2746025374,
            -26.2866116106
          ],
          [
            -58.2735869949,
            -26.2891593595
          ]
        ]
      },
      "properties": {
        "id": 900,
        "kml_id": 35721,
        "tension": "7.62",
        "n_distribu": "SALIDA TRES MARIAS",
        "localidad": "FORMOSA",
        "material": "AL/AL",
        "seccion": "35",
        "depto": "FORMOSA",
        "length_km": 0.3008,
        "num_points": 2
      }
    },
    {
      "type": "Feature",
      "geometry": {
        "type": "LineString",
        "coordinates": [
          [
            -58.2842686973,
            -26.2897420765
          ],
          [
            -58.2844063599,
            -26.2899304833
          ]
        ]
      },
      "properties": {
        "id": 901,
        "kml_id": 35722,
        "tension": "7.62",
        "n_distribu": "SALIDA TRES MARIAS",
        "localidad": "FORMOSA",
        "material": "AL/AL",
        "seccion": "35",
        "depto": "FORMOSA",
        "length_km": 0.025,
        "num_points": 2
      }
    },
    {
      "type": "Feature",
      "geometry": {
        "type": "LineString",
        "coordinates": [
          [
            -58.2707299243,
            -26.2691609924
          ],
          [
            -58.2706064295163,
            -26.2693622118659
          ]
        ]
      },
      "properties": {
        "id": 902,
        "kml_id": 35723,
        "tension": "7.62",
        "n_distribu": "SALIDA VILLA DEL CARMEN",
        "localidad": "FORMOSA",
        "material": "AL/AL",
        "seccion": "35",
        "depto": "FORMOSA",
        "length_km": 0.0255,
        "num_points": 2
      }
    },
    {
      "type": "Feature",
      "geometry": {
        "type": "LineString",
        "coordinates": [
          [
            -58.2747459954,
            -26.2592329959
          ],
          [
            -58.2707299243,
            -26.2691609924
          ]
        ]
      },
      "properties": {
        "id": 903,
        "kml_id": 35724,
        "tension": "7.62",
        "n_distribu": "SALIDA VILLA DEL CARMEN",
        "localidad": "FORMOSA",
        "material": "AL/AL",
        "seccion": "35",
        "depto": "FORMOSA",
        "length_km": 1.1743,
        "num_points": 2
      }
    },
    {
      "type": "Feature",
      "geometry": {
        "type": "LineString",
        "coordinates": [
          [
            -58.2555010001,
            -26.280425997
          ],
          [
            -58.2562409966,
            -26.2784200018
          ]
        ]
      },
      "properties": {
        "id": 904,
        "kml_id": 35725,
        "tension": "7.62",
        "n_distribu": "SALIDA TRES MARIAS",
        "localidad": "FORMOSA",
        "material": "AL/AL",
        "seccion": "35",
        "depto": "FORMOSA",
        "length_km": 0.2349,
        "num_points": 2
      }
    },
    {
      "type": "Feature",
      "geometry": {
        "type": "LineString",
        "coordinates": [
          [
            -58.3391086899,
            -26.2648767127
          ],
          [
            -58.338207315,
            -26.26564203
          ],
          [
            -58.3374148421,
            -26.26753085
          ],
          [
            -58.3272091567,
            -26.264328474
          ],
          [
            -58.325631052,
            -26.2658584634
          ]
        ]
      },
      "properties": {
        "id": 905,
        "kml_id": 35726,
        "tension": "7.62",
        "n_distribu": "SALIDA TRES MARIAS",
        "localidad": "FORMOSA",
        "material": "AL/AL",
        "seccion": "35",
        "depto": "FORMOSA",
        "length_km": 1.6581,
        "num_points": 5
      }
    },
    {
      "type": "Feature",
      "geometry": {
        "type": "LineString",
        "coordinates": [
          [
            -58.3804520769683,
            -26.0229294415511
          ],
          [
            -58.3798095877823,
            -26.0220665816044
          ]
        ]
      },
      "properties": {
        "id": 906,
        "kml_id": 35727,
        "tension": "7.62",
        "n_distribu": "22",
        "localidad": "FORMOSA",
        "material": "AL/AL",
        "seccion": "35",
        "depto": "FORMOSA",
        "length_km": 0.1154,
        "num_points": 2
      }
    },
    {
      "type": "Feature",
      "geometry": {
        "type": "LineString",
        "coordinates": [
          [
            -58.3266536007557,
            -26.3599008898024
          ],
          [
            -58.3288712048561,
            -26.3588658689877
          ],
          [
            -58.3292417705544,
            -26.3596466750687
          ],
          [
            -58.3296199357445,
            -26.3599201829286
          ]
        ]
      },
      "properties": {
        "id": 907,
        "kml_id": 35735,
        "tension": "7.62",
        "n_distribu": "SALIDA RURAL C.D. HERRADURA",
        "localidad": null,
        "material": null,
        "seccion": null,
        "depto": null,
        "length_km": 0.3919,
        "num_points": 4
      }
    },
    {
      "type": "Feature",
      "geometry": {
        "type": "LineString",
        "coordinates": [
          [
            -58.3430500364281,
            -26.3883199594288
          ],
          [
            -58.3432200366,
            -26.3882399593
          ],
          [
            -58.3438200366,
            -26.3880199593
          ],
          [
            -58.3439900366,
            -26.3878899593
          ],
          [
            -58.3439500366,
            -26.3877199593
          ],
          [
            -58.3439700366,
            -26.3872899593
          ],
          [
            -58.3441200366,
            -26.3871199593
          ],
          [
            -58.3448100366,
            -26.3866099593
          ],
          [
            -58.3453200366,
            -26.3863699593
          ],
          [
            -58.3461400366,
            -26.3862599593
          ],
          [
            -58.3467800366,
            -26.3862599593
          ],
          [
            -58.3483500366,
            -26.3864099593
          ],
          [
            -58.3486500366,
            -26.3864399593
          ],
          [
            -58.3497000366,
            -26.3861999593
          ],
          [
            -58.3505800366,
            -26.3858299593
          ],
          [
            -58.3507600427,
            -26.3857099531
          ]
        ]
      },
      "properties": {
        "id": 908,
        "kml_id": 35736,
        "tension": "7.62",
        "n_distribu": "SALIDA RURAL C.D. HERRADURA",
        "localidad": "HERRADURA",
        "material": null,
        "seccion": null,
        "depto": null,
        "length_km": 0.9045,
        "num_points": 16
      }
    },
    {
      "type": "Feature",
      "geometry": {
        "type": "LineString",
        "coordinates": [
          [
            -58.367920049221,
            -26.388364284953
          ],
          [
            -58.3677670489912,
            -26.3881964588092
          ],
          [
            -58.3677513243194,
            -26.3877103998891
          ],
          [
            -58.3678192034741,
            -26.3728987898024
          ],
          [
            -58.3679006724586,
            -26.3577077427508
          ]
        ]
      },
      "properties": {
        "id": 909,
        "kml_id": 35759,
        "tension": "7.62",
        "n_distribu": null,
        "localidad": null,
        "material": null,
        "seccion": null,
        "depto": null,
        "length_km": 3.4143,
        "num_points": 5
      }
    },
    {
      "type": "Feature",
      "geometry": {
        "type": "LineString",
        "coordinates": [
          [
            -58.3731300196616,
            -26.3828399789828
          ],
          [
            -58.3741189750069,
            -26.38421622176
          ]
        ]
      },
      "properties": {
        "id": 910,
        "kml_id": 35760,
        "tension": "7.62",
        "n_distribu": "SALIDA RURAL C.D. HERRADURA",
        "localidad": "TATANE",
        "material": "AL/AL",
        "seccion": "25",
        "depto": "LAISHI",
        "length_km": 0.182,
        "num_points": 2
      }
    },
    {
      "type": "Feature",
      "geometry": {
        "type": "LineString",
        "coordinates": [
          [
            -58.3711329197603,
            -26.3913857466996
          ],
          [
            -58.3710324143811,
            -26.3903038048915
          ]
        ]
      },
      "properties": {
        "id": 911,
        "kml_id": 35757,
        "tension": "7.62",
        "n_distribu": "SALIDA RURAL C.D. HERRADURA",
        "localidad": "TATANE",
        "material": null,
        "seccion": null,
        "depto": null,
        "length_km": 0.1207,
        "num_points": 2
      }
    },
    {
      "type": "Feature",
      "geometry": {
        "type": "LineString",
        "coordinates": [
          [
            -58.3639488593237,
            -26.3916664711725
          ],
          [
            -58.3612500183,
            -26.3902799797001
          ]
        ]
      },
      "properties": {
        "id": 912,
        "kml_id": 35756,
        "tension": "7.62",
        "n_distribu": "SALIDA RURAL C.D. HERRADURA",
        "localidad": "TATANE",
        "material": null,
        "seccion": null,
        "depto": null,
        "length_km": 0.3099,
        "num_points": 2
      }
    },
    {
      "type": "Feature",
      "geometry": {
        "type": "LineString",
        "coordinates": [
          [
            -58.0559620838038,
            -26.0390138112612
          ],
          [
            -58.0561924791801,
            -26.0387176783899
          ],
          [
            -58.0604364063795,
            -26.0316177015347
          ]
        ]
      },
      "properties": {
        "id": 913,
        "kml_id": 35780,
        "tension": "7.62",
        "n_distribu": "SALIDA MOJON",
        "localidad": "MOJON DE FIERRO",
        "material": "AL/AL",
        "seccion": "25",
        "depto": "FORMOSA",
        "length_km": 0.9363,
        "num_points": 3
      }
    },
    {
      "type": "Feature",
      "geometry": {
        "type": "LineString",
        "coordinates": [
          [
            -58.3580555555556,
            -26.0356861111111
          ],
          [
            -58.3586226736467,
            -26.0364399303586
          ]
        ]
      },
      "properties": {
        "id": 914,
        "kml_id": 35808,
        "tension": "7.62",
        "n_distribu": "22",
        "localidad": "FORMOSA",
        "material": "AL/AL",
        "seccion": "35",
        "depto": "FORMOSA",
        "length_km": 0.1012,
        "num_points": 2
      }
    },
    {
      "type": "Feature",
      "geometry": {
        "type": "LineString",
        "coordinates": [
          [
            -58.0637357601286,
            -26.0361536875845
          ],
          [
            -58.0652650506642,
            -26.0345288163905
          ],
          [
            -58.0641381702596,
            -26.0330699087238
          ],
          [
            -58.0646663954492,
            -26.0323278781003
          ],
          [
            -58.0651292213297,
            -26.031598424267
          ],
          [
            -58.0656046240004,
            -26.030831240063
          ],
          [
            -58.0661479413383,
            -26.0304992128009
          ],
          [
            -58.0667063508245,
            -26.0298200661285
          ]
        ]
      },
      "properties": {
        "id": 915,
        "kml_id": 35818,
        "tension": "7.62",
        "n_distribu": "SALIDA MOJON",
        "localidad": "MOJON DE FIERRO",
        "material": "AL/AL",
        "seccion": "25",
        "depto": "FORMOSA",
        "length_km": 0.8826,
        "num_points": 8
      }
    },
    {
      "type": "Feature",
      "geometry": {
        "type": "LineString",
        "coordinates": [
          [
            -58.3567572685,
            -26.3982793262
          ],
          [
            -58.3563812444,
            -26.3982286894
          ]
        ]
      },
      "properties": {
        "id": 916,
        "kml_id": 704,
        "tension": "13.2",
        "n_distribu": "SALIDA RURAL C.D. HERADURA",
        "localidad": "TATANE",
        "material": "AL/AL",
        "seccion": "25",
        "depto": "LAISHI",
        "length_km": 0.0379,
        "num_points": 2
      }
    },
    {
      "type": "Feature",
      "geometry": {
        "type": "LineString",
        "coordinates": [
          [
            -58.3509199715,
            -26.3969589717
          ],
          [
            -58.3559135101,
            -26.3990064679
          ]
        ]
      },
      "properties": {
        "id": 917,
        "kml_id": 707,
        "tension": "13.2",
        "n_distribu": "SALIDA RURAL C.D. HERADURA",
        "localidad": "TATANE",
        "material": "AL/AL",
        "seccion": "25",
        "depto": "LAISHI",
        "length_km": 0.547,
        "num_points": 2
      }
    },
    {
      "type": "Feature",
      "geometry": {
        "type": "LineString",
        "coordinates": [
          [
            -58.2135572008,
            -26.2225170983
          ],
          [
            -58.2127373920025,
            -26.2246727803457
          ]
        ]
      },
      "properties": {
        "id": 918,
        "kml_id": 1990,
        "tension": "13.2",
        "n_distribu": "704",
        "localidad": "FORMOSA",
        "material": "AL/AL",
        "seccion": "35",
        "depto": "FORMOSA",
        "length_km": 0.2533,
        "num_points": 2
      }
    },
    {
      "type": "Feature",
      "geometry": {
        "type": "LineString",
        "coordinates": [
          [
            -58.2071578112,
            -26.1981139782
          ],
          [
            -58.2052438834,
            -26.2029763179
          ]
        ]
      },
      "properties": {
        "id": 919,
        "kml_id": 1998,
        "tension": "13.2",
        "n_distribu": "701",
        "localidad": "FORMOSA",
        "material": "AL/AL",
        "seccion": null,
        "depto": "FORMOSA",
        "length_km": 0.5734,
        "num_points": 2
      }
    },
    {
      "type": "Feature",
      "geometry": {
        "type": "LineString",
        "coordinates": [
          [
            -58.2037361166,
            -26.197058381
          ],
          [
            -58.2040512468,
            -26.1962513432
          ]
        ]
      },
      "properties": {
        "id": 920,
        "kml_id": 1999,
        "tension": "13.2",
        "n_distribu": "701",
        "localidad": "FORMOSA",
        "material": "AL/AL",
        "seccion": null,
        "depto": "FORMOSA",
        "length_km": 0.0951,
        "num_points": 2
      }
    },
    {
      "type": "Feature",
      "geometry": {
        "type": "LineString",
        "coordinates": [
          [
            -58.2022436858,
            -26.2014764192
          ],
          [
            -58.2056253282,
            -26.202561572
          ]
        ]
      },
      "properties": {
        "id": 921,
        "kml_id": 2000,
        "tension": "13.2",
        "n_distribu": "701",
        "localidad": "FORMOSA",
        "material": "AL/AL",
        "seccion": null,
        "depto": "FORMOSA",
        "length_km": 0.3583,
        "num_points": 2
      }
    },
    {
      "type": "Feature",
      "geometry": {
        "type": "LineString",
        "coordinates": [
          [
            -58.2045145623,
            -26.2047906828
          ],
          [
            -58.2052438834,
            -26.2029763179
          ]
        ]
      },
      "properties": {
        "id": 922,
        "kml_id": 2001,
        "tension": "13.2",
        "n_distribu": "701",
        "localidad": "FORMOSA",
        "material": "AL/AL",
        "seccion": null,
        "depto": "FORMOSA",
        "length_km": 0.2145,
        "num_points": 2
      }
    },
    {
      "type": "Feature",
      "geometry": {
        "type": "LineString",
        "coordinates": [
          [
            -58.2090095934,
            -26.2058356603
          ],
          [
            -58.2089721256,
            -26.2060265259
          ],
          [
            -58.2089284403,
            -26.2063051754
          ]
        ]
      },
      "properties": {
        "id": 923,
        "kml_id": 2002,
        "tension": "13.2",
        "n_distribu": "701",
        "localidad": "FORMOSA",
        "material": "AL/AL",
        "seccion": null,
        "depto": "FORMOSA",
        "length_km": 0.0528,
        "num_points": 3
      }
    },
    {
      "type": "Feature",
      "geometry": {
        "type": "LineString",
        "coordinates": [
          [
            -58.2089406979,
            -26.1970537135
          ],
          [
            -58.2083590422,
            -26.1985760699
          ],
          [
            -58.2081745178,
            -26.1990271561
          ]
        ]
      },
      "properties": {
        "id": 924,
        "kml_id": 2003,
        "tension": "13.2",
        "n_distribu": "704",
        "localidad": "FORMOSA",
        "material": "AL/AL",
        "seccion": null,
        "depto": "FORMOSA",
        "length_km": 0.2324,
        "num_points": 3
      }
    },
    {
      "type": "Feature",
      "geometry": {
        "type": "LineString",
        "coordinates": [
          [
            -58.2099085432,
            -26.2049777203
          ],
          [
            -58.2149184858,
            -26.2066085231
          ]
        ]
      },
      "properties": {
        "id": 925,
        "kml_id": 2004,
        "tension": "13.2",
        "n_distribu": "704",
        "localidad": "FORMOSA",
        "material": "AL/AL",
        "seccion": null,
        "depto": "FORMOSA",
        "length_km": 0.5317,
        "num_points": 2
      }
    },
    {
      "type": "Feature",
      "geometry": {
        "type": "LineString",
        "coordinates": [
          [
            -58.2131942487,
            -26.2075799925
          ],
          [
            -58.2189697762,
            -26.20942825
          ]
        ]
      },
      "properties": {
        "id": 926,
        "kml_id": 2005,
        "tension": "13.2",
        "n_distribu": "704",
        "localidad": "FORMOSA",
        "material": "AL/AL",
        "seccion": null,
        "depto": "FORMOSA",
        "length_km": 0.6117,
        "num_points": 2
      }
    },
    {
      "type": "Feature",
      "geometry": {
        "type": "LineString",
        "coordinates": [
          [
            -58.2107872159,
            -26.2030881317
          ],
          [
            -58.2157106347,
            -26.2046730202
          ]
        ]
      },
      "properties": {
        "id": 927,
        "kml_id": 2006,
        "tension": "13.2",
        "n_distribu": "704",
        "localidad": "FORMOSA",
        "material": "AL/AL",
        "seccion": null,
        "depto": "FORMOSA",
        "length_km": 0.5219,
        "num_points": 2
      }
    },
    {
      "type": "Feature",
      "geometry": {
        "type": "LineString",
        "coordinates": [
          [
            -58.2115940042,
            -26.2009158095
          ],
          [
            -58.2133189625,
            -26.2014645893
          ]
        ]
      },
      "properties": {
        "id": 928,
        "kml_id": 2007,
        "tension": "13.2",
        "n_distribu": "704",
        "localidad": "FORMOSA",
        "material": "AL/AL",
        "seccion": null,
        "depto": "FORMOSA",
        "length_km": 0.1826,
        "num_points": 2
      }
    },
    {
      "type": "Feature",
      "geometry": {
        "type": "LineString",
        "coordinates": [
          [
            -58.2117455226,
            -26.1993372864
          ],
          [
            -58.2106933029,
            -26.2020403424
          ]
        ]
      },
      "properties": {
        "id": 929,
        "kml_id": 2008,
        "tension": "13.2",
        "n_distribu": "704",
        "localidad": "FORMOSA",
        "material": "AL/AL",
        "seccion": null,
        "depto": "FORMOSA",
        "length_km": 0.3184,
        "num_points": 2
      }
    },
    {
      "type": "Feature",
      "geometry": {
        "type": "LineString",
        "coordinates": [
          [
            -58.2082212993,
            -26.2081451042
          ],
          [
            -58.2055314028,
            -26.2072559983
          ]
        ]
      },
      "properties": {
        "id": 930,
        "kml_id": 2009,
        "tension": "13.2",
        "n_distribu": "703",
        "localidad": "FORMOSA",
        "material": "AL/AL",
        "seccion": null,
        "depto": "FORMOSA",
        "length_km": 0.286,
        "num_points": 2
      }
    },
    {
      "type": "Feature",
      "geometry": {
        "type": "LineString",
        "coordinates": [
          [
            -58.2141896286,
            -26.207906666
          ],
          [
            -58.2147617469,
            -26.2064449581
          ]
        ]
      },
      "properties": {
        "id": 931,
        "kml_id": 2010,
        "tension": "13.2",
        "n_distribu": "704",
        "localidad": "FORMOSA",
        "material": "AL/AL",
        "seccion": null,
        "depto": "FORMOSA",
        "length_km": 0.1723,
        "num_points": 2
      }
    },
    {
      "type": "Feature",
      "geometry": {
        "type": "LineString",
        "coordinates": [
          [
            -58.2088929019,
            -26.2064883738
          ],
          [
            -58.2094568616,
            -26.2051397038
          ]
        ]
      },
      "properties": {
        "id": 932,
        "kml_id": 2011,
        "tension": "13.2",
        "n_distribu": "704",
        "localidad": "FORMOSA",
        "material": "AL/AL",
        "seccion": null,
        "depto": "FORMOSA",
        "length_km": 0.1602,
        "num_points": 2
      }
    },
    {
      "type": "Feature",
      "geometry": {
        "type": "LineString",
        "coordinates": [
          [
            -58.2106877673,
            -26.202059036
          ],
          [
            -58.2094667248,
            -26.2051225444
          ]
        ]
      },
      "properties": {
        "id": 933,
        "kml_id": 2012,
        "tension": "13.2",
        "n_distribu": "704",
        "localidad": "FORMOSA",
        "material": "AL/AL",
        "seccion": null,
        "depto": "FORMOSA",
        "length_km": 0.3618,
        "num_points": 2
      }
    },
    {
      "type": "Feature",
      "geometry": {
        "type": "LineString",
        "coordinates": [
          [
            -58.2109822178,
            -26.200721055
          ],
          [
            -58.2115804163,
            -26.2009113157
          ]
        ]
      },
      "properties": {
        "id": 934,
        "kml_id": 2013,
        "tension": "13.2",
        "n_distribu": "704",
        "localidad": "FORMOSA",
        "material": "AL/AL",
        "seccion": null,
        "depto": "FORMOSA",
        "length_km": 0.0633,
        "num_points": 2
      }
    },
    {
      "type": "Feature",
      "geometry": {
        "type": "LineString",
        "coordinates": [
          [
            -58.2090747732,
            -26.2068458762
          ],
          [
            -58.2085664278,
            -26.2080925875
          ]
        ]
      },
      "properties": {
        "id": 935,
        "kml_id": 2014,
        "tension": "13.2",
        "n_distribu": "705",
        "localidad": "FORMOSA",
        "material": "AL/AL",
        "seccion": null,
        "depto": "FORMOSA",
        "length_km": 0.1476,
        "num_points": 2
      }
    },
    {
      "type": "Feature",
      "geometry": {
        "type": "LineString",
        "coordinates": [
          [
            -58.2085664278,
            -26.2080925875
          ],
          [
            -58.2079591736,
            -26.2082559021
          ]
        ]
      },
      "properties": {
        "id": 936,
        "kml_id": 2015,
        "tension": "13.2",
        "n_distribu": "705",
        "localidad": "FORMOSA",
        "material": "AL/AL",
        "seccion": null,
        "depto": "FORMOSA",
        "length_km": 0.0632,
        "num_points": 2
      }
    },
    {
      "type": "Feature",
      "geometry": {
        "type": "LineString",
        "coordinates": [
          [
            -58.2079591736,
            -26.2082559021
          ],
          [
            -58.2053645419,
            -26.2148482908
          ]
        ]
      },
      "properties": {
        "id": 937,
        "kml_id": 2016,
        "tension": "13.2",
        "n_distribu": "705",
        "localidad": "FORMOSA",
        "material": "AL/AL",
        "seccion": null,
        "depto": "FORMOSA",
        "length_km": 0.7774,
        "num_points": 2
      }
    },
    {
      "type": "Feature",
      "geometry": {
        "type": "LineString",
        "coordinates": [
          [
            -58.210223334,
            -26.2029095366
          ],
          [
            -58.2107718551,
            -26.2030834182
          ]
        ]
      },
      "properties": {
        "id": 938,
        "kml_id": 2017,
        "tension": "13.2",
        "n_distribu": "704",
        "localidad": "FORMOSA",
        "material": "AL/AL",
        "seccion": null,
        "depto": "FORMOSA",
        "length_km": 0.058,
        "num_points": 2
      }
    },
    {
      "type": "Feature",
      "geometry": {
        "type": "LineString",
        "coordinates": [
          [
            -58.2403812453374,
            -26.1986120060715
          ],
          [
            -58.2426470779,
            -26.1993553887
          ]
        ]
      },
      "properties": {
        "id": 939,
        "kml_id": 2071,
        "tension": "13.2",
        "n_distribu": "603",
        "localidad": "FORMOSA",
        "material": "AL/AL",
        "seccion": null,
        "depto": "FORMOSA",
        "length_km": 0.2407,
        "num_points": 2
      }
    },
    {
      "type": "Feature",
      "geometry": {
        "type": "LineString",
        "coordinates": [
          [
            -58.2426470779,
            -26.1993553887
          ],
          [
            -58.2437723149,
            -26.1997162666
          ]
        ]
      },
      "properties": {
        "id": 940,
        "kml_id": 2072,
        "tension": "13.2",
        "n_distribu": "603",
        "localidad": "FORMOSA",
        "material": "AL/AL",
        "seccion": null,
        "depto": "FORMOSA",
        "length_km": 0.1192,
        "num_points": 2
      }
    },
    {
      "type": "Feature",
      "geometry": {
        "type": "LineString",
        "coordinates": [
          [
            -58.2437723149,
            -26.1997162666
          ],
          [
            -58.2459093867,
            -26.200391419
          ]
        ]
      },
      "properties": {
        "id": 941,
        "kml_id": 2073,
        "tension": "13.2",
        "n_distribu": "603",
        "localidad": "FORMOSA",
        "material": "AL/AL",
        "seccion": null,
        "depto": "FORMOSA",
        "length_km": 0.226,
        "num_points": 2
      }
    },
    {
      "type": "Feature",
      "geometry": {
        "type": "LineString",
        "coordinates": [
          [
            -58.2495978389,
            -26.2392419659
          ],
          [
            -58.2508960003,
            -26.239058998
          ],
          [
            -58.2547409998,
            -26.2385169971
          ]
        ]
      },
      "properties": {
        "id": 942,
        "kml_id": 2226,
        "tension": "13.2",
        "n_distribu": "SALIDA VILLA DEL CARMEN",
        "localidad": "FORMOSA",
        "material": "AL/AL",
        "seccion": "35",
        "depto": "FORMOSA",
        "length_km": 0.5193,
        "num_points": 3
      }
    },
    {
      "type": "Feature",
      "geometry": {
        "type": "LineString",
        "coordinates": [
          [
            -58.2547409998,
            -26.2385169971
          ],
          [
            -58.2615859937,
            -26.2375720019
          ]
        ]
      },
      "properties": {
        "id": 943,
        "kml_id": 2227,
        "tension": "13.2",
        "n_distribu": "SALIDA VILLA DEL CARMEN",
        "localidad": "FORMOSA",
        "material": "AL/AL",
        "seccion": "35",
        "depto": "FORMOSA",
        "length_km": 0.6907,
        "num_points": 2
      }
    },
    {
      "type": "Feature",
      "geometry": {
        "type": "LineString",
        "coordinates": [
          [
            -58.2535523363,
            -26.2470932871
          ],
          [
            -58.2527189995,
            -26.2458100026
          ]
        ]
      },
      "properties": {
        "id": 944,
        "kml_id": 2228,
        "tension": "13.2",
        "n_distribu": "SALIDA VILLA DEL CARMEN",
        "localidad": "FORMOSA",
        "material": "AL/AL",
        "seccion": "50",
        "depto": "FORMOSA",
        "length_km": 0.1651,
        "num_points": 2
      }
    },
    {
      "type": "Feature",
      "geometry": {
        "type": "LineString",
        "coordinates": [
          [
            -58.2527189995,
            -26.2458100026
          ],
          [
            -58.250023001,
            -26.2416259991
          ]
        ]
      },
      "properties": {
        "id": 945,
        "kml_id": 2229,
        "tension": "13.2",
        "n_distribu": "SALIDA VILLA DEL CARMEN",
        "localidad": "FORMOSA",
        "material": "AL/AL",
        "seccion": "50",
        "depto": "FORMOSA",
        "length_km": 0.5373,
        "num_points": 2
      }
    },
    {
      "type": "Feature",
      "geometry": {
        "type": "LineString",
        "coordinates": [
          [
            -58.250023001,
            -26.2416259991
          ],
          [
            -58.2428451193,
            -26.2305885731
          ]
        ]
      },
      "properties": {
        "id": 946,
        "kml_id": 2230,
        "tension": "13.2",
        "n_distribu": "SALIDA VILLA DEL CARMEN",
        "localidad": "FORMOSA",
        "material": "AL/AL",
        "seccion": "50",
        "depto": "FORMOSA",
        "length_km": 1.4209,
        "num_points": 2
      }
    },
    {
      "type": "Feature",
      "geometry": {
        "type": "LineString",
        "coordinates": [
          [
            -58.2776337193,
            -26.3069228848
          ],
          [
            -58.2752638449,
            -26.3128676653
          ]
        ]
      },
      "properties": {
        "id": 947,
        "kml_id": 3006,
        "tension": "13.2",
        "n_distribu": "SALIDA TRES MARIAS",
        "localidad": "FORMOSA",
        "material": "AL/AL",
        "seccion": "35",
        "depto": "FORMOSA",
        "length_km": 0.702,
        "num_points": 2
      }
    },
    {
      "type": "Feature",
      "geometry": {
        "type": "LineString",
        "coordinates": [
          [
            -58.2362402043,
            -26.2738472322
          ],
          [
            -58.2362875929335,
            -26.2737297244707
          ]
        ]
      },
      "properties": {
        "id": 948,
        "kml_id": 3016,
        "tension": "13.2",
        "n_distribu": "SALIDA TRES MARIAS",
        "localidad": "FORMOSA",
        "material": "AL/AL",
        "seccion": null,
        "depto": "FORMOSA",
        "length_km": 0.0139,
        "num_points": 2
      }
    },
    {
      "type": "Feature",
      "geometry": {
        "type": "LineString",
        "coordinates": [
          [
            -58.209115062,
            -26.1756960765
          ],
          [
            -58.2087101013,
            -26.1757573721
          ],
          [
            -58.208227740321,
            -26.1749177235198
          ]
        ]
      },
      "properties": {
        "id": 949,
        "kml_id": 3109,
        "tension": "33",
        "n_distribu": "ALIMENTADOR 303",
        "localidad": "FORMOSA",
        "material": "AL/AC",
        "seccion": "150/25",
        "depto": "FORMOSA",
        "length_km": 0.146,
        "num_points": 3
      }
    },
    {
      "type": "Feature",
      "geometry": {
        "type": "LineString",
        "coordinates": [
          [
            -58.20350767,
            -26.1765563608
          ],
          [
            -58.2087733589,
            -26.17827971
          ],
          [
            -58.2096225819,
            -26.1772663623
          ],
          [
            -58.2088151383,
            -26.1759069666
          ],
          [
            -58.209145262,
            -26.1757469212
          ]
        ]
      },
      "properties": {
        "id": 950,
        "kml_id": 3113,
        "tension": "33",
        "n_distribu": "ALIMENTADOR 305",
        "localidad": "FORMOSA",
        "material": "AL/AL",
        "seccion": "120",
        "depto": "FORMOSA",
        "length_km": 0.909,
        "num_points": 5
      }
    },
    {
      "type": "Feature",
      "geometry": {
        "type": "LineString",
        "coordinates": [
          [
            -58.3481381841352,
            -26.3985796889465
          ],
          [
            -58.3481381367622,
            -26.3985797045985
          ]
        ]
      },
      "properties": {
        "id": 951,
        "kml_id": 3270,
        "tension": "33",
        "n_distribu": "ALIMENTADOR 308",
        "localidad": "HERRADURA",
        "material": "AL/AC",
        "seccion": "95/15",
        "depto": "MISION LAISHI",
        "length_km": 0.0,
        "num_points": 2
      }
    },
    {
      "type": "Feature",
      "geometry": {
        "type": "LineString",
        "coordinates": [
          [
            -58.1897665875,
            -26.1892134931
          ],
          [
            -58.1898835184,
            -26.1892523565
          ]
        ]
      },
      "properties": {
        "id": 952,
        "kml_id": 3271,
        "tension": "13.2",
        "n_distribu": "404",
        "localidad": "FORMOSA",
        "material": "AL/AL",
        "seccion": "70",
        "depto": "FORMOSA",
        "length_km": 0.0124,
        "num_points": 2
      }
    },
    {
      "type": "Feature",
      "geometry": {
        "type": "LineString",
        "coordinates": [
          [
            -58.1871179085955,
            -26.1700722603456
          ],
          [
            -58.1869701934,
            -26.1698604633
          ]
        ]
      },
      "properties": {
        "id": 953,
        "kml_id": 3322,
        "tension": "13.2",
        "n_distribu": "103",
        "localidad": "FORMOSA",
        "material": "AL/AL",
        "seccion": "70",
        "depto": "FORMOSA",
        "length_km": 0.0278,
        "num_points": 2
      }
    },
    {
      "type": "Feature",
      "geometry": {
        "type": "LineString",
        "coordinates": [
          [
            -58.1838169901,
            -26.1873639923
          ],
          [
            -58.1838460007,
            -26.1871310013
          ],
          [
            -58.1821024376,
            -26.186563389
          ]
        ]
      },
      "properties": {
        "id": 954,
        "kml_id": 3323,
        "tension": "13.2",
        "n_distribu": "80",
        "localidad": "FORMOSA",
        "material": "AL/AL",
        "seccion": "70",
        "depto": "FORMOSA",
        "length_km": 0.2111,
        "num_points": 3
      }
    },
    {
      "type": "Feature",
      "geometry": {
        "type": "LineString",
        "coordinates": [
          [
            -58.1834940014,
            -26.1785709973
          ],
          [
            -58.1869165239,
            -26.1796841865
          ]
        ]
      },
      "properties": {
        "id": 955,
        "kml_id": 3324,
        "tension": "13.2",
        "n_distribu": "403",
        "localidad": "FORMOSA",
        "material": "AL/AL",
        "seccion": "70",
        "depto": "FORMOSA",
        "length_km": 0.3633,
        "num_points": 2
      }
    },
    {
      "type": "Feature",
      "geometry": {
        "type": "LineString",
        "coordinates": [
          [
            -58.189278878,
            -26.1875507255
          ],
          [
            -58.1885669454,
            -26.1893262377
          ]
        ]
      },
      "properties": {
        "id": 956,
        "kml_id": 3325,
        "tension": "13.2",
        "n_distribu": "402",
        "localidad": "FORMOSA",
        "material": "AL/AL",
        "seccion": "70",
        "depto": "FORMOSA",
        "length_km": 0.2098,
        "num_points": 2
      }
    },
    {
      "type": "Feature",
      "geometry": {
        "type": "LineString",
        "coordinates": [
          [
            -58.2701625872406,
            -26.2706345533736
          ],
          [
            -58.2702206672564,
            -26.2706594617366
          ],
          [
            -58.270397432522,
            -26.2701703510845
          ],
          [
            -58.270965180641,
            -26.2697623779379
          ],
          [
            -58.2704765990401,
            -26.2692173934998
          ],
          [
            -58.2702057516213,
            -26.2689007186275
          ],
          [
            -58.2655199978,
            -26.2634219973
          ]
        ]
      },
      "properties": {
        "id": 957,
        "kml_id": 3602,
        "tension": "13.2",
        "n_distribu": "SALIDA VILLA DEL CARMEN",
        "localidad": "FORMOSA",
        "material": "AL/AL",
        "seccion": "50",
        "depto": "FORMOSA",
        "length_km": 1.026,
        "num_points": 7
      }
    },
    {
      "type": "Feature",
      "geometry": {
        "type": "LineString",
        "coordinates": [
          [
            -58.2754727259,
            -26.2743741609
          ],
          [
            -58.2774690006,
            -26.2767149959
          ]
        ]
      },
      "properties": {
        "id": 958,
        "kml_id": 3603,
        "tension": "13.2",
        "n_distribu": "SALIDA TRES MARIAS",
        "localidad": "FORMOSA",
        "material": "AL/AL",
        "seccion": null,
        "depto": "FORMOSA",
        "length_km": 0.3277,
        "num_points": 2
      }
    },
    {
      "type": "Feature",
      "geometry": {
        "type": "LineString",
        "coordinates": [
          [
            -58.2351694034552,
            -26.2187753626611
          ],
          [
            -58.2343455105599,
            -26.2191618370676
          ]
        ]
      },
      "properties": {
        "id": 959,
        "kml_id": 3608,
        "tension": "13.2",
        "n_distribu": "601",
        "localidad": "FORMOSA",
        "material": "AL/AL",
        "seccion": null,
        "depto": "FORMOSA",
        "length_km": 0.0927,
        "num_points": 2
      }
    },
    {
      "type": "Feature",
      "geometry": {
        "type": "LineString",
        "coordinates": [
          [
            -58.1715490201,
            -26.1831090886
          ],
          [
            -58.1704572825,
            -26.1827528448
          ],
          [
            -58.1687370474,
            -26.182191495
          ]
        ]
      },
      "properties": {
        "id": 960,
        "kml_id": 23030,
        "tension": "13.2",
        "n_distribu": "203",
        "localidad": "FORMOSA",
        "material": "AL/AL",
        "seccion": "70",
        "depto": "FORMOSA",
        "length_km": 0.2986,
        "num_points": 3
      }
    },
    {
      "type": "Feature",
      "geometry": {
        "type": "LineString",
        "coordinates": [
          [
            -58.1704572825,
            -26.1827528448
          ],
          [
            -58.1704511967214,
            -26.1827384450239
          ],
          [
            -58.1701936519422,
            -26.182655231097
          ],
          [
            -58.170392621555,
            -26.1821684993573
          ],
          [
            -58.1704093573168,
            -26.1821768672382
          ]
        ]
      },
      "properties": {
        "id": 961,
        "kml_id": 46357,
        "tension": "13.2",
        "n_distribu": "203",
        "localidad": "FORMOSA",
        "material": "AL/AL",
        "seccion": "3x70",
        "depto": "FORMOSA",
        "length_km": 0.0886,
        "num_points": 5
      }
    },
    {
      "type": "Feature",
      "geometry": {
        "type": "LineString",
        "coordinates": [
          [
            -58.0605726502295,
            -26.0391935478867
          ],
          [
            -58.0614970443114,
            -26.0373485327599
          ],
          [
            -58.0637357129722,
            -26.0361537376881
          ],
          [
            -58.0637357601286,
            -26.0361536875845
          ]
        ]
      },
      "properties": {
        "id": 962,
        "kml_id": 14203,
        "tension": "13.2",
        "n_distribu": "SALIDA MOJON",
        "localidad": "MOJON DE FIERRO",
        "material": "AL/AL",
        "seccion": "35",
        "depto": "FORMOSA",
        "length_km": 0.4851,
        "num_points": 4
      }
    },
    {
      "type": "Feature",
      "geometry": {
        "type": "LineString",
        "coordinates": [
          [
            -58.2496580398353,
            -26.0993123016062
          ],
          [
            -58.2404147218797,
            -26.1063544564128
          ],
          [
            -58.2399792932744,
            -26.1066856274647
          ],
          [
            -58.2382620986,
            -26.108018396
          ],
          [
            -58.2467686494,
            -26.1107458384
          ],
          [
            -58.2297974978,
            -26.1538784981
          ],
          [
            -58.2297916330909,
            -26.1538993008948
          ]
        ]
      },
      "properties": {
        "id": 963,
        "kml_id": 3575,
        "tension": "33",
        "n_distribu": "ALIMENTADOR 320",
        "localidad": "FORMOSA",
        "material": "AL/AC",
        "seccion": "95/15",
        "depto": "FORMOSA",
        "length_km": 7.4848,
        "num_points": 7
      }
    },
    {
      "type": "Feature",
      "geometry": {
        "type": "LineString",
        "coordinates": [
          [
            -58.1793558145,
            -26.1962126004
          ],
          [
            -58.1776870121,
            -26.1956685972
          ]
        ]
      },
      "properties": {
        "id": 964,
        "kml_id": 23107,
        "tension": "13.2",
        "n_distribu": "1202",
        "localidad": "FORMOSA",
        "material": "AL/AL",
        "seccion": "70",
        "depto": "FORMOSA",
        "length_km": 0.1772,
        "num_points": 2
      }
    },
    {
      "type": "Feature",
      "geometry": {
        "type": "LineString",
        "coordinates": [
          [
            -58.1776776041,
            -26.1956655303
          ],
          [
            -58.1713880037,
            -26.193614997
          ]
        ]
      },
      "properties": {
        "id": 965,
        "kml_id": 23108,
        "tension": "13.2",
        "n_distribu": "1203",
        "localidad": "FORMOSA",
        "material": "AL/AL",
        "seccion": "95",
        "depto": "FORMOSA",
        "length_km": 0.6677,
        "num_points": 2
      }
    },
    {
      "type": "Feature",
      "geometry": {
        "type": "LineString",
        "coordinates": [
          [
            -58.2469640046,
            -26.2671220002
          ],
          [
            -58.2465970007244,
            -26.2676463778978
          ]
        ]
      },
      "properties": {
        "id": 966,
        "kml_id": 46368,
        "tension": "7.62",
        "n_distribu": "SALIDA VILLA DEL CARMEN",
        "localidad": "FORMOSA",
        "material": "AL/AL",
        "seccion": "35",
        "depto": "FORMOSA",
        "length_km": 0.0688,
        "num_points": 2
      }
    },
    {
      "type": "Feature",
      "geometry": {
        "type": "LineString",
        "coordinates": [
          [
            -58.2465970007244,
            -26.2676463778978
          ],
          [
            -58.2395717160028,
            -26.2653774918424
          ]
        ]
      },
      "properties": {
        "id": 967,
        "kml_id": 46369,
        "tension": "7.62",
        "n_distribu": "SALIDA VILLA DEL CARMEN",
        "localidad": "FORMOSA",
        "material": "AL/AL",
        "seccion": "35",
        "depto": "FORMOSA",
        "length_km": 0.7446,
        "num_points": 2
      }
    },
    {
      "type": "Feature",
      "geometry": {
        "type": "LineString",
        "coordinates": [
          [
            -58.2317903638696,
            -26.2151536616696
          ],
          [
            -58.2325173584034,
            -26.2147443851643
          ]
        ]
      },
      "properties": {
        "id": 968,
        "kml_id": 46375,
        "tension": "13.2",
        "n_distribu": "601",
        "localidad": "FORMOSA",
        "material": "Cu",
        "seccion": "4x50+1x50",
        "depto": "FORMOSA",
        "length_km": 0.0856,
        "num_points": 2
      }
    },
    {
      "type": "Feature",
      "geometry": {
        "type": "LineString",
        "coordinates": [
          [
            -58.1510497875243,
            -26.1215536037182
          ],
          [
            -58.1509491809835,
            -26.1249218693168
          ]
        ]
      },
      "properties": {
        "id": 969,
        "kml_id": 23719,
        "tension": "13.2",
        "n_distribu": "501",
        "localidad": "FORMOSA",
        "material": "AL/AL",
        "seccion": "70",
        "depto": "FORMOSA",
        "length_km": 0.3747,
        "num_points": 2
      }
    },
    {
      "type": "Feature",
      "geometry": {
        "type": "LineString",
        "coordinates": [
          [
            -58.1944246865,
            -26.1651722204
          ],
          [
            -58.1938853143,
            -26.1665154912
          ]
        ]
      },
      "properties": {
        "id": 970,
        "kml_id": 23787,
        "tension": "13.2",
        "n_distribu": "109",
        "localidad": "FORMOSA",
        "material": "AL/AL",
        "seccion": "50",
        "depto": "FORMOSA",
        "length_km": 0.1588,
        "num_points": 2
      }
    },
    {
      "type": "Feature",
      "geometry": {
        "type": "LineString",
        "coordinates": [
          [
            -58.1966590003,
            -26.1659439993
          ],
          [
            -58.1961316054,
            -26.1672609695
          ]
        ]
      },
      "properties": {
        "id": 971,
        "kml_id": 23789,
        "tension": "13.2",
        "n_distribu": "109",
        "localidad": "FORMOSA",
        "material": "AL/AL",
        "seccion": "50",
        "depto": "FORMOSA",
        "length_km": 0.1556,
        "num_points": 2
      }
    },
    {
      "type": "Feature",
      "geometry": {
        "type": "LineString",
        "coordinates": [
          [
            -58.1889407355,
            -26.1615693659
          ],
          [
            -58.191929251,
            -26.1625403749
          ]
        ]
      },
      "properties": {
        "id": 972,
        "kml_id": 23790,
        "tension": "13.2",
        "n_distribu": "009",
        "localidad": "FORMOSA",
        "material": "AL/AL",
        "seccion": "70",
        "depto": "FORMOSA",
        "length_km": 0.3172,
        "num_points": 2
      }
    },
    {
      "type": "Feature",
      "geometry": {
        "type": "LineString",
        "coordinates": [
          [
            -58.1919297273,
            -26.1625405317
          ],
          [
            -58.1942065853,
            -26.1633030505
          ],
          [
            -58.1942065853,
            -26.1633030505
          ]
        ]
      },
      "properties": {
        "id": 973,
        "kml_id": 23791,
        "tension": "13.2",
        "n_distribu": "009",
        "localidad": "FORMOSA",
        "material": "AL/AL",
        "seccion": "70",
        "depto": "FORMOSA",
        "length_km": 0.2425,
        "num_points": 3
      }
    },
    {
      "type": "Feature",
      "geometry": {
        "type": "LineString",
        "coordinates": [
          [
            -58.1895761721,
            -26.1673700842
          ],
          [
            -58.1869326459,
            -26.1665107406
          ]
        ]
      },
      "properties": {
        "id": 974,
        "kml_id": 23898,
        "tension": "13.2",
        "n_distribu": "103",
        "localidad": "FORMOSA",
        "material": null,
        "seccion": null,
        "depto": "FORMOSA",
        "length_km": 0.2806,
        "num_points": 2
      }
    },
    {
      "type": "Feature",
      "geometry": {
        "type": "LineString",
        "coordinates": [
          [
            -58.2019846359372,
            -26.1969143693197
          ],
          [
            -58.20209495947,
            -26.1966380422069
          ],
          [
            -58.2030616255744,
            -26.1942168076759
          ],
          [
            -58.2030786505554,
            -26.1941741642981
          ],
          [
            -58.20316846834,
            -26.1939491926448
          ],
          [
            -58.2061544485116,
            -26.186469792937
          ]
        ]
      },
      "properties": {
        "id": 975,
        "kml_id": 23895,
        "tension": "13.2",
        "n_distribu": "102",
        "localidad": "FORMOSA",
        "material": null,
        "seccion": null,
        "depto": "FORMOSA",
        "length_km": 1.2337,
        "num_points": 6
      }
    },
    {
      "type": "Feature",
      "geometry": {
        "type": "LineString",
        "coordinates": [
          [
            -58.2075482923,
            -26.1761362859
          ],
          [
            -58.207303727,
            -26.1767539488
          ]
        ]
      },
      "properties": {
        "id": 976,
        "kml_id": 23896,
        "tension": "13.2",
        "n_distribu": "103",
        "localidad": null,
        "material": null,
        "seccion": null,
        "depto": null,
        "length_km": 0.0729,
        "num_points": 2
      }
    },
    {
      "type": "Feature",
      "geometry": {
        "type": "LineString",
        "coordinates": [
          [
            -58.2075508798,
            -26.1761297507
          ],
          [
            -58.207569451,
            -26.1760828479
          ],
          [
            -58.2072899685,
            -26.1755918473
          ],
          [
            -58.2083703232957,
            -26.1749951989787
          ]
        ]
      },
      "properties": {
        "id": 977,
        "kml_id": 23897,
        "tension": "13.2",
        "n_distribu": "103",
        "localidad": "FORMOSA",
        "material": null,
        "seccion": null,
        "depto": "FORMOSA",
        "length_km": 0.1934,
        "num_points": 4
      }
    },
    {
      "type": "Feature",
      "geometry": {
        "type": "LineString",
        "coordinates": [
          [
            -58.1879436033,
            -26.1710470918
          ],
          [
            -58.189543514,
            -26.1671073782
          ]
        ]
      },
      "properties": {
        "id": 978,
        "kml_id": 23899,
        "tension": "13.2",
        "n_distribu": "103",
        "localidad": "FORMOSA",
        "material": null,
        "seccion": null,
        "depto": "FORMOSA",
        "length_km": 0.4663,
        "num_points": 2
      }
    },
    {
      "type": "Feature",
      "geometry": {
        "type": "LineString",
        "coordinates": [
          [
            -58.1943855211,
            -26.1751939301
          ],
          [
            -58.1972401716,
            -26.1761574525
          ]
        ]
      },
      "properties": {
        "id": 979,
        "kml_id": 23900,
        "tension": "13.2",
        "n_distribu": "103",
        "localidad": "FORMOSA",
        "material": null,
        "seccion": null,
        "depto": "FORMOSA",
        "length_km": 0.3044,
        "num_points": 2
      }
    },
    {
      "type": "Feature",
      "geometry": {
        "type": "LineString",
        "coordinates": [
          [
            -58.1983024729,
            -26.1735057246
          ],
          [
            -58.1982088263355,
            -26.1737395623806
          ]
        ]
      },
      "properties": {
        "id": 980,
        "kml_id": 23901,
        "tension": "13.2",
        "n_distribu": "103",
        "localidad": "FORMOSA",
        "material": null,
        "seccion": null,
        "depto": "FORMOSA",
        "length_km": 0.0276,
        "num_points": 2
      }
    },
    {
      "type": "Feature",
      "geometry": {
        "type": "LineString",
        "coordinates": [
          [
            -58.1983175226,
            -26.1737259287
          ],
          [
            -58.1984280971,
            -26.173642655
          ]
        ]
      },
      "properties": {
        "id": 981,
        "kml_id": 23902,
        "tension": "13.2",
        "n_distribu": "103",
        "localidad": "FORMOSA",
        "material": null,
        "seccion": null,
        "depto": "FORMOSA",
        "length_km": 0.0144,
        "num_points": 2
      }
    },
    {
      "type": "Feature",
      "geometry": {
        "type": "LineString",
        "coordinates": [
          [
            -58.2097065267,
            -26.1772843738
          ],
          [
            -58.2097560067909,
            -26.1773859215144
          ],
          [
            -58.2097929604,
            -26.1774617612
          ]
        ]
      },
      "properties": {
        "id": 982,
        "kml_id": 23947,
        "tension": "13.2",
        "n_distribu": "106",
        "localidad": "FORMOSA",
        "material": null,
        "seccion": null,
        "depto": "FORMOSA",
        "length_km": 0.0215,
        "num_points": 3
      }
    },
    {
      "type": "Feature",
      "geometry": {
        "type": "LineString",
        "coordinates": [
          [
            -58.2097929604,
            -26.1774617612
          ],
          [
            -58.2135098624,
            -26.1786916396
          ]
        ]
      },
      "properties": {
        "id": 983,
        "kml_id": 23948,
        "tension": "13.2",
        "n_distribu": "106",
        "localidad": "FORMOSA",
        "material": null,
        "seccion": null,
        "depto": "FORMOSA",
        "length_km": 0.3953,
        "num_points": 2
      }
    },
    {
      "type": "Feature",
      "geometry": {
        "type": "LineString",
        "coordinates": [
          [
            -58.2094281079,
            -26.1739852995
          ],
          [
            -58.2108409444,
            -26.1744493544
          ]
        ]
      },
      "properties": {
        "id": 984,
        "kml_id": 23949,
        "tension": "13.2",
        "n_distribu": "106",
        "localidad": "FORMOSA",
        "material": null,
        "seccion": null,
        "depto": "FORMOSA",
        "length_km": 0.1501,
        "num_points": 2
      }
    },
    {
      "type": "Feature",
      "geometry": {
        "type": "LineString",
        "coordinates": [
          [
            -58.2124896008,
            -26.1783540473
          ],
          [
            -58.2117523925,
            -26.1801912931
          ]
        ]
      },
      "properties": {
        "id": 985,
        "kml_id": 23950,
        "tension": "13.2",
        "n_distribu": "106",
        "localidad": "FORMOSA",
        "material": null,
        "seccion": null,
        "depto": "FORMOSA",
        "length_km": 0.2171,
        "num_points": 2
      }
    },
    {
      "type": "Feature",
      "geometry": {
        "type": "LineString",
        "coordinates": [
          [
            -58.2186231805,
            -26.1831514099
          ],
          [
            -58.2244699802,
            -26.1850718011
          ]
        ]
      },
      "properties": {
        "id": 986,
        "kml_id": 23951,
        "tension": "13.2",
        "n_distribu": "106",
        "localidad": "FORMOSA",
        "material": null,
        "seccion": null,
        "depto": "FORMOSA",
        "length_km": 0.6213,
        "num_points": 2
      }
    },
    {
      "type": "Feature",
      "geometry": {
        "type": "LineString",
        "coordinates": [
          [
            -58.2215544425,
            -26.1865049722
          ],
          [
            -58.2176497654,
            -26.1852406724
          ]
        ]
      },
      "properties": {
        "id": 987,
        "kml_id": 23952,
        "tension": "13.2",
        "n_distribu": "106",
        "localidad": "FORMOSA",
        "material": null,
        "seccion": null,
        "depto": "FORMOSA",
        "length_km": 0.4142,
        "num_points": 2
      }
    },
    {
      "type": "Feature",
      "geometry": {
        "type": "LineString",
        "coordinates": [
          [
            -58.2176497654,
            -26.1852406724
          ],
          [
            -58.2173462825,
            -26.1853275659
          ]
        ]
      },
      "properties": {
        "id": 988,
        "kml_id": 23953,
        "tension": "13.2",
        "n_distribu": "106",
        "localidad": "FORMOSA",
        "material": null,
        "seccion": null,
        "depto": "FORMOSA",
        "length_km": 0.0318,
        "num_points": 2
      }
    },
    {
      "type": "Feature",
      "geometry": {
        "type": "LineString",
        "coordinates": [
          [
            -58.193123752053,
            -26.1808391694295
          ],
          [
            -58.194103968953,
            -26.1783918530295
          ]
        ]
      },
      "properties": {
        "id": 989,
        "kml_id": 24006,
        "tension": "13.2",
        "n_distribu": "401",
        "localidad": "FORMOSA",
        "material": null,
        "seccion": null,
        "depto": "FORMOSA",
        "length_km": 0.2892,
        "num_points": 2
      }
    },
    {
      "type": "Feature",
      "geometry": {
        "type": "LineString",
        "coordinates": [
          [
            -58.1524450601295,
            -26.1249364687939
          ],
          [
            -58.1524388146299,
            -26.12515006488
          ],
          [
            -58.1523726123342,
            -26.1285626058583
          ]
        ]
      },
      "properties": {
        "id": 990,
        "kml_id": 24089,
        "tension": "13.2",
        "n_distribu": "501",
        "localidad": "FORMOSA",
        "material": "AL/AL",
        "seccion": "35",
        "depto": "FORMOSA",
        "length_km": 0.4033,
        "num_points": 3
      }
    },
    {
      "type": "Feature",
      "geometry": {
        "type": "LineString",
        "coordinates": [
          [
            -58.1493622420879,
            -26.1262535295851
          ],
          [
            -58.1492939368153,
            -26.1286396861399
          ]
        ]
      },
      "properties": {
        "id": 991,
        "kml_id": 24093,
        "tension": "13.2",
        "n_distribu": "501",
        "localidad": "FORMOSA",
        "material": "AL/AL",
        "seccion": "35",
        "depto": "FORMOSA",
        "length_km": 0.2654,
        "num_points": 2
      }
    },
    {
      "type": "Feature",
      "geometry": {
        "type": "LineString",
        "coordinates": [
          [
            -58.1516182600749,
            -26.1263646063677
          ],
          [
            -58.1515809588011,
            -26.1287284788542
          ]
        ]
      },
      "properties": {
        "id": 992,
        "kml_id": 24090,
        "tension": "13.2",
        "n_distribu": "501",
        "localidad": "FORMOSA",
        "material": "AL/AL",
        "seccion": "70",
        "depto": "FORMOSA",
        "length_km": 0.2629,
        "num_points": 2
      }
    },
    {
      "type": "Feature",
      "geometry": {
        "type": "LineString",
        "coordinates": [
          [
            -58.1515812639754,
            -26.1287669308193
          ],
          [
            -58.1515807870774,
            -26.1289531577662
          ],
          [
            -58.1515296157605,
            -26.1294010694969
          ],
          [
            -58.1515057761554,
            -26.1294670815103
          ]
        ]
      },
      "properties": {
        "id": 993,
        "kml_id": 24095,
        "tension": "13.2",
        "n_distribu": "503",
        "localidad": "FORMOSA",
        "material": "AL/AL",
        "seccion": "70",
        "depto": "FORMOSA",
        "length_km": 0.0785,
        "num_points": 4
      }
    },
    {
      "type": "Feature",
      "geometry": {
        "type": "LineString",
        "coordinates": [
          [
            -58.1764018501527,
            -26.1666670718834
          ],
          [
            -58.1764690348494,
            -26.1664635616429
          ],
          [
            -58.1720894324347,
            -26.1650144830887
          ],
          [
            -58.1719760582591,
            -26.1648467732248
          ],
          [
            -58.1753331935712,
            -26.156445896409
          ],
          [
            -58.1754213734855,
            -26.156421397678
          ],
          [
            -58.1784971728803,
            -26.1574069964111
          ],
          [
            -58.1784131920095,
            -26.1571638953939
          ],
          [
            -58.1797432390515,
            -26.1537830426933
          ],
          [
            -58.1798692103578,
            -26.1536209703706
          ],
          [
            -58.1777151010206,
            -26.1528558352026
          ],
          [
            -58.1771986186649,
            -26.151427318185
          ],
          [
            -58.1781560005925,
            -26.1490640075717
          ],
          [
            -58.1790713920848,
            -26.1468156142145
          ],
          [
            -58.180335304191,
            -26.1436945538239
          ],
          [
            -58.1821965302412,
            -26.1391381458407
          ],
          [
            -58.1822196249807,
            -26.1387423377865
          ],
          [
            -58.1825555484641,
            -26.1378659008916
          ],
          [
            -58.1839460714537,
            -26.1344694652156
          ],
          [
            -58.184236909605,
            -26.1343669822672
          ],
          [
            -58.1931708355733,
            -26.1372526152117
          ]
        ]
      },
      "properties": {
        "id": 994,
        "kml_id": 22981,
        "tension": "33",
        "n_distribu": "ALIMENTADOR 321",
        "localidad": "FORMOSA",
        "material": "AL",
        "seccion": "150",
        "depto": "FORMOSA",
        "length_km": 5.6692,
        "num_points": 21
      }
    },
    {
      "type": "Feature",
      "geometry": {
        "type": "LineString",
        "coordinates": [
          [
            -58.1699815493,
            -26.1863903873
          ],
          [
            -58.1707128477,
            -26.1845494147
          ]
        ]
      },
      "properties": {
        "id": 995,
        "kml_id": 23014,
        "tension": "13.2",
        "n_distribu": "203",
        "localidad": "FORMOSA",
        "material": "AL/AL",
        "seccion": "70",
        "depto": "FORMOSA",
        "length_km": 0.2173,
        "num_points": 2
      }
    },
    {
      "type": "Feature",
      "geometry": {
        "type": "LineString",
        "coordinates": [
          [
            -58.1503019996,
            -26.201308996
          ],
          [
            -58.1483311633,
            -26.2062099258
          ]
        ]
      },
      "properties": {
        "id": 996,
        "kml_id": 23048,
        "tension": "13.2",
        "n_distribu": "204",
        "localidad": "FORMOSA",
        "material": "Cu",
        "seccion": "16",
        "depto": "FORMOSA",
        "length_km": 0.5793,
        "num_points": 2
      }
    },
    {
      "type": "Feature",
      "geometry": {
        "type": "LineString",
        "coordinates": [
          [
            -58.1566266249,
            -26.1944112518
          ],
          [
            -58.1553699155,
            -26.1939905517
          ]
        ]
      },
      "properties": {
        "id": 997,
        "kml_id": 23050,
        "tension": "13.2",
        "n_distribu": "204",
        "localidad": "FORMOSA",
        "material": "AL/AL",
        "seccion": "35",
        "depto": "FORMOSA",
        "length_km": 0.1338,
        "num_points": 2
      }
    },
    {
      "type": "Feature",
      "geometry": {
        "type": "LineString",
        "coordinates": [
          [
            -58.1606576689,
            -26.1869798647
          ],
          [
            -58.1608147654,
            -26.1865883183
          ]
        ]
      },
      "properties": {
        "id": 998,
        "kml_id": 23051,
        "tension": "13.2",
        "n_distribu": "204",
        "localidad": "FORMOSA",
        "material": "AL/AL",
        "seccion": "95",
        "depto": "FORMOSA",
        "length_km": 0.0463,
        "num_points": 2
      }
    },
    {
      "type": "Feature",
      "geometry": {
        "type": "LineString",
        "coordinates": [
          [
            -58.1675158191,
            -26.196128076
          ],
          [
            -58.1674780034,
            -26.1962400013
          ]
        ]
      },
      "properties": {
        "id": 999,
        "kml_id": 23083,
        "tension": "13.2",
        "n_distribu": "1203",
        "localidad": "FORMOSA",
        "material": "AL/AL",
        "seccion": "70",
        "depto": "FORMOSA",
        "length_km": 0.013,
        "num_points": 2
      }
    },
    {
      "type": "Feature",
      "geometry": {
        "type": "LineString",
        "coordinates": [
          [
            -58.167800003,
            -26.1924389982
          ],
          [
            -58.1713880037,
            -26.193614997
          ]
        ]
      },
      "properties": {
        "id": 1000,
        "kml_id": 23084,
        "tension": "13.2",
        "n_distribu": "1203",
        "localidad": "FORMOSA",
        "material": "AL/AL",
        "seccion": "95",
        "depto": "FORMOSA",
        "length_km": 0.3811,
        "num_points": 2
      }
    },
    {
      "type": "Feature",
      "geometry": {
        "type": "LineString",
        "coordinates": [
          [
            -58.1674780034,
            -26.1962400013
          ],
          [
            -58.1674780034,
            -26.1962400013
          ],
          [
            -58.1669932537,
            -26.1974576477
          ]
        ]
      },
      "properties": {
        "id": 1001,
        "kml_id": 23085,
        "tension": "13.2",
        "n_distribu": "1203",
        "localidad": "FORMOSA",
        "material": "AL/AL",
        "seccion": "70",
        "depto": "FORMOSA",
        "length_km": 0.1438,
        "num_points": 3
      }
    },
    {
      "type": "Feature",
      "geometry": {
        "type": "LineString",
        "coordinates": [
          [
            -58.1645549985,
            -26.1871478776
          ],
          [
            -58.1641025332,
            -26.1882862291
          ]
        ]
      },
      "properties": {
        "id": 1002,
        "kml_id": 23086,
        "tension": "13.2",
        "n_distribu": "209",
        "localidad": "FORMOSA",
        "material": "AL/AL",
        "seccion": "95",
        "depto": "FORMOSA",
        "length_km": 0.1344,
        "num_points": 2
      }
    },
    {
      "type": "Feature",
      "geometry": {
        "type": "LineString",
        "coordinates": [
          [
            -58.1640991567,
            -26.1882947239
          ],
          [
            -58.1630671066,
            -26.1908911873
          ]
        ]
      },
      "properties": {
        "id": 1003,
        "kml_id": 23087,
        "tension": "13.2",
        "n_distribu": "209",
        "localidad": "FORMOSA",
        "material": "AL/AL",
        "seccion": "95",
        "depto": "FORMOSA",
        "length_km": 0.3065,
        "num_points": 2
      }
    },
    {
      "type": "Feature",
      "geometry": {
        "type": "LineString",
        "coordinates": [
          [
            -58.1621967765,
            -26.1906065394
          ],
          [
            -58.167800003,
            -26.1924389982
          ],
          [
            -58.167800003,
            -26.1924389982
          ]
        ]
      },
      "properties": {
        "id": 1004,
        "kml_id": 23088,
        "tension": "13.2",
        "n_distribu": "209",
        "localidad": "FORMOSA",
        "material": "AL/AL",
        "seccion": "95",
        "depto": "FORMOSA",
        "length_km": 0.5951,
        "num_points": 3
      }
    },
    {
      "type": "Feature",
      "geometry": {
        "type": "LineString",
        "coordinates": [
          [
            -58.1678169976,
            -26.1948380004
          ],
          [
            -58.168296,
            -26.193705
          ],
          [
            -58.1685040748,
            -26.1931601681
          ]
        ]
      },
      "properties": {
        "id": 1005,
        "kml_id": 23089,
        "tension": "13.2",
        "n_distribu": "1203",
        "localidad": "FORMOSA",
        "material": "AL/AL",
        "seccion": "70",
        "depto": "FORMOSA",
        "length_km": 0.1988,
        "num_points": 3
      }
    },
    {
      "type": "Feature",
      "geometry": {
        "type": "LineString",
        "coordinates": [
          [
            -58.1685040748,
            -26.1931601681
          ],
          [
            -58.1687180042,
            -26.1926000013
          ]
        ]
      },
      "properties": {
        "id": 1006,
        "kml_id": 23090,
        "tension": "13.2",
        "n_distribu": "1203",
        "localidad": "FORMOSA",
        "material": "AL/AL",
        "seccion": "70",
        "depto": "FORMOSA",
        "length_km": 0.0658,
        "num_points": 2
      }
    },
    {
      "type": "Feature",
      "geometry": {
        "type": "LineString",
        "coordinates": [
          [
            -58.1664763916,
            -26.1959645694
          ],
          [
            -58.1674780034,
            -26.1962400013
          ]
        ]
      },
      "properties": {
        "id": 1007,
        "kml_id": 23091,
        "tension": "13.2",
        "n_distribu": "1203",
        "localidad": "FORMOSA",
        "material": "AL/AL",
        "seccion": "35",
        "depto": "FORMOSA",
        "length_km": 0.1045,
        "num_points": 2
      }
    },
    {
      "type": "Feature",
      "geometry": {
        "type": "LineString",
        "coordinates": [
          [
            -58.1669932537,
            -26.1974576477
          ],
          [
            -58.166257,
            -26.199307
          ]
        ]
      },
      "properties": {
        "id": 1008,
        "kml_id": 23092,
        "tension": "13.2",
        "n_distribu": "1203",
        "localidad": "FORMOSA",
        "material": "AL/AL",
        "seccion": "50",
        "depto": "FORMOSA",
        "length_km": 0.2184,
        "num_points": 2
      }
    },
    {
      "type": "Feature",
      "geometry": {
        "type": "LineString",
        "coordinates": [
          [
            -58.1696369973,
            -26.1935110007
          ],
          [
            -58.1704972958,
            -26.1913745674
          ]
        ]
      },
      "properties": {
        "id": 1009,
        "kml_id": 23093,
        "tension": "13.2",
        "n_distribu": "1203",
        "localidad": "FORMOSA",
        "material": "AL/AL",
        "seccion": "70",
        "depto": "FORMOSA",
        "length_km": 0.2526,
        "num_points": 2
      }
    },
    {
      "type": "Feature",
      "geometry": {
        "type": "LineString",
        "coordinates": [
          [
            -58.1801604982,
            -26.1964749057
          ],
          [
            -58.1793652224,
            -26.1962156671
          ]
        ]
      },
      "properties": {
        "id": 1010,
        "kml_id": 23106,
        "tension": "13.2",
        "n_distribu": "1202",
        "localidad": "FORMOSA",
        "material": "AL/AL",
        "seccion": "70",
        "depto": "FORMOSA",
        "length_km": 0.0844,
        "num_points": 2
      }
    },
    {
      "type": "Feature",
      "geometry": {
        "type": "LineString",
        "coordinates": [
          [
            -58.1800967593,
            -26.196376639
          ],
          [
            -58.1801587477,
            -26.1964756764
          ]
        ]
      },
      "properties": {
        "id": 1011,
        "kml_id": 23117,
        "tension": "13.2",
        "n_distribu": "209",
        "localidad": "FORMOSA",
        "material": "Cu",
        "seccion": "50",
        "depto": "FORMOSA",
        "length_km": 0.0126,
        "num_points": 2
      }
    },
    {
      "type": "Feature",
      "geometry": {
        "type": "LineString",
        "coordinates": [
          [
            -58.1645549532,
            -26.1871478629
          ],
          [
            -58.1646731482,
            -26.1871864353
          ]
        ]
      },
      "properties": {
        "id": 1012,
        "kml_id": 23118,
        "tension": "13.2",
        "n_distribu": "209",
        "localidad": "FORMOSA",
        "material": "Cu",
        "seccion": "70",
        "depto": "FORMOSA",
        "length_km": 0.0125,
        "num_points": 2
      }
    },
    {
      "type": "Feature",
      "geometry": {
        "type": "LineString",
        "coordinates": [
          [
            -58.1671430541,
            -26.1842592438
          ],
          [
            -58.1649775263,
            -26.1835526309
          ]
        ]
      },
      "properties": {
        "id": 1013,
        "kml_id": 23130,
        "tension": "13.2",
        "n_distribu": "202",
        "localidad": "FORMOSA",
        "material": "AL/AL",
        "seccion": null,
        "depto": null,
        "length_km": 0.2299,
        "num_points": 2
      }
    },
    {
      "type": "Feature",
      "geometry": {
        "type": "LineString",
        "coordinates": [
          [
            -58.2445794948128,
            -26.2077918723529
          ],
          [
            -58.2449517773795,
            -26.2068203921312
          ]
        ]
      },
      "properties": {
        "id": 1014,
        "kml_id": 23131,
        "tension": "13.2",
        "n_distribu": "033",
        "localidad": "FORMOSA",
        "material": "AL/AL",
        "seccion": "35",
        "depto": "FORMOSA",
        "length_km": 0.1142,
        "num_points": 2
      }
    },
    {
      "type": "Feature",
      "geometry": {
        "type": "LineString",
        "coordinates": [
          [
            -58.167045339,
            -26.1792098984
          ],
          [
            -58.1677181465,
            -26.1794274466
          ]
        ]
      },
      "properties": {
        "id": 1015,
        "kml_id": 23129,
        "tension": "13.2",
        "n_distribu": "202",
        "localidad": null,
        "material": null,
        "seccion": null,
        "depto": null,
        "length_km": 0.0714,
        "num_points": 2
      }
    },
    {
      "type": "Feature",
      "geometry": {
        "type": "LineString",
        "coordinates": [
          [
            -58.2746595202,
            -26.274808094
          ],
          [
            -58.274700785,
            -26.2748903099
          ]
        ]
      },
      "properties": {
        "id": 1016,
        "kml_id": 3017,
        "tension": "13.2",
        "n_distribu": "SALIDA TRES MARIAS",
        "localidad": "FORMOSA",
        "material": "AL/AL",
        "seccion": null,
        "depto": "FORMOSA",
        "length_km": 0.01,
        "num_points": 2
      }
    },
    {
      "type": "Feature",
      "geometry": {
        "type": "LineString",
        "coordinates": [
          [
            -58.1739810012,
            -26.193315001
          ],
          [
            -58.1728760026,
            -26.1929599971
          ]
        ]
      },
      "properties": {
        "id": 1017,
        "kml_id": 23207,
        "tension": "13.2",
        "n_distribu": "82",
        "localidad": "FORMOSA",
        "material": "AL/AL",
        "seccion": "50",
        "depto": "FORMOSA",
        "length_km": 0.1171,
        "num_points": 2
      }
    },
    {
      "type": "Feature",
      "geometry": {
        "type": "LineString",
        "coordinates": [
          [
            -58.1772770019,
            -26.189892001
          ],
          [
            -58.1753059252,
            -26.1892368879
          ]
        ]
      },
      "properties": {
        "id": 1018,
        "kml_id": 23208,
        "tension": "13.2",
        "n_distribu": "82",
        "localidad": "FORMOSA",
        "material": "AL/AL",
        "seccion": "50",
        "depto": "FORMOSA",
        "length_km": 0.2097,
        "num_points": 2
      }
    },
    {
      "type": "Feature",
      "geometry": {
        "type": "LineString",
        "coordinates": [
          [
            -58.1689018425,
            -26.1893296528
          ],
          [
            -58.1737044667,
            -26.1909043083
          ]
        ]
      },
      "properties": {
        "id": 1019,
        "kml_id": 23209,
        "tension": "13.2",
        "n_distribu": "82",
        "localidad": "FORMOSA",
        "material": "AL/AL",
        "seccion": "70",
        "depto": "FORMOSA",
        "length_km": 0.5102,
        "num_points": 2
      }
    },
    {
      "type": "Feature",
      "geometry": {
        "type": "LineString",
        "coordinates": [
          [
            -58.2784680043,
            -26.2775870033
          ],
          [
            -58.2782900106,
            -26.2776341912
          ]
        ]
      },
      "properties": {
        "id": 1020,
        "kml_id": 3020,
        "tension": "13.2",
        "n_distribu": "SALIDA TRES MARIAS",
        "localidad": "FORMOSA",
        "material": "AL/AL",
        "seccion": null,
        "depto": "FORMOSA",
        "length_km": 0.0185,
        "num_points": 2
      }
    },
    {
      "type": "Feature",
      "geometry": {
        "type": "LineString",
        "coordinates": [
          [
            -58.2974603828,
            -26.2622929804
          ],
          [
            -58.2974603828,
            -26.2622929804
          ]
        ]
      },
      "properties": {
        "id": 1021,
        "kml_id": 3021,
        "tension": "13.2",
        "n_distribu": "SALIDA C.D. TRES MARIAS",
        "localidad": "FORMOSA",
        "material": "AL/AL",
        "seccion": null,
        "depto": "FORMOSA",
        "length_km": 0.0,
        "num_points": 2
      }
    },
    {
      "type": "Feature",
      "geometry": {
        "type": "LineString",
        "coordinates": [
          [
            -58.2977943765026,
            -26.2592914470528
          ],
          [
            -58.2985367199201,
            -26.2595569781873
          ]
        ]
      },
      "properties": {
        "id": 1022,
        "kml_id": 3022,
        "tension": "13.2",
        "n_distribu": "SALIDA TRES MARIAS",
        "localidad": "FORMOSA",
        "material": "AL/AL",
        "seccion": null,
        "depto": "FORMOSA",
        "length_km": 0.0797,
        "num_points": 2
      }
    },
    {
      "type": "Feature",
      "geometry": {
        "type": "LineString",
        "coordinates": [
          [
            -58.2931476467138,
            -26.2682406550963
          ],
          [
            -58.2938092524012,
            -26.2667102793286
          ],
          [
            -58.2938106557203,
            -26.2667070332567
          ]
        ]
      },
      "properties": {
        "id": 1023,
        "kml_id": 3023,
        "tension": "13.2",
        "n_distribu": "SALIDA TRES MARIAS",
        "localidad": "FORMOSA",
        "material": "AL/AL",
        "seccion": null,
        "depto": "FORMOSA",
        "length_km": 0.1829,
        "num_points": 3
      }
    },
    {
      "type": "Feature",
      "geometry": {
        "type": "LineString",
        "coordinates": [
          [
            -58.2938092524012,
            -26.2667102793286
          ],
          [
            -58.2951024538665,
            -26.2650285510608
          ]
        ]
      },
      "properties": {
        "id": 1024,
        "kml_id": 3024,
        "tension": "13.2",
        "n_distribu": "SALIDA TRES MARIAS",
        "localidad": "FORMOSA",
        "material": "AL/AL",
        "seccion": null,
        "depto": "FORMOSA",
        "length_km": 0.2271,
        "num_points": 2
      }
    },
    {
      "type": "Feature",
      "geometry": {
        "type": "LineString",
        "coordinates": [
          [
            -58.2932485763338,
            -26.2680071936846
          ],
          [
            -58.29534009262,
            -26.2686921766883
          ]
        ]
      },
      "properties": {
        "id": 1025,
        "kml_id": 3025,
        "tension": "13.2",
        "n_distribu": "SALIDA TRES MARIAS",
        "localidad": "FORMOSA",
        "material": "AL/AL",
        "seccion": null,
        "depto": "FORMOSA",
        "length_km": 0.222,
        "num_points": 2
      }
    },
    {
      "type": "Feature",
      "geometry": {
        "type": "LineString",
        "coordinates": [
          [
            -58.1780100009,
            -26.1830239981
          ],
          [
            -58.1744569559,
            -26.1918546204
          ]
        ]
      },
      "properties": {
        "id": 1026,
        "kml_id": 23204,
        "tension": "13.2",
        "n_distribu": "82",
        "localidad": "FORMOSA",
        "material": "AL/AL",
        "seccion": "70",
        "depto": "FORMOSA",
        "length_km": 1.044,
        "num_points": 2
      }
    },
    {
      "type": "Feature",
      "geometry": {
        "type": "LineString",
        "coordinates": [
          [
            -58.1744535426,
            -26.1918631032
          ],
          [
            -58.1737159994,
            -26.1936959991
          ]
        ]
      },
      "properties": {
        "id": 1027,
        "kml_id": 23205,
        "tension": "13.2",
        "n_distribu": "82",
        "localidad": "FORMOSA",
        "material": "AL/AL",
        "seccion": "70",
        "depto": "FORMOSA",
        "length_km": 0.2167,
        "num_points": 2
      }
    },
    {
      "type": "Feature",
      "geometry": {
        "type": "LineString",
        "coordinates": [
          [
            -58.1772400006,
            -26.1864180013
          ],
          [
            -58.1767296758,
            -26.1862516218
          ],
          [
            -58.1766493691,
            -26.1864521308
          ],
          [
            -58.1766329083,
            -26.1864467396
          ]
        ]
      },
      "properties": {
        "id": 1028,
        "kml_id": 23206,
        "tension": "13.2",
        "n_distribu": "82",
        "localidad": "FORMOSA",
        "material": "AL/AL",
        "seccion": "50",
        "depto": "FORMOSA",
        "length_km": 0.0796,
        "num_points": 4
      }
    },
    {
      "type": "Feature",
      "geometry": {
        "type": "LineString",
        "coordinates": [
          [
            -58.1737044667,
            -26.1909043083
          ],
          [
            -58.1812385172,
            -26.1933741132
          ]
        ]
      },
      "properties": {
        "id": 1029,
        "kml_id": 23210,
        "tension": "13.2",
        "n_distribu": "82",
        "localidad": "FORMOSA",
        "material": "AL/AL",
        "seccion": "70",
        "depto": "FORMOSA",
        "length_km": 0.8003,
        "num_points": 2
      }
    },
    {
      "type": "Feature",
      "geometry": {
        "type": "LineString",
        "coordinates": [
          [
            -58.1704972958,
            -26.1913745674
          ],
          [
            -58.1711129981,
            -26.1898460039
          ]
        ]
      },
      "properties": {
        "id": 1030,
        "kml_id": 23211,
        "tension": "13.2",
        "n_distribu": "82",
        "localidad": "FORMOSA",
        "material": "AL/AL",
        "seccion": "50",
        "depto": "FORMOSA",
        "length_km": 0.1807,
        "num_points": 2
      }
    },
    {
      "type": "Feature",
      "geometry": {
        "type": "LineString",
        "coordinates": [
          [
            -58.1753059252,
            -26.1892368879
          ],
          [
            -58.1741719999,
            -26.1888599971
          ]
        ]
      },
      "properties": {
        "id": 1031,
        "kml_id": 23212,
        "tension": "13.2",
        "n_distribu": "82",
        "localidad": "FORMOSA",
        "material": "AL/AL",
        "seccion": "50",
        "depto": "FORMOSA",
        "length_km": 0.1207,
        "num_points": 2
      }
    },
    {
      "type": "Feature",
      "geometry": {
        "type": "LineString",
        "coordinates": [
          [
            -58.175192997,
            -26.1879320023
          ],
          [
            -58.1738806668,
            -26.187512338
          ]
        ]
      },
      "properties": {
        "id": 1032,
        "kml_id": 23215,
        "tension": "13.2",
        "n_distribu": "81",
        "localidad": "FORMOSA",
        "material": "AL/AL",
        "seccion": "50",
        "depto": "FORMOSA",
        "length_km": 0.139,
        "num_points": 2
      }
    },
    {
      "type": "Feature",
      "geometry": {
        "type": "LineString",
        "coordinates": [
          [
            -58.175192997,
            -26.1879320023
          ],
          [
            -58.1784191869,
            -26.1889856001
          ]
        ]
      },
      "properties": {
        "id": 1033,
        "kml_id": 23216,
        "tension": "13.2",
        "n_distribu": "81",
        "localidad": "FORMOSA",
        "material": "AL/AL",
        "seccion": "50",
        "depto": "FORMOSA",
        "length_km": 0.3426,
        "num_points": 2
      }
    },
    {
      "type": "Feature",
      "geometry": {
        "type": "LineString",
        "coordinates": [
          [
            -58.1721112263,
            -26.1869461152
          ],
          [
            -58.1723224747,
            -26.1869229767
          ]
        ]
      },
      "properties": {
        "id": 1034,
        "kml_id": 23217,
        "tension": "13.2",
        "n_distribu": "81",
        "localidad": "FORMOSA",
        "material": "AL/AL",
        "seccion": "35",
        "depto": "FORMOSA",
        "length_km": 0.0212,
        "num_points": 2
      }
    },
    {
      "type": "Feature",
      "geometry": {
        "type": "LineString",
        "coordinates": [
          [
            -58.1723224747,
            -26.1869229767
          ],
          [
            -58.172454993,
            -26.1865938069
          ]
        ]
      },
      "properties": {
        "id": 1035,
        "kml_id": 23218,
        "tension": "13.2",
        "n_distribu": "81",
        "localidad": "FORMOSA",
        "material": "AL/AL",
        "seccion": "35",
        "depto": "FORMOSA",
        "length_km": 0.0389,
        "num_points": 2
      }
    },
    {
      "type": "Feature",
      "geometry": {
        "type": "LineString",
        "coordinates": [
          [
            -58.2914901514152,
            -26.2723378006231
          ],
          [
            -58.2914901514152,
            -26.2723378006231
          ],
          [
            -58.2931476467138,
            -26.2682406550963
          ]
        ]
      },
      "properties": {
        "id": 1036,
        "kml_id": 3026,
        "tension": "13.2",
        "n_distribu": "SALIDA TRES MARIAS",
        "localidad": "FORMOSA",
        "material": "AL/AL",
        "seccion": null,
        "depto": "FORMOSA",
        "length_km": 0.4846,
        "num_points": 3
      }
    },
    {
      "type": "Feature",
      "geometry": {
        "type": "LineString",
        "coordinates": [
          [
            -58.3287983567032,
            -26.363652123317
          ],
          [
            -58.3285514191443,
            -26.3636848386333
          ],
          [
            -58.3285571820142,
            -26.3636877862753
          ],
          [
            -58.3276057517381,
            -26.3637887520991
          ],
          [
            -58.3270400366,
            -26.3638343557046
          ],
          [
            -58.3269171831477,
            -26.3638343560035
          ]
        ]
      },
      "properties": {
        "id": 1037,
        "kml_id": 996,
        "tension": "13.2",
        "n_distribu": "SALIDA RURAL C.D. HERRADURA",
        "localidad": "HERRADURA",
        "material": null,
        "seccion": null,
        "depto": null,
        "length_km": 0.1898,
        "num_points": 6
      }
    },
    {
      "type": "Feature",
      "geometry": {
        "type": "LineString",
        "coordinates": [
          [
            -58.3420741358443,
            -26.3885460752222
          ],
          [
            -58.3426800366,
            -26.3884099593
          ],
          [
            -58.3429200366,
            -26.3883399593
          ],
          [
            -58.3430500364281,
            -26.3883199594288
          ]
        ]
      },
      "properties": {
        "id": 1038,
        "kml_id": 1001,
        "tension": "13.2",
        "n_distribu": "SALIDA RURAL C.D. HERRADURA",
        "localidad": "HERRADURA",
        "material": null,
        "seccion": null,
        "depto": null,
        "length_km": 0.1005,
        "num_points": 4
      }
    },
    {
      "type": "Feature",
      "geometry": {
        "type": "LineString",
        "coordinates": [
          [
            -58.2815437628,
            -26.2690594972
          ],
          [
            -58.2914901514152,
            -26.2723378006231
          ]
        ]
      },
      "properties": {
        "id": 1039,
        "kml_id": 3028,
        "tension": "13.2",
        "n_distribu": "SALIDA TRES MARIAS",
        "localidad": "FORMOSA",
        "material": "AL/AL",
        "seccion": null,
        "depto": "FORMOSA",
        "length_km": 1.0566,
        "num_points": 2
      }
    },
    {
      "type": "Feature",
      "geometry": {
        "type": "LineString",
        "coordinates": [
          [
            -58.278467695,
            -26.2775870963
          ],
          [
            -58.2819412951,
            -26.2690283007
          ]
        ]
      },
      "properties": {
        "id": 1040,
        "kml_id": 3029,
        "tension": "13.2",
        "n_distribu": "SALIDA TRES MARIAS",
        "localidad": "FORMOSA",
        "material": "AL/AL",
        "seccion": null,
        "depto": "FORMOSA",
        "length_km": 1.0128,
        "num_points": 2
      }
    },
    {
      "type": "Feature",
      "geometry": {
        "type": "LineString",
        "coordinates": [
          [
            -58.2746047123,
            -26.2748403571
          ],
          [
            -58.2720610003,
            -26.2758779981
          ]
        ]
      },
      "properties": {
        "id": 1041,
        "kml_id": 3044,
        "tension": "13.2",
        "n_distribu": "SALIDA TRES MARIAS",
        "localidad": "FORMOSA",
        "material": "AL/AL",
        "seccion": null,
        "depto": "FORMOSA",
        "length_km": 0.2786,
        "num_points": 2
      }
    },
    {
      "type": "Feature",
      "geometry": {
        "type": "LineString",
        "coordinates": [
          [
            -58.2720610003,
            -26.2758779981
          ],
          [
            -58.2683430036,
            -26.2767899989
          ]
        ]
      },
      "properties": {
        "id": 1042,
        "kml_id": 3045,
        "tension": "13.2",
        "n_distribu": "SALIDA TRES MARIAS",
        "localidad": "FORMOSA",
        "material": "AL/AL",
        "seccion": null,
        "depto": "FORMOSA",
        "length_km": 0.3843,
        "num_points": 2
      }
    },
    {
      "type": "Feature",
      "geometry": {
        "type": "LineString",
        "coordinates": [
          [
            -58.1855871865,
            -26.1638808029
          ],
          [
            -58.1852999634,
            -26.1645956977
          ]
        ]
      },
      "properties": {
        "id": 1043,
        "kml_id": 23743,
        "tension": "13.2",
        "n_distribu": "003",
        "localidad": "FORMOSA",
        "material": "AL/AL",
        "seccion": "50",
        "depto": "FORMOSA",
        "length_km": 0.0845,
        "num_points": 2
      }
    },
    {
      "type": "Feature",
      "geometry": {
        "type": "LineString",
        "coordinates": [
          [
            -58.1858130042672,
            -26.1819098507564
          ],
          [
            -58.180840048259,
            -26.1802832254554
          ]
        ]
      },
      "properties": {
        "id": 1044,
        "kml_id": 23746,
        "tension": "13.2",
        "n_distribu": "004",
        "localidad": "FORMOSA",
        "material": "AL/AL",
        "seccion": "50",
        "depto": "FORMOSA",
        "length_km": 0.5282,
        "num_points": 2
      }
    },
    {
      "type": "Feature",
      "geometry": {
        "type": "LineString",
        "coordinates": [
          [
            -58.1786767313282,
            -26.1785271340887
          ],
          [
            -58.1781558354933,
            -26.1783541393252
          ]
        ]
      },
      "properties": {
        "id": 1045,
        "kml_id": 23747,
        "tension": "13.2",
        "n_distribu": "004",
        "localidad": "FORMOSA",
        "material": "AL/AL",
        "seccion": "50",
        "depto": "FORMOSA",
        "length_km": 0.0554,
        "num_points": 2
      }
    },
    {
      "type": "Feature",
      "geometry": {
        "type": "LineString",
        "coordinates": [
          [
            -58.1796215867932,
            -26.1762637759801
          ],
          [
            -58.178848367104,
            -26.1760181425312
          ]
        ]
      },
      "properties": {
        "id": 1046,
        "kml_id": 23748,
        "tension": "13.2",
        "n_distribu": "004",
        "localidad": "FORMOSA",
        "material": "AL/AL",
        "seccion": "70",
        "depto": "FORMOSA",
        "length_km": 0.0819,
        "num_points": 2
      }
    },
    {
      "type": "Feature",
      "geometry": {
        "type": "LineString",
        "coordinates": [
          [
            -58.1825228780289,
            -26.1682830484538
          ],
          [
            -58.1822336530769,
            -26.1690054018551
          ]
        ]
      },
      "properties": {
        "id": 1047,
        "kml_id": 23749,
        "tension": "13.2",
        "n_distribu": "004",
        "localidad": "FORMOSA",
        "material": "AL/AL",
        "seccion": "70",
        "depto": "FORMOSA",
        "length_km": 0.0854,
        "num_points": 2
      }
    },
    {
      "type": "Feature",
      "geometry": {
        "type": "LineString",
        "coordinates": [
          [
            -58.1842981232,
            -26.1702337176
          ],
          [
            -58.184766413709,
            -26.1690726850089
          ]
        ]
      },
      "properties": {
        "id": 1048,
        "kml_id": 23750,
        "tension": "13.2",
        "n_distribu": "004",
        "localidad": "FORMOSA",
        "material": "AL/AL",
        "seccion": "35",
        "depto": "FORMOSA",
        "length_km": 0.1373,
        "num_points": 2
      }
    },
    {
      "type": "Feature",
      "geometry": {
        "type": "LineString",
        "coordinates": [
          [
            -58.1773817216,
            -26.1369414979
          ],
          [
            -58.1751922789519,
            -26.1425738270588
          ]
        ]
      },
      "properties": {
        "id": 1049,
        "kml_id": 23828,
        "tension": "13.2",
        "n_distribu": "020",
        "localidad": "FORMOSA",
        "material": null,
        "seccion": null,
        "depto": "FORMOSA",
        "length_km": 0.6633,
        "num_points": 2
      }
    },
    {
      "type": "Feature",
      "geometry": {
        "type": "LineString",
        "coordinates": [
          [
            -58.1740273008674,
            -26.1363324847276
          ],
          [
            -58.1715484368606,
            -26.142594627391
          ]
        ]
      },
      "properties": {
        "id": 1050,
        "kml_id": 23829,
        "tension": "13.2",
        "n_distribu": "020",
        "localidad": "FORMOSA",
        "material": null,
        "seccion": null,
        "depto": "FORMOSA",
        "length_km": 0.739,
        "num_points": 2
      }
    },
    {
      "type": "Feature",
      "geometry": {
        "type": "LineString",
        "coordinates": [
          [
            -58.1932664302,
            -26.1373985771
          ],
          [
            -58.1920072056,
            -26.1369882329
          ]
        ]
      },
      "properties": {
        "id": 1051,
        "kml_id": 23831,
        "tension": "13.2",
        "n_distribu": "021",
        "localidad": "FORMOSA",
        "material": null,
        "seccion": null,
        "depto": "FORMOSA",
        "length_km": 0.1337,
        "num_points": 2
      }
    },
    {
      "type": "Feature",
      "geometry": {
        "type": "LineString",
        "coordinates": [
          [
            -58.1940087861,
            -26.1370751878
          ],
          [
            -58.1934646872,
            -26.1368978863
          ],
          [
            -58.1932664302,
            -26.1373985771
          ]
        ]
      },
      "properties": {
        "id": 1052,
        "kml_id": 23832,
        "tension": "13.2",
        "n_distribu": "021",
        "localidad": "FORMOSA",
        "material": null,
        "seccion": null,
        "depto": "FORMOSA",
        "length_km": 0.1169,
        "num_points": 3
      }
    },
    {
      "type": "Feature",
      "geometry": {
        "type": "LineString",
        "coordinates": [
          [
            -58.1853646579,
            -26.1555084268
          ],
          [
            -58.1893044529654,
            -26.1568079949417
          ]
        ]
      },
      "properties": {
        "id": 1053,
        "kml_id": 23833,
        "tension": "13.2",
        "n_distribu": "021",
        "localidad": "FORMOSA",
        "material": null,
        "seccion": null,
        "depto": "FORMOSA",
        "length_km": 0.4189,
        "num_points": 2
      }
    },
    {
      "type": "Feature",
      "geometry": {
        "type": "LineString",
        "coordinates": [
          [
            -58.1885204600045,
            -26.1564525051382
          ],
          [
            -58.1880852540925,
            -26.1575244660223
          ]
        ]
      },
      "properties": {
        "id": 1054,
        "kml_id": 23834,
        "tension": "13.2",
        "n_distribu": "021",
        "localidad": "FORMOSA",
        "material": null,
        "seccion": null,
        "depto": "FORMOSA",
        "length_km": 0.1269,
        "num_points": 2
      }
    },
    {
      "type": "Feature",
      "geometry": {
        "type": "LineString",
        "coordinates": [
          [
            -58.1923271768,
            -26.1368915079
          ],
          [
            -58.1909100778,
            -26.1404473258
          ]
        ]
      },
      "properties": {
        "id": 1055,
        "kml_id": 23835,
        "tension": "13.2",
        "n_distribu": "021",
        "localidad": "FORMOSA",
        "material": null,
        "seccion": null,
        "depto": "FORMOSA",
        "length_km": 0.4199,
        "num_points": 2
      }
    },
    {
      "type": "Feature",
      "geometry": {
        "type": "LineString",
        "coordinates": [
          [
            -58.1909100778,
            -26.1404473258
          ],
          [
            -58.1906627058,
            -26.1405156051
          ],
          [
            -58.1890237513,
            -26.1400164829
          ],
          [
            -58.1886054611591,
            -26.1409426851244
          ],
          [
            -58.1892650701194,
            -26.1419865552823
          ],
          [
            -58.1899994800958,
            -26.1432959581597
          ],
          [
            -58.1893809376885,
            -26.1453781705763
          ],
          [
            -58.1854202374,
            -26.1553723679
          ],
          [
            -58.1849660944,
            -26.156479192
          ],
          [
            -58.1838676754822,
            -26.1592069322595
          ]
        ]
      },
      "properties": {
        "id": 1056,
        "kml_id": 23836,
        "tension": "13.2",
        "n_distribu": "021",
        "localidad": "FORMOSA",
        "material": null,
        "seccion": null,
        "depto": "FORMOSA",
        "length_km": 2.479,
        "num_points": 10
      }
    },
    {
      "type": "Feature",
      "geometry": {
        "type": "LineString",
        "coordinates": [
          [
            -58.1850112129,
            -26.1563692315
          ],
          [
            -58.1795675053596,
            -26.1545615149323
          ],
          [
            -58.179045733082,
            -26.1543882461828
          ]
        ]
      },
      "properties": {
        "id": 1057,
        "kml_id": 23837,
        "tension": "13.2",
        "n_distribu": "021",
        "localidad": "FORMOSA",
        "material": null,
        "seccion": null,
        "depto": "FORMOSA",
        "length_km": 0.6348,
        "num_points": 3
      }
    },
    {
      "type": "Feature",
      "geometry": {
        "type": "LineString",
        "coordinates": [
          [
            -58.1939527246,
            -26.1372306272
          ],
          [
            -58.1934144682141,
            -26.1370540268565
          ],
          [
            -58.1918560656913,
            -26.1408908409756
          ],
          [
            -58.1916860321,
            -26.1409959705
          ]
        ]
      },
      "properties": {
        "id": 1058,
        "kml_id": 23841,
        "tension": "13.2",
        "n_distribu": "023",
        "localidad": "FORMOSA",
        "material": null,
        "seccion": null,
        "depto": "FORMOSA",
        "length_km": 0.5319,
        "num_points": 4
      }
    },
    {
      "type": "Feature",
      "geometry": {
        "type": "LineString",
        "coordinates": [
          [
            -58.1916861856,
            -26.1409960731
          ],
          [
            -58.1916861856,
            -26.1409960731
          ]
        ]
      },
      "properties": {
        "id": 1059,
        "kml_id": 23842,
        "tension": "13.2",
        "n_distribu": "023",
        "localidad": "FORMOSA",
        "material": null,
        "seccion": null,
        "depto": "FORMOSA",
        "length_km": 0.0,
        "num_points": 2
      }
    },
    {
      "type": "Feature",
      "geometry": {
        "type": "LineString",
        "coordinates": [
          [
            -58.1916860321,
            -26.1409959705
          ],
          [
            -58.1913439886,
            -26.1407675377
          ],
          [
            -58.1907241692,
            -26.1404733915
          ],
          [
            -58.182725893,
            -26.1380522351
          ],
          [
            -58.1768003779,
            -26.1363249236
          ]
        ]
      },
      "properties": {
        "id": 1060,
        "kml_id": 23843,
        "tension": "13.2",
        "n_distribu": "023",
        "localidad": "FORMOSA",
        "material": null,
        "seccion": null,
        "depto": "FORMOSA",
        "length_km": 1.577,
        "num_points": 5
      }
    },
    {
      "type": "Feature",
      "geometry": {
        "type": "LineString",
        "coordinates": [
          [
            -58.2073128621,
            -26.1842102872
          ],
          [
            -58.2071148445,
            -26.1841454387
          ]
        ]
      },
      "properties": {
        "id": 1061,
        "kml_id": 23876,
        "tension": "13.2",
        "n_distribu": "102",
        "localidad": "FORMOSA",
        "material": null,
        "seccion": null,
        "depto": "FORMOSA",
        "length_km": 0.021,
        "num_points": 2
      }
    },
    {
      "type": "Feature",
      "geometry": {
        "type": "LineString",
        "coordinates": [
          [
            -58.2061962647313,
            -26.1863605983573
          ],
          [
            -58.2088354541,
            -26.1798239676
          ]
        ]
      },
      "properties": {
        "id": 1062,
        "kml_id": 23877,
        "tension": "13.2",
        "n_distribu": "102",
        "localidad": "FORMOSA",
        "material": null,
        "seccion": null,
        "depto": "FORMOSA",
        "length_km": 0.7731,
        "num_points": 2
      }
    },
    {
      "type": "Feature",
      "geometry": {
        "type": "LineString",
        "coordinates": [
          [
            -58.2072471196,
            -26.1835742648
          ],
          [
            -58.2062926559441,
            -26.1859579462914
          ],
          [
            -58.2062849616002,
            -26.1859828938759
          ]
        ]
      },
      "properties": {
        "id": 1063,
        "kml_id": 23878,
        "tension": "13.2",
        "n_distribu": "102",
        "localidad": "FORMOSA",
        "material": null,
        "seccion": null,
        "depto": "FORMOSA",
        "length_km": 0.2845,
        "num_points": 3
      }
    },
    {
      "type": "Feature",
      "geometry": {
        "type": "LineString",
        "coordinates": [
          [
            -58.2090532499,
            -26.1787447121
          ],
          [
            -58.2090703076,
            -26.1792353819
          ]
        ]
      },
      "properties": {
        "id": 1064,
        "kml_id": 23879,
        "tension": "13.2",
        "n_distribu": "102",
        "localidad": "FORMOSA",
        "material": null,
        "seccion": null,
        "depto": "FORMOSA",
        "length_km": 0.0546,
        "num_points": 2
      }
    },
    {
      "type": "Feature",
      "geometry": {
        "type": "LineString",
        "coordinates": [
          [
            -58.2071148445,
            -26.1841454387
          ],
          [
            -58.2050316163,
            -26.1834663772
          ]
        ]
      },
      "properties": {
        "id": 1065,
        "kml_id": 23880,
        "tension": "13.2",
        "n_distribu": "102",
        "localidad": "FORMOSA",
        "material": null,
        "seccion": null,
        "depto": "FORMOSA",
        "length_km": 0.2212,
        "num_points": 2
      }
    },
    {
      "type": "Feature",
      "geometry": {
        "type": "LineString",
        "coordinates": [
          [
            -58.2110900226,
            -26.1854439351
          ],
          [
            -58.208961192,
            -26.1847500836
          ]
        ]
      },
      "properties": {
        "id": 1066,
        "kml_id": 23881,
        "tension": "13.2",
        "n_distribu": "102",
        "localidad": "FORMOSA",
        "material": null,
        "seccion": null,
        "depto": "FORMOSA",
        "length_km": 0.226,
        "num_points": 2
      }
    },
    {
      "type": "Feature",
      "geometry": {
        "type": "LineString",
        "coordinates": [
          [
            -58.2021054399496,
            -26.1966477546663
          ],
          [
            -58.2022185124,
            -26.196752541
          ]
        ]
      },
      "properties": {
        "id": 1067,
        "kml_id": 23883,
        "tension": "13.2",
        "n_distribu": "102",
        "localidad": "FORMOSA",
        "material": "SUBTERRANEO",
        "seccion": null,
        "depto": "FORMOSA",
        "length_km": 0.0162,
        "num_points": 2
      }
    },
    {
      "type": "Feature",
      "geometry": {
        "type": "LineString",
        "coordinates": [
          [
            -58.1909393538817,
            -26.1572595340295
          ],
          [
            -58.1904302596774,
            -26.1585040048781
          ],
          [
            -58.190275003998,
            -26.1585785430753
          ],
          [
            -58.1947896529,
            -26.160349859
          ],
          [
            -58.1950570373185,
            -26.1603254713897
          ],
          [
            -58.1979931774077,
            -26.1530499735546
          ]
        ]
      },
      "properties": {
        "id": 1068,
        "kml_id": 23928,
        "tension": "13.2",
        "n_distribu": "22",
        "localidad": "FORMOSA",
        "material": null,
        "seccion": null,
        "depto": "FORMOSA",
        "length_km": 1.544,
        "num_points": 6
      }
    },
    {
      "type": "Feature",
      "geometry": {
        "type": "LineString",
        "coordinates": [
          [
            -58.1907270610878,
            -26.1574383317254
          ],
          [
            -58.1930840486147,
            -26.1582220556146
          ]
        ]
      },
      "properties": {
        "id": 1069,
        "kml_id": 23929,
        "tension": "13.2",
        "n_distribu": "22",
        "localidad": "FORMOSA",
        "material": null,
        "seccion": null,
        "depto": "FORMOSA",
        "length_km": 0.2509,
        "num_points": 2
      }
    },
    {
      "type": "Feature",
      "geometry": {
        "type": "LineString",
        "coordinates": [
          [
            -58.1926923379287,
            -26.1423942279748
          ],
          [
            -58.2011376445644,
            -26.1451230046865
          ]
        ]
      },
      "properties": {
        "id": 1070,
        "kml_id": 23930,
        "tension": "13.2",
        "n_distribu": "22",
        "localidad": "FORMOSA",
        "material": "AL/AL",
        "seccion": null,
        "depto": "FORMOSA",
        "length_km": 0.8959,
        "num_points": 2
      }
    },
    {
      "type": "Feature",
      "geometry": {
        "type": "LineString",
        "coordinates": [
          [
            -58.1981033027066,
            -26.1441414627119
          ],
          [
            -58.1981344909792,
            -26.1442352890898
          ],
          [
            -58.1975902193373,
            -26.1455758407211
          ]
        ]
      },
      "properties": {
        "id": 1071,
        "kml_id": 23931,
        "tension": "13.2",
        "n_distribu": "22",
        "localidad": "FORMOSA",
        "material": "AL/AL",
        "seccion": null,
        "depto": "FORMOSA",
        "length_km": 0.1695,
        "num_points": 3
      }
    },
    {
      "type": "Feature",
      "geometry": {
        "type": "LineString",
        "coordinates": [
          [
            -58.2302965549,
            -26.191532944
          ],
          [
            -58.2295323438,
            -26.1934550029
          ]
        ]
      },
      "properties": {
        "id": 1072,
        "kml_id": 23932,
        "tension": "13.2",
        "n_distribu": "1103",
        "localidad": "FORMOSA",
        "material": null,
        "seccion": null,
        "depto": "FORMOSA",
        "length_km": 0.2269,
        "num_points": 2
      }
    },
    {
      "type": "Feature",
      "geometry": {
        "type": "LineString",
        "coordinates": [
          [
            -58.2141515796726,
            -26.1969648535158
          ],
          [
            -58.2192175603,
            -26.1986238998
          ]
        ]
      },
      "properties": {
        "id": 1073,
        "kml_id": 23933,
        "tension": "13.2",
        "n_distribu": "601",
        "localidad": "FORMOSA",
        "material": null,
        "seccion": null,
        "depto": "FORMOSA",
        "length_km": 0.5381,
        "num_points": 2
      }
    },
    {
      "type": "Feature",
      "geometry": {
        "type": "LineString",
        "coordinates": [
          [
            -58.2029507694555,
            -26.167911307527
          ],
          [
            -58.2036611031335,
            -26.1661419162679
          ]
        ]
      },
      "properties": {
        "id": 1074,
        "kml_id": 23984,
        "tension": "13.2",
        "n_distribu": "109",
        "localidad": "FORMOSA",
        "material": "AL/AL",
        "seccion": "70",
        "depto": "FORMOSA",
        "length_km": 0.2091,
        "num_points": 2
      }
    },
    {
      "type": "Feature",
      "geometry": {
        "type": "LineString",
        "coordinates": [
          [
            -58.1971050132177,
            -26.1673922485072
          ],
          [
            -58.2009654136493,
            -26.1686529164503
          ]
        ]
      },
      "properties": {
        "id": 1075,
        "kml_id": 23986,
        "tension": "13.2",
        "n_distribu": "109",
        "localidad": "FORMOSA",
        "material": "AL/AL",
        "seccion": "70",
        "depto": "FORMOSA",
        "length_km": 0.41,
        "num_points": 2
      }
    },
    {
      "type": "Feature",
      "geometry": {
        "type": "LineString",
        "coordinates": [
          [
            -58.1987540961,
            -26.1667471244
          ],
          [
            -58.1983787010994,
            -26.167694563138
          ],
          [
            -58.1983125676864,
            -26.1679080391834
          ]
        ]
      },
      "properties": {
        "id": 1076,
        "kml_id": 23987,
        "tension": "13.2",
        "n_distribu": "109",
        "localidad": "FORMOSA",
        "material": "AL/AL",
        "seccion": "50",
        "depto": "FORMOSA",
        "length_km": 0.1365,
        "num_points": 3
      }
    },
    {
      "type": "Feature",
      "geometry": {
        "type": "LineString",
        "coordinates": [
          [
            -58.1972220376,
            -26.1673919255
          ],
          [
            -58.1954951020857,
            -26.1717114340119
          ]
        ]
      },
      "properties": {
        "id": 1077,
        "kml_id": 23988,
        "tension": "13.2",
        "n_distribu": "109",
        "localidad": "FORMOSA",
        "material": "AL/AL",
        "seccion": "50",
        "depto": "FORMOSA",
        "length_km": 0.5103,
        "num_points": 2
      }
    },
    {
      "type": "Feature",
      "geometry": {
        "type": "LineString",
        "coordinates": [
          [
            -58.1669682552167,
            -26.1341019883862
          ],
          [
            -58.1660169251178,
            -26.1364782791379
          ]
        ]
      },
      "properties": {
        "id": 1078,
        "kml_id": 24033,
        "tension": "13.2",
        "n_distribu": "502",
        "localidad": null,
        "material": null,
        "seccion": null,
        "depto": null,
        "length_km": 0.2808,
        "num_points": 2
      }
    },
    {
      "type": "Feature",
      "geometry": {
        "type": "LineString",
        "coordinates": [
          [
            -58.1671569590005,
            -26.1360702991858
          ],
          [
            -58.1618030780246,
            -26.1342431823744
          ]
        ]
      },
      "properties": {
        "id": 1079,
        "kml_id": 24034,
        "tension": "13.2",
        "n_distribu": "502",
        "localidad": null,
        "material": null,
        "seccion": null,
        "depto": null,
        "length_km": 0.5718,
        "num_points": 2
      }
    },
    {
      "type": "Feature",
      "geometry": {
        "type": "LineString",
        "coordinates": [
          [
            -58.1660787737812,
            -26.1348323722731
          ],
          [
            -58.1657727423018,
            -26.1356233292465
          ]
        ]
      },
      "properties": {
        "id": 1080,
        "kml_id": 24035,
        "tension": "13.2",
        "n_distribu": "502",
        "localidad": null,
        "material": null,
        "seccion": null,
        "depto": null,
        "length_km": 0.0931,
        "num_points": 2
      }
    },
    {
      "type": "Feature",
      "geometry": {
        "type": "LineString",
        "coordinates": [
          [
            -58.1656887306544,
            -26.1355618744452
          ],
          [
            -58.1654366957121,
            -26.1361568672989
          ]
        ]
      },
      "properties": {
        "id": 1081,
        "kml_id": 24036,
        "tension": "13.2",
        "n_distribu": "502",
        "localidad": null,
        "material": null,
        "seccion": null,
        "depto": null,
        "length_km": 0.0708,
        "num_points": 2
      }
    },
    {
      "type": "Feature",
      "geometry": {
        "type": "LineString",
        "coordinates": [
          [
            -58.1650990206802,
            -26.1334075980325
          ],
          [
            -58.1650990206802,
            -26.1334075980325
          ],
          [
            -58.1625787439288,
            -26.1398126547314
          ]
        ]
      },
      "properties": {
        "id": 1082,
        "kml_id": 24037,
        "tension": "13.2",
        "n_distribu": "502",
        "localidad": null,
        "material": null,
        "seccion": null,
        "depto": null,
        "length_km": 0.7553,
        "num_points": 3
      }
    },
    {
      "type": "Feature",
      "geometry": {
        "type": "LineString",
        "coordinates": [
          [
            -58.1629441196874,
            -26.1365876429228
          ],
          [
            -58.170393869711,
            -26.1390374014202
          ]
        ]
      },
      "properties": {
        "id": 1083,
        "kml_id": 24039,
        "tension": "13.2",
        "n_distribu": "502",
        "localidad": null,
        "material": null,
        "seccion": null,
        "depto": null,
        "length_km": 0.792,
        "num_points": 2
      }
    },
    {
      "type": "Feature",
      "geometry": {
        "type": "LineString",
        "coordinates": [
          [
            -58.1619009121199,
            -26.1318868605917
          ],
          [
            -58.1630144465232,
            -26.1322194779194
          ],
          [
            -58.1632659816331,
            -26.1322932570979
          ]
        ]
      },
      "properties": {
        "id": 1084,
        "kml_id": 24044,
        "tension": "13.2",
        "n_distribu": "504",
        "localidad": "FORMOSA",
        "material": "AL",
        "seccion": "3x70",
        "depto": "FORMOSA",
        "length_km": 0.1436,
        "num_points": 3
      }
    },
    {
      "type": "Feature",
      "geometry": {
        "type": "LineString",
        "coordinates": [
          [
            -58.1650607730619,
            -26.1333961716113
          ],
          [
            -58.1548885705744,
            -26.1300737118426
          ]
        ]
      },
      "properties": {
        "id": 1085,
        "kml_id": 24045,
        "tension": "13.2",
        "n_distribu": "504",
        "localidad": null,
        "material": null,
        "seccion": null,
        "depto": null,
        "length_km": 1.0806,
        "num_points": 2
      }
    },
    {
      "type": "Feature",
      "geometry": {
        "type": "LineString",
        "coordinates": [
          [
            -58.1624827871165,
            -26.1325698916187
          ],
          [
            -58.1610986255037,
            -26.1359820441237
          ],
          [
            -58.1607769795937,
            -26.1367747739988
          ]
        ]
      },
      "properties": {
        "id": 1086,
        "kml_id": 24046,
        "tension": "13.2",
        "n_distribu": "504",
        "localidad": "FORMOSA",
        "material": "AL/AL",
        "seccion": null,
        "depto": "FORMOSA",
        "length_km": 0.4976,
        "num_points": 3
      }
    },
    {
      "type": "Feature",
      "geometry": {
        "type": "LineString",
        "coordinates": [
          [
            -58.1599170030854,
            -26.1356807652457
          ],
          [
            -58.1601012988338,
            -26.1351888764729
          ]
        ]
      },
      "properties": {
        "id": 1087,
        "kml_id": 24048,
        "tension": "13.2",
        "n_distribu": "504",
        "localidad": "FORMOSA",
        "material": "AL/AL",
        "seccion": null,
        "depto": "FORMOSA",
        "length_km": 0.0577,
        "num_points": 2
      }
    },
    {
      "type": "Feature",
      "geometry": {
        "type": "LineString",
        "coordinates": [
          [
            -58.1501159209998,
            -26.1305102037276
          ],
          [
            -58.1466718929008,
            -26.1294881428085
          ]
        ]
      },
      "properties": {
        "id": 1088,
        "kml_id": 24101,
        "tension": "13.2",
        "n_distribu": "503",
        "localidad": null,
        "material": null,
        "seccion": null,
        "depto": null,
        "length_km": 0.3621,
        "num_points": 2
      }
    },
    {
      "type": "Feature",
      "geometry": {
        "type": "LineString",
        "coordinates": [
          [
            -58.1499651288918,
            -26.1310172754093
          ],
          [
            -58.1458447465289,
            -26.1298281072791
          ]
        ]
      },
      "properties": {
        "id": 1089,
        "kml_id": 24102,
        "tension": "13.2",
        "n_distribu": "503",
        "localidad": null,
        "material": null,
        "seccion": null,
        "depto": null,
        "length_km": 0.4321,
        "num_points": 2
      }
    },
    {
      "type": "Feature",
      "geometry": {
        "type": "LineString",
        "coordinates": [
          [
            -58.1062193989,
            -26.1181037009
          ],
          [
            -58.1024267971,
            -26.1106179001
          ]
        ]
      },
      "properties": {
        "id": 1090,
        "kml_id": 24120,
        "tension": "13.2",
        "n_distribu": "SALIDA MOJON",
        "localidad": null,
        "material": "AL/AL",
        "seccion": null,
        "depto": null,
        "length_km": 0.9145,
        "num_points": 2
      }
    },
    {
      "type": "Feature",
      "geometry": {
        "type": "LineString",
        "coordinates": [
          [
            -58.1508404566884,
            -26.126493453013
          ],
          [
            -58.1508018355106,
            -26.128655696622
          ]
        ]
      },
      "properties": {
        "id": 1091,
        "kml_id": 24091,
        "tension": "13.2",
        "n_distribu": "501",
        "localidad": "FORMOSA",
        "material": "AL/AL",
        "seccion": "35",
        "depto": "FORMOSA",
        "length_km": 0.2405,
        "num_points": 2
      }
    },
    {
      "type": "Feature",
      "geometry": {
        "type": "LineString",
        "coordinates": [
          [
            -58.2674742013,
            -26.2771054016
          ],
          [
            -58.2595839993,
            -26.2815719968
          ]
        ]
      },
      "properties": {
        "id": 1092,
        "kml_id": 3047,
        "tension": "13.2",
        "n_distribu": "SALIDA TRES MARIAS",
        "localidad": "FORMOSA",
        "material": "AL/AL",
        "seccion": null,
        "depto": "FORMOSA",
        "length_km": 0.9303,
        "num_points": 2
      }
    },
    {
      "type": "Feature",
      "geometry": {
        "type": "LineString",
        "coordinates": [
          [
            -58.2185738048078,
            -26.1705336918323
          ],
          [
            -58.2153633010865,
            -26.1694617215909
          ],
          [
            -58.2109165044,
            -26.1680352075
          ]
        ]
      },
      "properties": {
        "id": 1093,
        "kml_id": 23982,
        "tension": "13.2",
        "n_distribu": "1101",
        "localidad": "FORMOSA",
        "material": null,
        "seccion": null,
        "depto": "FORMOSA",
        "length_km": 0.8131,
        "num_points": 3
      }
    },
    {
      "type": "Feature",
      "geometry": {
        "type": "LineString",
        "coordinates": [
          [
            -58.2123576016,
            -26.1648323044
          ],
          [
            -58.2086870132,
            -26.1636426509
          ]
        ]
      },
      "properties": {
        "id": 1094,
        "kml_id": 23989,
        "tension": "13.2",
        "n_distribu": "1101",
        "localidad": "FORMOSA",
        "material": null,
        "seccion": null,
        "depto": "FORMOSA",
        "length_km": 0.3895,
        "num_points": 2
      }
    },
    {
      "type": "Feature",
      "geometry": {
        "type": "LineString",
        "coordinates": [
          [
            -58.2087216370063,
            -26.1638721224314
          ],
          [
            -58.2091131768094,
            -26.1629192345434
          ],
          [
            -58.2093295649506,
            -26.1623962134608
          ],
          [
            -58.210269100878,
            -26.1599781788521
          ]
        ]
      },
      "properties": {
        "id": 1095,
        "kml_id": 23990,
        "tension": "13.2",
        "n_distribu": "1101",
        "localidad": "FORMOSA",
        "material": null,
        "seccion": null,
        "depto": "FORMOSA",
        "length_km": 0.4597,
        "num_points": 4
      }
    },
    {
      "type": "Feature",
      "geometry": {
        "type": "LineString",
        "coordinates": [
          [
            -58.2123551291,
            -26.1637759706
          ],
          [
            -58.2146615732,
            -26.1645234457
          ],
          [
            -58.2147387921,
            -26.1645964135
          ],
          [
            -58.216919866921,
            -26.1591230427158
          ]
        ]
      },
      "properties": {
        "id": 1096,
        "kml_id": 23991,
        "tension": "13.2",
        "n_distribu": "1101",
        "localidad": "FORMOSA",
        "material": "AL/AL",
        "seccion": "35",
        "depto": "FORMOSA",
        "length_km": 0.9023,
        "num_points": 4
      }
    },
    {
      "type": "Feature",
      "geometry": {
        "type": "LineString",
        "coordinates": [
          [
            -58.2226324468083,
            -26.1659773888897
          ],
          [
            -58.2188828284029,
            -26.1647901848099
          ]
        ]
      },
      "properties": {
        "id": 1097,
        "kml_id": 23994,
        "tension": "13.2",
        "n_distribu": "1101",
        "localidad": "FORMOSA",
        "material": null,
        "seccion": null,
        "depto": "FORMOSA",
        "length_km": 0.3968,
        "num_points": 2
      }
    },
    {
      "type": "Feature",
      "geometry": {
        "type": "LineString",
        "coordinates": [
          [
            -58.2200165780362,
            -26.1513518979658
          ],
          [
            -58.2203004661366,
            -26.1513327805265
          ]
        ]
      },
      "properties": {
        "id": 1098,
        "kml_id": 23995,
        "tension": "13.2",
        "n_distribu": "1101",
        "localidad": "FORMOSA",
        "material": null,
        "seccion": null,
        "depto": "FORMOSA",
        "length_km": 0.0284,
        "num_points": 2
      }
    },
    {
      "type": "Feature",
      "geometry": {
        "type": "LineString",
        "coordinates": [
          [
            -58.2284895639213,
            -26.1540345121307
          ],
          [
            -58.2296807889406,
            -26.1510068735627
          ]
        ]
      },
      "properties": {
        "id": 1099,
        "kml_id": 23997,
        "tension": "13.2",
        "n_distribu": "1101",
        "localidad": "FORMOSA",
        "material": null,
        "seccion": null,
        "depto": "FORMOSA",
        "length_km": 0.357,
        "num_points": 2
      }
    },
    {
      "type": "Feature",
      "geometry": {
        "type": "LineString",
        "coordinates": [
          [
            -58.2161561777025,
            -26.167491898501
          ],
          [
            -58.2150906032071,
            -26.1671466614371
          ]
        ]
      },
      "properties": {
        "id": 1100,
        "kml_id": 34468,
        "tension": "13.2",
        "n_distribu": "1101",
        "localidad": "FORMOSA",
        "material": null,
        "seccion": null,
        "depto": null,
        "length_km": 0.1131,
        "num_points": 2
      }
    },
    {
      "type": "Feature",
      "geometry": {
        "type": "LineString",
        "coordinates": [
          [
            -58.2245205575432,
            -26.1400492367236
          ],
          [
            -58.2258459782989,
            -26.1366511919049
          ]
        ]
      },
      "properties": {
        "id": 1101,
        "kml_id": 34476,
        "tension": "13.2",
        "n_distribu": "1101",
        "localidad": "FORMOSA",
        "material": "AL/AL",
        "seccion": "35",
        "depto": "FORMOSA",
        "length_km": 0.4003,
        "num_points": 2
      }
    },
    {
      "type": "Feature",
      "geometry": {
        "type": "LineString",
        "coordinates": [
          [
            -58.216919866921,
            -26.1591230427158
          ],
          [
            -58.2200165780362,
            -26.1513518979658
          ],
          [
            -58.2245205575432,
            -26.1400492367236
          ]
        ]
      },
      "properties": {
        "id": 1102,
        "kml_id": 34792,
        "tension": "13.2",
        "n_distribu": "1101",
        "localidad": "FORMOSA",
        "material": "AL/AL",
        "seccion": "35",
        "depto": "FORMOSA",
        "length_km": 2.2525,
        "num_points": 3
      }
    },
    {
      "type": "Feature",
      "geometry": {
        "type": "LineString",
        "coordinates": [
          [
            -58.2203004661366,
            -26.1513327805265
          ],
          [
            -58.2284895639213,
            -26.1540345121307
          ],
          [
            -58.2285017766739,
            -26.1540383426807
          ]
        ]
      },
      "properties": {
        "id": 1103,
        "kml_id": 34793,
        "tension": "13.2",
        "n_distribu": "1101",
        "localidad": "FORMOSA",
        "material": null,
        "seccion": null,
        "depto": "FORMOSA",
        "length_km": 0.8721,
        "num_points": 3
      }
    },
    {
      "type": "Feature",
      "geometry": {
        "type": "LineString",
        "coordinates": [
          [
            -58.2093415082325,
            -26.1738521918603
          ],
          [
            -58.2087744805784,
            -26.1733707969539
          ]
        ]
      },
      "properties": {
        "id": 1104,
        "kml_id": 46407,
        "tension": "13.2",
        "n_distribu": "1101",
        "localidad": "FORMOSA",
        "material": "Al/Al",
        "seccion": null,
        "depto": null,
        "length_km": 0.0779,
        "num_points": 2
      }
    },
    {
      "type": "Feature",
      "geometry": {
        "type": "LineString",
        "coordinates": [
          [
            -58.2093533695253,
            -26.173859135056
          ],
          [
            -58.2093415082325,
            -26.1738521918603
          ]
        ]
      },
      "properties": {
        "id": 1105,
        "kml_id": 46408,
        "tension": "13.2",
        "n_distribu": "1101",
        "localidad": "FORMOSA",
        "material": "Al/Al",
        "seccion": null,
        "depto": "FORMOSA",
        "length_km": 0.0014,
        "num_points": 2
      }
    },
    {
      "type": "Feature",
      "geometry": {
        "type": "LineString",
        "coordinates": [
          [
            -58.2093114933758,
            -26.1738466228387
          ],
          [
            -58.20717875,
            -26.1731566012
          ],
          [
            -58.2070882936,
            -26.1729981607
          ],
          [
            -58.2066921087,
            -26.172397339
          ],
          [
            -58.2064824149,
            -26.1721495029
          ],
          [
            -58.2058167988,
            -26.1712760129
          ],
          [
            -58.2052253489,
            -26.1706268597
          ],
          [
            -58.2037828234,
            -26.1690563938
          ],
          [
            -58.2028951947,
            -26.1680900483
          ],
          [
            -58.2026449857,
            -26.1676526845
          ],
          [
            -58.2019954116,
            -26.166946465
          ],
          [
            -58.2016895512,
            -26.1666198519
          ],
          [
            -58.199386938,
            -26.1642891162
          ]
        ]
      },
      "properties": {
        "id": 1106,
        "kml_id": 46409,
        "tension": "13.2",
        "n_distribu": "105",
        "localidad": "FORMOSA",
        "material": "Al/Al",
        "seccion": null,
        "depto": "FORMOSA",
        "length_km": 1.4851,
        "num_points": 13
      }
    },
    {
      "type": "Feature",
      "geometry": {
        "type": "LineString",
        "coordinates": [
          [
            -58.2211593527083,
            -26.1674796508897
          ],
          [
            -58.2210606903077,
            -26.1677287321536
          ]
        ]
      },
      "properties": {
        "id": 1107,
        "kml_id": 46406,
        "tension": "13.2",
        "n_distribu": "1101",
        "localidad": "FORMOSA",
        "material": "AL/AL",
        "seccion": "35",
        "depto": "FORMOSA",
        "length_km": 0.0294,
        "num_points": 2
      }
    },
    {
      "type": "Feature",
      "geometry": {
        "type": "LineString",
        "coordinates": [
          [
            -58.1682322110059,
            -26.1419639631047
          ],
          [
            -58.1663680585284,
            -26.1413316774691
          ],
          [
            -58.165977789964,
            -26.1413558766226
          ]
        ]
      },
      "properties": {
        "id": 1108,
        "kml_id": 46410,
        "tension": "13.2",
        "n_distribu": "91",
        "localidad": "FORMOSA",
        "material": "AL/AL",
        "seccion": null,
        "depto": "FORMOSA",
        "length_km": 0.238,
        "num_points": 3
      }
    },
    {
      "type": "Feature",
      "geometry": {
        "type": "LineString",
        "coordinates": [
          [
            -58.2210111794354,
            -26.1675238752415
          ],
          [
            -58.2231502473027,
            -26.1682502420178
          ]
        ]
      },
      "properties": {
        "id": 1109,
        "kml_id": 46445,
        "tension": "13.2",
        "n_distribu": "1101",
        "localidad": "FORMOSA",
        "material": "AL/AL",
        "seccion": "35",
        "depto": "FORMOSA",
        "length_km": 0.2282,
        "num_points": 2
      }
    },
    {
      "type": "Feature",
      "geometry": {
        "type": "LineString",
        "coordinates": [
          [
            -58.2230938156707,
            -26.1681756926892
          ],
          [
            -58.2227202508958,
            -26.1691264792432
          ]
        ]
      },
      "properties": {
        "id": 1110,
        "kml_id": 46446,
        "tension": "13.2",
        "n_distribu": "1101",
        "localidad": "FORMOSA",
        "material": "AL/AL",
        "seccion": "35",
        "depto": "FORMOSA",
        "length_km": 0.1121,
        "num_points": 2
      }
    },
    {
      "type": "Feature",
      "geometry": {
        "type": "LineString",
        "coordinates": [
          [
            -58.2343551348,
            -26.185891108
          ],
          [
            -58.2352924979758,
            -26.1835413853867
          ]
        ]
      },
      "properties": {
        "id": 1111,
        "kml_id": 23913,
        "tension": "13.2",
        "n_distribu": "1103",
        "localidad": "FORMOSA",
        "material": null,
        "seccion": null,
        "depto": "FORMOSA",
        "length_km": 0.2775,
        "num_points": 2
      }
    },
    {
      "type": "Feature",
      "geometry": {
        "type": "LineString",
        "coordinates": [
          [
            -58.2352966204983,
            -26.1835337912664
          ],
          [
            -58.2388917766161,
            -26.1745009296708
          ]
        ]
      },
      "properties": {
        "id": 1112,
        "kml_id": 23919,
        "tension": "13.2",
        "n_distribu": "1102",
        "localidad": "FORMOSA",
        "material": "AL/AL",
        "seccion": null,
        "depto": "FORMOSA",
        "length_km": 1.0666,
        "num_points": 2
      }
    },
    {
      "type": "Feature",
      "geometry": {
        "type": "LineString",
        "coordinates": [
          [
            -58.2396174258,
            -26.200551294
          ],
          [
            -58.241944547147,
            -26.20130251767
          ]
        ]
      },
      "properties": {
        "id": 1113,
        "kml_id": 46447,
        "tension": "13.2",
        "n_distribu": "30",
        "localidad": "FORMOSA",
        "material": "AL/AL",
        "seccion": null,
        "depto": "FORMOSA",
        "length_km": 0.2467,
        "num_points": 2
      }
    },
    {
      "type": "Feature",
      "geometry": {
        "type": "LineString",
        "coordinates": [
          [
            -58.2021815352,
            -26.2064512559
          ],
          [
            -58.2034888022,
            -26.206875889
          ],
          [
            -58.2047008476,
            -26.2072523116
          ]
        ]
      },
      "properties": {
        "id": 1114,
        "kml_id": 1988,
        "tension": "13.2",
        "n_distribu": "703",
        "localidad": "FORMOSA",
        "material": "AL/AL",
        "seccion": null,
        "depto": "FORMOSA",
        "length_km": 0.2667,
        "num_points": 3
      }
    },
    {
      "type": "Feature",
      "geometry": {
        "type": "LineString",
        "coordinates": [
          [
            -58.2099328,
            -26.2213274982
          ],
          [
            -58.210745295,
            -26.2192990982
          ]
        ]
      },
      "properties": {
        "id": 1115,
        "kml_id": 1991,
        "tension": "13.2",
        "n_distribu": "704",
        "localidad": "FORMOSA",
        "material": "AL/AL",
        "seccion": null,
        "depto": "FORMOSA",
        "length_km": 0.2397,
        "num_points": 2
      }
    },
    {
      "type": "Feature",
      "geometry": {
        "type": "LineString",
        "coordinates": [
          [
            -58.2135572008,
            -26.2225170983
          ],
          [
            -58.2099328,
            -26.2213274982
          ]
        ]
      },
      "properties": {
        "id": 1116,
        "kml_id": 1992,
        "tension": "13.2",
        "n_distribu": "704",
        "localidad": "FORMOSA",
        "material": "AL/AL",
        "seccion": null,
        "depto": "FORMOSA",
        "length_km": 0.385,
        "num_points": 2
      }
    },
    {
      "type": "Feature",
      "geometry": {
        "type": "LineString",
        "coordinates": [
          [
            -58.2155349376,
            -26.2047388927
          ],
          [
            -58.2163195817,
            -26.2027822562
          ]
        ]
      },
      "properties": {
        "id": 1117,
        "kml_id": 1993,
        "tension": "13.2",
        "n_distribu": "704",
        "localidad": "FORMOSA",
        "material": "AL/AL",
        "seccion": null,
        "depto": "FORMOSA",
        "length_km": 0.2312,
        "num_points": 2
      }
    },
    {
      "type": "Feature",
      "geometry": {
        "type": "LineString",
        "coordinates": [
          [
            -58.2088739803,
            -26.2065350501
          ],
          [
            -58.2082212993,
            -26.2081451042
          ]
        ]
      },
      "properties": {
        "id": 1118,
        "kml_id": 1994,
        "tension": "13.2",
        "n_distribu": "703",
        "localidad": "FORMOSA",
        "material": "AL/AL",
        "seccion": null,
        "depto": "FORMOSA",
        "length_km": 0.1905,
        "num_points": 2
      }
    },
    {
      "type": "Feature",
      "geometry": {
        "type": "LineString",
        "coordinates": [
          [
            -58.2041751882,
            -26.1998066526
          ],
          [
            -58.208005453,
            -26.2010425782
          ]
        ]
      },
      "properties": {
        "id": 1119,
        "kml_id": 1995,
        "tension": "13.2",
        "n_distribu": "701",
        "localidad": "FORMOSA",
        "material": "AL/AL",
        "seccion": null,
        "depto": "FORMOSA",
        "length_km": 0.4061,
        "num_points": 2
      }
    },
    {
      "type": "Feature",
      "geometry": {
        "type": "LineString",
        "coordinates": [
          [
            -58.2037361166,
            -26.197058381
          ],
          [
            -58.2035992347,
            -26.1974089274
          ]
        ]
      },
      "properties": {
        "id": 1120,
        "kml_id": 1996,
        "tension": "13.2",
        "n_distribu": "701",
        "localidad": "FORMOSA",
        "material": "AL/AL",
        "seccion": null,
        "depto": "FORMOSA",
        "length_km": 0.0413,
        "num_points": 2
      }
    },
    {
      "type": "Feature",
      "geometry": {
        "type": "LineString",
        "coordinates": [
          [
            -58.20662,
            -26.196492
          ],
          [
            -58.2059681088,
            -26.1981802016
          ]
        ]
      },
      "properties": {
        "id": 1121,
        "kml_id": 1997,
        "tension": "13.2",
        "n_distribu": "701",
        "localidad": "FORMOSA",
        "material": "AL/AL",
        "seccion": null,
        "depto": "FORMOSA",
        "length_km": 0.1987,
        "num_points": 2
      }
    },
    {
      "type": "Feature",
      "geometry": {
        "type": "LineString",
        "coordinates": [
          [
            -58.1763367432,
            -26.1668718882
          ],
          [
            -58.1756352993,
            -26.169141994
          ],
          [
            -58.1706230769946,
            -26.1815581777189
          ]
        ]
      },
      "properties": {
        "id": 1122,
        "kml_id": 3196,
        "tension": "33",
        "n_distribu": "ALIMENTADOR 305",
        "localidad": "FORMOSA",
        "material": "AL",
        "seccion": "150",
        "depto": "FORMOSA",
        "length_km": 1.7304,
        "num_points": 3
      }
    },
    {
      "type": "Feature",
      "geometry": {
        "type": "LineString",
        "coordinates": [
          [
            -58.2319241530092,
            -26.1786799278683
          ],
          [
            -58.2315531259855,
            -26.179645899979
          ]
        ]
      },
      "properties": {
        "id": 1123,
        "kml_id": 46449,
        "tension": "13.2",
        "n_distribu": "1102",
        "localidad": "FORMOSA",
        "material": "AL/AL",
        "seccion": "50",
        "depto": "FORMOSA",
        "length_km": 0.1136,
        "num_points": 2
      }
    },
    {
      "type": "Feature",
      "geometry": {
        "type": "LineString",
        "coordinates": [
          [
            -58.1791393751108,
            -26.1928883101003
          ],
          [
            -58.1792877859203,
            -26.1925146793783
          ]
        ]
      },
      "properties": {
        "id": 1124,
        "kml_id": 46450,
        "tension": "13.2",
        "n_distribu": "82",
        "localidad": "FORMOSA",
        "material": "AL/AL",
        "seccion": "50",
        "depto": "FORMOSA",
        "length_km": 0.0441,
        "num_points": 2
      }
    },
    {
      "type": "Feature",
      "geometry": {
        "type": "LineString",
        "coordinates": [
          [
            -58.199459793,
            -26.2031967232
          ],
          [
            -58.1994864008,
            -26.203724704
          ],
          [
            -58.1986065995,
            -26.2059012003
          ]
        ]
      },
      "properties": {
        "id": 1125,
        "kml_id": 2042,
        "tension": "13.2",
        "n_distribu": "703",
        "localidad": "FORMOSA",
        "material": "AL/AL",
        "seccion": null,
        "depto": "FORMOSA",
        "length_km": 0.3162,
        "num_points": 3
      }
    },
    {
      "type": "Feature",
      "geometry": {
        "type": "LineString",
        "coordinates": [
          [
            -58.206581297,
            -26.2122282995
          ],
          [
            -58.2036032088,
            -26.2196817833
          ]
        ]
      },
      "properties": {
        "id": 1126,
        "kml_id": 2043,
        "tension": "13.2",
        "n_distribu": "703",
        "localidad": "FORMOSA",
        "material": "AL/AL",
        "seccion": null,
        "depto": "FORMOSA",
        "length_km": 0.8804,
        "num_points": 2
      }
    },
    {
      "type": "Feature",
      "geometry": {
        "type": "LineString",
        "coordinates": [
          [
            -58.2036032088,
            -26.2196817833
          ],
          [
            -58.2000935043,
            -26.2185368024
          ]
        ]
      },
      "properties": {
        "id": 1127,
        "kml_id": 2044,
        "tension": "13.2",
        "n_distribu": "703",
        "localidad": "FORMOSA",
        "material": "AL/AL",
        "seccion": null,
        "depto": "FORMOSA",
        "length_km": 0.3725,
        "num_points": 2
      }
    },
    {
      "type": "Feature",
      "geometry": {
        "type": "LineString",
        "coordinates": [
          [
            -58.194633602,
            -26.1977339571
          ],
          [
            -58.1969149094,
            -26.1984676416
          ],
          [
            -58.1996212445,
            -26.1993537499
          ],
          [
            -58.2010212394,
            -26.1998249675
          ]
        ]
      },
      "properties": {
        "id": 1128,
        "kml_id": 2045,
        "tension": "13.2",
        "n_distribu": "703",
        "localidad": "FORMOSA",
        "material": "AL/AL",
        "seccion": null,
        "depto": "FORMOSA",
        "length_km": 0.6784,
        "num_points": 4
      }
    },
    {
      "type": "Feature",
      "geometry": {
        "type": "LineString",
        "coordinates": [
          [
            -58.201974936,
            -26.1969386647
          ],
          [
            -58.199459793,
            -26.2031967232
          ]
        ]
      },
      "properties": {
        "id": 1129,
        "kml_id": 2046,
        "tension": "13.2",
        "n_distribu": "703",
        "localidad": "FORMOSA",
        "material": "AL/AL",
        "seccion": null,
        "depto": "FORMOSA",
        "length_km": 0.7397,
        "num_points": 2
      }
    },
    {
      "type": "Feature",
      "geometry": {
        "type": "LineString",
        "coordinates": [
          [
            -58.2024219624,
            -26.2139168187
          ],
          [
            -58.2003818044,
            -26.2132467962
          ],
          [
            -58.2001700052,
            -26.2131973625
          ]
        ]
      },
      "properties": {
        "id": 1130,
        "kml_id": 2047,
        "tension": "13.2",
        "n_distribu": "703",
        "localidad": "FORMOSA",
        "material": "AL/AL",
        "seccion": null,
        "depto": "FORMOSA",
        "length_km": 0.2386,
        "num_points": 3
      }
    },
    {
      "type": "Feature",
      "geometry": {
        "type": "LineString",
        "coordinates": [
          [
            -58.2171894198,
            -26.2006255564
          ],
          [
            -58.2175735029438,
            -26.199656926439
          ]
        ]
      },
      "properties": {
        "id": 1131,
        "kml_id": 2049,
        "tension": "13.2",
        "n_distribu": "704",
        "localidad": "FORMOSA",
        "material": "AL/AL",
        "seccion": null,
        "depto": "FORMOSA",
        "length_km": 0.1143,
        "num_points": 2
      }
    },
    {
      "type": "Feature",
      "geometry": {
        "type": "LineString",
        "coordinates": [
          [
            -58.2090095934,
            -26.2058356603
          ],
          [
            -58.2053676646,
            -26.2046575784
          ]
        ]
      },
      "properties": {
        "id": 1132,
        "kml_id": 2050,
        "tension": "13.2",
        "n_distribu": "701",
        "localidad": "FORMOSA",
        "material": "AL/AL",
        "seccion": null,
        "depto": "FORMOSA",
        "length_km": 0.3862,
        "num_points": 2
      }
    },
    {
      "type": "Feature",
      "geometry": {
        "type": "LineString",
        "coordinates": [
          [
            -58.2053488649,
            -26.2046514016
          ],
          [
            -58.2044908475,
            -26.2043721963
          ]
        ]
      },
      "properties": {
        "id": 1133,
        "kml_id": 2051,
        "tension": "13.2",
        "n_distribu": "701",
        "localidad": "FORMOSA",
        "material": "AL/AL",
        "seccion": null,
        "depto": "FORMOSA",
        "length_km": 0.0911,
        "num_points": 2
      }
    },
    {
      "type": "Feature",
      "geometry": {
        "type": "LineString",
        "coordinates": [
          [
            -58.2115335691,
            -26.1998820297
          ],
          [
            -58.207842381,
            -26.1986934856
          ]
        ]
      },
      "properties": {
        "id": 1134,
        "kml_id": 2052,
        "tension": "13.2",
        "n_distribu": "704",
        "localidad": "FORMOSA",
        "material": "AL/AL",
        "seccion": null,
        "depto": "FORMOSA",
        "length_km": 0.3913,
        "num_points": 2
      }
    },
    {
      "type": "Feature",
      "geometry": {
        "type": "LineString",
        "coordinates": [
          [
            -58.2078235463,
            -26.1986873974
          ],
          [
            -58.2025154588,
            -26.1969601959
          ]
        ]
      },
      "properties": {
        "id": 1135,
        "kml_id": 2053,
        "tension": "13.2",
        "n_distribu": "701",
        "localidad": "FORMOSA",
        "material": "AL/AL",
        "seccion": null,
        "depto": "FORMOSA",
        "length_km": 0.5633,
        "num_points": 2
      }
    },
    {
      "type": "Feature",
      "geometry": {
        "type": "LineString",
        "coordinates": [
          [
            -58.2284838698,
            -26.2082698885
          ],
          [
            -58.228270745,
            -26.2081974454
          ]
        ]
      },
      "properties": {
        "id": 1136,
        "kml_id": 2088,
        "tension": "13.2",
        "n_distribu": "601",
        "localidad": "FORMOSA",
        "material": "AL/AL",
        "seccion": null,
        "depto": "FORMOSA",
        "length_km": 0.0227,
        "num_points": 2
      }
    },
    {
      "type": "Feature",
      "geometry": {
        "type": "LineString",
        "coordinates": [
          [
            -58.2423521110232,
            -26.1993303991483
          ],
          [
            -58.238836326,
            -26.2081836393
          ]
        ]
      },
      "properties": {
        "id": 1137,
        "kml_id": 2110,
        "tension": "13.2",
        "n_distribu": "601",
        "localidad": "FORMOSA",
        "material": "AL/AL",
        "seccion": null,
        "depto": "FORMOSA",
        "length_km": 1.0451,
        "num_points": 2
      }
    },
    {
      "type": "Feature",
      "geometry": {
        "type": "LineString",
        "coordinates": [
          [
            -58.2380577248,
            -26.210175256
          ],
          [
            -58.2423524691454,
            -26.1993405459432
          ]
        ]
      },
      "properties": {
        "id": 1138,
        "kml_id": 2111,
        "tension": "13.2",
        "n_distribu": "602",
        "localidad": "FORMOSA",
        "material": "AL/AL",
        "seccion": null,
        "depto": "FORMOSA",
        "length_km": 1.2787,
        "num_points": 2
      }
    },
    {
      "type": "Feature",
      "geometry": {
        "type": "LineString",
        "coordinates": [
          [
            -58.399332368715,
            -26.0273104542615
          ],
          [
            -58.4099375961,
            -26.0383178993
          ]
        ]
      },
      "properties": {
        "id": 1139,
        "kml_id": 2112,
        "tension": "13.2",
        "n_distribu": "SAL POLO CIENTIFICO",
        "localidad": "M BOEDO",
        "material": "AL/AL",
        "seccion": null,
        "depto": "FORMOSA",
        "length_km": 1.6189,
        "num_points": 2
      }
    },
    {
      "type": "Feature",
      "geometry": {
        "type": "LineString",
        "coordinates": [
          [
            -58.1696584875205,
            -26.1479604427244
          ],
          [
            -58.1682630985315,
            -26.1475407358801
          ],
          [
            -58.1678215887342,
            -26.1471837125255
          ]
        ]
      },
      "properties": {
        "id": 1140,
        "kml_id": 46452,
        "tension": "13.2",
        "n_distribu": "91",
        "localidad": "FORMOSA",
        "material": "AL/AL",
        "seccion": "3x50",
        "depto": "FORMOSA",
        "length_km": 0.2062,
        "num_points": 3
      }
    },
    {
      "type": "Feature",
      "geometry": {
        "type": "LineString",
        "coordinates": [
          [
            -58.2485789987,
            -26.2650359968
          ],
          [
            -58.250127976,
            -26.2650097198
          ]
        ]
      },
      "properties": {
        "id": 1141,
        "kml_id": 2204,
        "tension": "13.2",
        "n_distribu": "SALIDA VILLA DEL CARMEN",
        "localidad": "FORMOSA",
        "material": "AL/AL",
        "seccion": "35",
        "depto": "FORMOSA",
        "length_km": 0.1545,
        "num_points": 2
      }
    },
    {
      "type": "Feature",
      "geometry": {
        "type": "LineString",
        "coordinates": [
          [
            -58.2557839993,
            -26.2605610021
          ],
          [
            -58.2500420045,
            -26.2516840016
          ]
        ]
      },
      "properties": {
        "id": 1142,
        "kml_id": 2205,
        "tension": "13.2",
        "n_distribu": "SALIDA VILLA DEL CARMEN",
        "localidad": "FORMOSA",
        "material": "AL/AL",
        "seccion": "35",
        "depto": "FORMOSA",
        "length_km": 1.1411,
        "num_points": 2
      }
    },
    {
      "type": "Feature",
      "geometry": {
        "type": "LineString",
        "coordinates": [
          [
            -58.2827656802,
            -26.2829263454
          ],
          [
            -58.2857149845,
            -26.2878977429
          ]
        ]
      },
      "properties": {
        "id": 1143,
        "kml_id": 3063,
        "tension": "13.2",
        "n_distribu": "SALIDA TRES MARIAS",
        "localidad": "FORMOSA",
        "material": "AL/AL",
        "seccion": null,
        "depto": "FORMOSA",
        "length_km": 0.6261,
        "num_points": 2
      }
    },
    {
      "type": "Feature",
      "geometry": {
        "type": "LineString",
        "coordinates": [
          [
            -58.2857149845,
            -26.2878977429
          ],
          [
            -58.2907406046,
            -26.296602101
          ]
        ]
      },
      "properties": {
        "id": 1144,
        "kml_id": 3064,
        "tension": "13.2",
        "n_distribu": "SALIDA TRES MARIAS",
        "localidad": "FORMOSA",
        "material": "AL/AL",
        "seccion": null,
        "depto": "FORMOSA",
        "length_km": 1.0899,
        "num_points": 2
      }
    },
    {
      "type": "Feature",
      "geometry": {
        "type": "LineString",
        "coordinates": [
          [
            -58.209115062,
            -26.1756960765
          ],
          [
            -58.2087183984,
            -26.1757424025
          ],
          [
            -58.2082409955,
            -26.1749114009
          ],
          [
            -58.2078793953,
            -26.1743274993
          ],
          [
            -58.2074657013,
            -26.173640799
          ],
          [
            -58.2070229997,
            -26.1729202991
          ],
          [
            -58.2065316025,
            -26.1721935996
          ],
          [
            -58.2059500916,
            -26.1714010953
          ],
          [
            -58.2053664015,
            -26.1707645011
          ],
          [
            -58.2047656055,
            -26.1701746064
          ],
          [
            -58.2041647958,
            -26.1694464942
          ],
          [
            -58.1993711048,
            -26.1642562956
          ],
          [
            -58.1984829024,
            -26.1649218007
          ],
          [
            -58.197911102,
            -26.164351299
          ],
          [
            -58.1973596939,
            -26.1638429958
          ],
          [
            -58.1970466498,
            -26.1635355599
          ],
          [
            -58.1934602608,
            -26.162314825
          ],
          [
            -58.1925913046,
            -26.1620585993
          ],
          [
            -58.1817043017,
            -26.1585260012
          ],
          [
            -58.1799868977,
            -26.1628006991
          ],
          [
            -58.1783176785872,
            -26.1622421723544
          ],
          [
            -58.1764892066,
            -26.1666492983
          ],
          [
            -58.1763244145,
            -26.1668641824
          ]
        ]
      },
      "properties": {
        "id": 1145,
        "kml_id": 3108,
        "tension": "33",
        "n_distribu": "ALIMENTADOR 302",
        "localidad": "FORMOSA",
        "material": "AL/AC",
        "seccion": "150/25",
        "depto": "FORMOSA",
        "length_km": 4.8179,
        "num_points": 23
      }
    },
    {
      "type": "Feature",
      "geometry": {
        "type": "LineString",
        "coordinates": [
          [
            -58.1901551038828,
            -26.1819233156815
          ],
          [
            -58.1904012272,
            -26.181274137
          ],
          [
            -58.2003623088,
            -26.1844812035
          ],
          [
            -58.2035003974,
            -26.1765347809
          ],
          [
            -58.2087663052,
            -26.1782582024
          ],
          [
            -58.2095988987,
            -26.1772646981
          ],
          [
            -58.2087912483,
            -26.1759049538
          ],
          [
            -58.2091390022,
            -26.1757363877
          ]
        ]
      },
      "properties": {
        "id": 1146,
        "kml_id": 3112,
        "tension": "33",
        "n_distribu": "ALIMENTADOR 304",
        "localidad": "FORMOSA",
        "material": "AL/AL",
        "seccion": "120",
        "depto": "FORMOSA",
        "length_km": 2.978,
        "num_points": 8
      }
    },
    {
      "type": "Feature",
      "geometry": {
        "type": "LineString",
        "coordinates": [
          [
            -58.162142811456,
            -26.1318801581257
          ],
          [
            -58.1625025302758,
            -26.1323850297685
          ],
          [
            -58.161776809338,
            -26.1341732168024
          ],
          [
            -58.1622511983493,
            -26.1343396239824
          ],
          [
            -58.1594252850008,
            -26.1413355621257
          ],
          [
            -58.1614084509833,
            -26.1419842269497
          ],
          [
            -58.1580233240984,
            -26.1504052613633
          ],
          [
            -58.1578882331879,
            -26.1503516800109
          ]
        ]
      },
      "properties": {
        "id": 1147,
        "kml_id": 3257,
        "tension": "33",
        "n_distribu": "ALIMENTADOR C.D. N°9 - C.D. N°5",
        "localidad": "FORMOSA",
        "material": "AL",
        "seccion": "150",
        "depto": "FORMOSA",
        "length_km": 2.3775,
        "num_points": 8
      }
    },
    {
      "type": "Feature",
      "geometry": {
        "type": "LineString",
        "coordinates": [
          [
            -58.1915502308188,
            -26.1410529160876
          ],
          [
            -58.1911398955,
            -26.140828101
          ],
          [
            -58.1906070029,
            -26.1405528073
          ],
          [
            -58.1759482022,
            -26.1361073034
          ],
          [
            -58.1740458033,
            -26.135536
          ],
          [
            -58.1735951485694,
            -26.1353840377309
          ],
          [
            -58.173590599,
            -26.1353825036
          ],
          [
            -58.1619224011858,
            -26.1318360690158
          ]
        ]
      },
      "properties": {
        "id": 1148,
        "kml_id": 3258,
        "tension": "13.2",
        "n_distribu": "SALIDA 24",
        "localidad": "FORMOSA",
        "material": "AL/AL",
        "seccion": null,
        "depto": "FORMOSA",
        "length_km": 3.1324,
        "num_points": 8
      }
    },
    {
      "type": "Feature",
      "geometry": {
        "type": "LineString",
        "coordinates": [
          [
            -58.161860818782,
            -26.1318166453164
          ],
          [
            -58.1618608183087,
            -26.1318166465451
          ]
        ]
      },
      "properties": {
        "id": 1149,
        "kml_id": 3266,
        "tension": "33",
        "n_distribu": "ALIMENTADOR MOJON DE FIERRO",
        "localidad": "MOJON DE FIERRO",
        "material": "AL/AC",
        "seccion": "95/15",
        "depto": "FORMOSA",
        "length_km": 0.0,
        "num_points": 2
      }
    },
    {
      "type": "Feature",
      "geometry": {
        "type": "LineString",
        "coordinates": [
          [
            -58.1618608188212,
            -26.1318166453289
          ],
          [
            -58.161860818782,
            -26.1318166453164
          ]
        ]
      },
      "properties": {
        "id": 1150,
        "kml_id": 3267,
        "tension": "33",
        "n_distribu": "ALIMENTADOR MOJON DE FIERRO",
        "localidad": "MOJON DE FIERRO",
        "material": "AL/AC",
        "seccion": "95/15",
        "depto": "FORMOSA",
        "length_km": 0.0,
        "num_points": 2
      }
    },
    {
      "type": "Feature",
      "geometry": {
        "type": "LineString",
        "coordinates": [
          [
            -58.1820724258,
            -26.1937421942
          ],
          [
            -58.1818502833,
            -26.1935614472
          ],
          [
            -58.181241825,
            -26.1933580234
          ]
        ]
      },
      "properties": {
        "id": 1151,
        "kml_id": 3320,
        "tension": "13.2",
        "n_distribu": "80",
        "localidad": "FORMOSA",
        "material": "AL/AL",
        "seccion": "50",
        "depto": "FORMOSA",
        "length_km": 0.0947,
        "num_points": 3
      }
    },
    {
      "type": "Feature",
      "geometry": {
        "type": "LineString",
        "coordinates": [
          [
            -58.1814469999,
            -26.1932765599
          ],
          [
            -58.1812786125,
            -26.1936975682
          ]
        ]
      },
      "properties": {
        "id": 1152,
        "kml_id": 3321,
        "tension": "13.2",
        "n_distribu": "80",
        "localidad": "FORMOSA",
        "material": "AL/AL",
        "seccion": "70",
        "depto": "FORMOSA",
        "length_km": 0.0497,
        "num_points": 2
      }
    },
    {
      "type": "Feature",
      "geometry": {
        "type": "LineString",
        "coordinates": [
          [
            -58.1859597705,
            -26.1983707338
          ],
          [
            -58.1861337892,
            -26.1983365442
          ]
        ]
      },
      "properties": {
        "id": 1153,
        "kml_id": 3327,
        "tension": "13.2",
        "n_distribu": "404",
        "localidad": "FORMOSA",
        "material": "AL/AL",
        "seccion": "70",
        "depto": "FORMOSA",
        "length_km": 0.0178,
        "num_points": 2
      }
    },
    {
      "type": "Feature",
      "geometry": {
        "type": "LineString",
        "coordinates": [
          [
            -59.109058047011,
            -27.2983801280779
          ],
          [
            -59.1099400776714,
            -27.2976716920323
          ],
          [
            -59.1099146344793,
            -27.2968351287533
          ],
          [
            -59.0740566957101,
            -27.2460416765647
          ],
          [
            -59.038232681197,
            -27.1956022016122
          ],
          [
            -58.9948774818148,
            -27.1334868705084
          ],
          [
            -58.9610210741595,
            -27.0855336528702
          ],
          [
            -58.9486726449144,
            -27.0703099499006
          ],
          [
            -58.9280466971645,
            -27.047289235086
          ],
          [
            -58.9038926267731,
            -27.0164969347596
          ],
          [
            -58.8837246564815,
            -26.9904120654404
          ],
          [
            -58.867237467984,
            -26.9671633243689
          ],
          [
            -58.8535999170046,
            -26.9479923510348
          ],
          [
            -58.845983921495,
            -26.9375588263492
          ],
          [
            -58.8418960486268,
            -26.9314948415504
          ],
          [
            -58.8371975391476,
            -26.9250524456517
          ],
          [
            -58.831023324525,
            -26.9166435069332
          ],
          [
            -58.79964338757,
            -26.8724711710699
          ],
          [
            -58.7902124443554,
            -26.8603510156199
          ],
          [
            -58.7797298491996,
            -26.8472912675132
          ],
          [
            -58.7704515651377,
            -26.8357132899128
          ],
          [
            -58.7636836760323,
            -26.8272522936682
          ],
          [
            -58.7532689293888,
            -26.8141433128914
          ],
          [
            -58.744601281938,
            -26.8019109335643
          ],
          [
            -58.7391903630793,
            -26.7940757647657
          ],
          [
            -58.7323207012053,
            -26.7842942922874
          ],
          [
            -58.728003839608,
            -26.7780252273444
          ],
          [
            -58.7254764825235,
            -26.7745119767927
          ],
          [
            -58.7233816597051,
            -26.7710137615621
          ],
          [
            -58.7199807530243,
            -26.7650241428823
          ],
          [
            -58.7174703580679,
            -26.7605487602046
          ],
          [
            -58.7020008972555,
            -26.7337685077794
          ],
          [
            -58.6895846194981,
            -26.7108609361451
          ],
          [
            -58.6779825238888,
            -26.6917677718803
          ],
          [
            -58.6631236996873,
            -26.6653654455541
          ],
          [
            -58.6534637677436,
            -26.6492512644084
          ],
          [
            -58.652327305162,
            -26.6473107391821
          ],
          [
            -58.5960300020518,
            -26.5992570679018
          ],
          [
            -58.5771172292383,
            -26.5831335630328
          ],
          [
            -58.5689330024379,
            -26.5761631982456
          ],
          [
            -58.5221514531827,
            -26.5360317417238
          ],
          [
            -58.5156719202547,
            -26.5305837053003
          ],
          [
            -58.5033743773939,
            -26.520127000034
          ],
          [
            -58.4968269959536,
            -26.5145871403417
          ],
          [
            -58.4800853755348,
            -26.5001367146236
          ],
          [
            -58.4684663177974,
            -26.4901478582
          ],
          [
            -58.449349999447,
            -26.4737964437482
          ],
          [
            -58.4412336211588,
            -26.466743514587
          ],
          [
            -58.4196493131721,
            -26.4337924878178
          ],
          [
            -58.411727999357,
            -26.4215801045852
          ],
          [
            -58.4067326526363,
            -26.4140606431806
          ],
          [
            -58.399998687787,
            -26.4038971982087
          ],
          [
            -58.3850720150732,
            -26.3810603646733
          ],
          [
            -58.3709595245075,
            -26.3595716896047
          ],
          [
            -58.3555579122073,
            -26.3359812191101
          ],
          [
            -58.3413775731292,
            -26.3150011172325
          ],
          [
            -58.322922777774,
            -26.2874475610372
          ],
          [
            -58.3083014233658,
            -26.2646942164465
          ],
          [
            -58.292560568504,
            -26.2409322886715
          ],
          [
            -58.2783038998495,
            -26.2194366420921
          ],
          [
            -58.2677152913932,
            -26.1838579673221
          ],
          [
            -58.263033744042,
            -26.1676459203581
          ],
          [
            -58.25654573005,
            -26.1459502188886
          ],
          [
            -58.2528628279898,
            -26.1333991269474
          ],
          [
            -58.2495997385996,
            -26.1222516212611
          ],
          [
            -58.2493071418902,
            -26.121223621471
          ],
          [
            -58.2480731470721,
            -26.1171058205335
          ],
          [
            -58.247443428067,
            -26.1149012239202
          ],
          [
            -58.2479840958996,
            -26.1111601681946
          ],
          [
            -58.2496506249839,
            -26.0994221858035
          ],
          [
            -58.2499209589002,
            -26.0972686664814
          ],
          [
            -58.249666526979,
            -26.0969830508612
          ]
        ]
      },
      "properties": {
        "id": 1154,
        "kml_id": 34041,
        "tension": "500",
        "n_distribu": "LAT 500 KV",
        "localidad": "FORMOSA - RESISTENCIA",
        "material": null,
        "seccion": null,
        "depto": null,
        "length_km": 160.624,
        "num_points": 72
      }
    },
    {
      "type": "Feature",
      "geometry": {
        "type": "LineString",
        "coordinates": [
          [
            -58.6183682295143,
            -26.6543852221617
          ],
          [
            -58.6181224259109,
            -26.6544658960395
          ],
          [
            -58.6163535738065,
            -26.6521335247641
          ],
          [
            -58.4123570115292,
            -26.4530160905695
          ],
          [
            -58.3740163355737,
            -26.4248045247599
          ],
          [
            -58.3464469074874,
            -26.3990018213927
          ],
          [
            -58.3425767169862,
            -26.3969926101836
          ],
          [
            -58.3376940383948,
            -26.3860384853729
          ],
          [
            -58.2859054406178,
            -26.2903744533101
          ],
          [
            -58.2867465635188,
            -26.2892796626385
          ],
          [
            -58.2498909711685,
            -26.1880330097001
          ],
          [
            -58.21314796453,
            -26.1761546194557
          ]
        ]
      },
      "properties": {
        "id": 1155,
        "kml_id": 34043,
        "tension": "132",
        "n_distribu": "LAT 132",
        "localidad": "FORMOSA",
        "material": null,
        "seccion": null,
        "depto": null,
        "length_km": 68.7519,
        "num_points": 12
      }
    },
    {
      "type": "Feature",
      "geometry": {
        "type": "LineString",
        "coordinates": [
          [
            -58.21314796453,
            -26.1761546194557
          ],
          [
            -58.2130577430716,
            -26.1761272498087
          ],
          [
            -58.2105944232557,
            -26.175445679378
          ],
          [
            -58.2104471978783,
            -26.1754062996313
          ],
          [
            -58.2103693659864,
            -26.1753891934929
          ],
          [
            -58.2102232326381,
            -26.1753464281358
          ]
        ]
      },
      "properties": {
        "id": 1156,
        "kml_id": 34044,
        "tension": "132",
        "n_distribu": "LAT 132",
        "localidad": "FORMOSA",
        "material": null,
        "seccion": null,
        "depto": null,
        "length_km": 0.3054,
        "num_points": 6
      }
    },
    {
      "type": "Feature",
      "geometry": {
        "type": "LineString",
        "coordinates": [
          [
            -58.2103353740988,
            -26.1752062289301
          ],
          [
            -58.2107033498382,
            -26.1751422666612
          ],
          [
            -58.2380328739437,
            -26.1066136828728
          ],
          [
            -58.2486820353936,
            -26.0986909265095
          ],
          [
            -58.2472610474229,
            -26.0971734609452
          ]
        ]
      },
      "properties": {
        "id": 1157,
        "kml_id": 34045,
        "tension": "132",
        "n_distribu": "LAT 132",
        "localidad": "FORMOSA",
        "material": "AL/AC",
        "seccion": null,
        "depto": "FORMOSA",
        "length_km": 9.7324,
        "num_points": 5
      }
    },
    {
      "type": "Feature",
      "geometry": {
        "type": "LineString",
        "coordinates": [
          [
            -58.2472667656844,
            -26.0971529198211
          ],
          [
            -58.2473754126519,
            -26.0961361296708
          ],
          [
            -58.2470551900106,
            -26.0957715209489
          ]
        ]
      },
      "properties": {
        "id": 1158,
        "kml_id": 34046,
        "tension": "132",
        "n_distribu": "LAT 132",
        "localidad": "FORMOSA",
        "material": null,
        "seccion": null,
        "depto": "FORMOSA",
        "length_km": 0.1652,
        "num_points": 3
      }
    },
    {
      "type": "Feature",
      "geometry": {
        "type": "LineString",
        "coordinates": [
          [
            -58.2383668545445,
            -26.2121731576215
          ],
          [
            -58.233011069023,
            -26.2104287698197
          ]
        ]
      },
      "properties": {
        "id": 1159,
        "kml_id": 34147,
        "tension": "13.2",
        "n_distribu": "033",
        "localidad": "FORMOSA",
        "material": "AL/AL",
        "seccion": null,
        "depto": "FORMOSA",
        "length_km": 0.5684,
        "num_points": 2
      }
    },
    {
      "type": "Feature",
      "geometry": {
        "type": "LineString",
        "coordinates": [
          [
            -58.2113498599,
            -26.187961562
          ],
          [
            -58.210058551971,
            -26.1912083626538
          ]
        ]
      },
      "properties": {
        "id": 1160,
        "kml_id": 34176,
        "tension": "13.2",
        "n_distribu": "101",
        "localidad": "FORMOSA",
        "material": "Al/Al",
        "seccion": null,
        "depto": "FORMOSA",
        "length_km": 0.3833,
        "num_points": 2
      }
    },
    {
      "type": "Feature",
      "geometry": {
        "type": "LineString",
        "coordinates": [
          [
            -58.2091463991094,
            -26.1743541404953
          ],
          [
            -58.2093109147762,
            -26.1738464781887
          ]
        ]
      },
      "properties": {
        "id": 1161,
        "kml_id": 34227,
        "tension": "13.2",
        "n_distribu": "105",
        "localidad": "FORMOSA",
        "material": "Al/Al",
        "seccion": null,
        "depto": "FORMOSA",
        "length_km": 0.0588,
        "num_points": 2
      }
    },
    {
      "type": "Feature",
      "geometry": {
        "type": "LineString",
        "coordinates": [
          [
            -58.1603784826748,
            -26.1312249274202
          ],
          [
            -58.1603474775952,
            -26.1312127949978
          ],
          [
            -58.153594973307,
            -26.1290510254782
          ],
          [
            -58.1533832508704,
            -26.1290054333311
          ],
          [
            -58.1484506467724,
            -26.1289401463087
          ]
        ]
      },
      "properties": {
        "id": 1162,
        "kml_id": 34224,
        "tension": "13.2",
        "n_distribu": "503",
        "localidad": "FORMOSA",
        "material": "AL/AL",
        "seccion": "50",
        "depto": "FORMOSA",
        "length_km": 1.2333,
        "num_points": 5
      }
    },
    {
      "type": "Feature",
      "geometry": {
        "type": "LineString",
        "coordinates": [
          [
            -58.2363902482353,
            -26.1696840188212
          ],
          [
            -58.2432496895103,
            -26.1719108698196
          ]
        ]
      },
      "properties": {
        "id": 1163,
        "kml_id": 34229,
        "tension": "13.2",
        "n_distribu": "1102",
        "localidad": "FORMOSA",
        "material": "AL/AL",
        "seccion": null,
        "depto": "FORMOSA",
        "length_km": 0.7279,
        "num_points": 2
      }
    },
    {
      "type": "Feature",
      "geometry": {
        "type": "LineString",
        "coordinates": [
          [
            -58.176913902171,
            -26.1667347939813
          ],
          [
            -58.1768326647679,
            -26.1669439869242
          ]
        ]
      },
      "properties": {
        "id": 1164,
        "kml_id": 34377,
        "tension": "13.2",
        "n_distribu": "005",
        "localidad": "FORMOSA",
        "material": "AL/AL",
        "seccion": "70",
        "depto": "FORMOSA",
        "length_km": 0.0246,
        "num_points": 2
      }
    },
    {
      "type": "Feature",
      "geometry": {
        "type": "LineString",
        "coordinates": [
          [
            -58.1800941829679,
            -26.1678337530627
          ],
          [
            -58.180075133283,
            -26.1678816645669
          ]
        ]
      },
      "properties": {
        "id": 1165,
        "kml_id": 34378,
        "tension": "13.2",
        "n_distribu": "005",
        "localidad": "FORMOSA",
        "material": "Cu",
        "seccion": "35",
        "depto": "FORMOSA",
        "length_km": 0.0057,
        "num_points": 2
      }
    },
    {
      "type": "Feature",
      "geometry": {
        "type": "LineString",
        "coordinates": [
          [
            -58.1725746098379,
            -26.1375343043721
          ],
          [
            -58.1726906647477,
            -26.1375829249805
          ],
          [
            -58.1735878127088,
            -26.1354018720807
          ],
          [
            -58.1735878127088,
            -26.1354018720807
          ]
        ]
      },
      "properties": {
        "id": 1166,
        "kml_id": 34491,
        "tension": "13.2",
        "n_distribu": "SALIDA 24",
        "localidad": "FORMOSA",
        "material": "AL/AL",
        "seccion": null,
        "depto": "FORMOSA",
        "length_km": 0.2713,
        "num_points": 4
      }
    },
    {
      "type": "Feature",
      "geometry": {
        "type": "LineString",
        "coordinates": [
          [
            -58.1631215577453,
            -26.1321223825589
          ],
          [
            -58.1628265185758,
            -26.1328294566441
          ]
        ]
      },
      "properties": {
        "id": 1167,
        "kml_id": 34502,
        "tension": "13.2",
        "n_distribu": "504",
        "localidad": null,
        "material": null,
        "seccion": null,
        "depto": null,
        "length_km": 0.084,
        "num_points": 2
      }
    },
    {
      "type": "Feature",
      "geometry": {
        "type": "LineString",
        "coordinates": [
          [
            -58.2352141352071,
            -26.1951487778625
          ],
          [
            -58.2351735449337,
            -26.1952729994027
          ],
          [
            -58.2341931070613,
            -26.1977299120394
          ],
          [
            -58.2419026921741,
            -26.2002184105085
          ]
        ]
      },
      "properties": {
        "id": 1168,
        "kml_id": 34540,
        "tension": "33",
        "n_distribu": "ALIMENTADOR 332",
        "localidad": "FORMOSA",
        "material": "AL",
        "seccion": null,
        "depto": "FORMOSA",
        "length_km": 1.122,
        "num_points": 4
      }
    },
    {
      "type": "Feature",
      "geometry": {
        "type": "LineString",
        "coordinates": [
          [
            -58.2419152818261,
            -26.2002226810072
          ],
          [
            -58.242902424252,
            -26.2005443479146
          ]
        ]
      },
      "properties": {
        "id": 1169,
        "kml_id": 34541,
        "tension": "33",
        "n_distribu": "ALIMENTADOR 332",
        "localidad": null,
        "material": null,
        "seccion": null,
        "depto": null,
        "length_km": 0.1048,
        "num_points": 2
      }
    },
    {
      "type": "Feature",
      "geometry": {
        "type": "LineString",
        "coordinates": [
          [
            -58.2429101887951,
            -26.2005232727263
          ],
          [
            -58.2535123478859,
            -26.2039513255087
          ]
        ]
      },
      "properties": {
        "id": 1170,
        "kml_id": 34542,
        "tension": "33",
        "n_distribu": "ALIMENTADOR 331",
        "localidad": "FORMOSA",
        "material": "AL/AC",
        "seccion": "95/15",
        "depto": "FORMOSA",
        "length_km": 1.1243,
        "num_points": 2
      }
    },
    {
      "type": "Feature",
      "geometry": {
        "type": "LineString",
        "coordinates": [
          [
            -58.2429026102851,
            -26.2005446995001
          ],
          [
            -58.2535274332839,
            -26.2039708477884
          ]
        ]
      },
      "properties": {
        "id": 1171,
        "kml_id": 34543,
        "tension": "33",
        "n_distribu": "ALIMENTADOR 332",
        "localidad": "FORMOSA",
        "material": "AL/AC",
        "seccion": "95/15",
        "depto": "FORMOSA",
        "length_km": 1.1264,
        "num_points": 2
      }
    },
    {
      "type": "Feature",
      "geometry": {
        "type": "LineString",
        "coordinates": [
          [
            -58.2429115949706,
            -26.2005236243118
          ],
          [
            -58.2420043910975,
            -26.2002318929253
          ],
          [
            -58.2424905386247,
            -26.1990123799926
          ],
          [
            -58.2427397571101,
            -26.1990866882566
          ]
        ]
      },
      "properties": {
        "id": 1172,
        "kml_id": 34544,
        "tension": "33",
        "n_distribu": "ALIMENTADOR 331",
        "localidad": null,
        "material": null,
        "seccion": null,
        "depto": null,
        "length_km": 0.2664,
        "num_points": 4
      }
    },
    {
      "type": "Feature",
      "geometry": {
        "type": "LineString",
        "coordinates": [
          [
            -58.2328222234794,
            -26.2016511336835
          ],
          [
            -58.233994529,
            -26.1986867168
          ],
          [
            -58.2352295002478,
            -26.1955033191913
          ]
        ]
      },
      "properties": {
        "id": 1173,
        "kml_id": 34545,
        "tension": "13.2",
        "n_distribu": "601",
        "localidad": "FORMOSA",
        "material": "AL/AL",
        "seccion": null,
        "depto": "FORMOSA",
        "length_km": 0.7246,
        "num_points": 3
      }
    },
    {
      "type": "Feature",
      "geometry": {
        "type": "LineString",
        "coordinates": [
          [
            -58.1705810864484,
            -26.1816632264992
          ],
          [
            -58.1680730396378,
            -26.1878904019232
          ]
        ]
      },
      "properties": {
        "id": 1174,
        "kml_id": 34546,
        "tension": "33",
        "n_distribu": "ALIMENTADOR 307",
        "localidad": "FORMOSA",
        "material": "AL",
        "seccion": "150",
        "depto": "FORMOSA",
        "length_km": 0.7363,
        "num_points": 2
      }
    },
    {
      "type": "Feature",
      "geometry": {
        "type": "LineString",
        "coordinates": [
          [
            -58.1683453651086,
            -26.1762924247915
          ],
          [
            -58.1658652122483,
            -26.1754835654536
          ],
          [
            -58.1648186677288,
            -26.1774456761949
          ],
          [
            -58.1645043679944,
            -26.1777993881314
          ],
          [
            -58.1640472630672,
            -26.1790162008385
          ],
          [
            -58.1636183701034,
            -26.1800734354994
          ]
        ]
      },
      "properties": {
        "id": 1175,
        "kml_id": 34528,
        "tension": "13.2",
        "n_distribu": "008",
        "localidad": "FORMOSA",
        "material": null,
        "seccion": "50",
        "depto": "FORMOSA",
        "length_km": 0.8234,
        "num_points": 6
      }
    },
    {
      "type": "Feature",
      "geometry": {
        "type": "LineString",
        "coordinates": [
          [
            -58.1720693451458,
            -26.1725560181981
          ],
          [
            -58.1706898816851,
            -26.1721046648047
          ]
        ]
      },
      "properties": {
        "id": 1176,
        "kml_id": 34529,
        "tension": "13.2",
        "n_distribu": "010",
        "localidad": "FORMOSA",
        "material": "AL/AL",
        "seccion": "95",
        "depto": "FORMOSA",
        "length_km": 0.1465,
        "num_points": 2
      }
    },
    {
      "type": "Feature",
      "geometry": {
        "type": "LineString",
        "coordinates": [
          [
            -58.176011230989,
            -26.1738455948528
          ],
          [
            -58.1741021941826,
            -26.1732232502541
          ]
        ]
      },
      "properties": {
        "id": 1177,
        "kml_id": 34530,
        "tension": "13.2",
        "n_distribu": "010",
        "localidad": "FORMOSA",
        "material": "AL/AL",
        "seccion": "70",
        "depto": "FORMOSA",
        "length_km": 0.2027,
        "num_points": 2
      }
    },
    {
      "type": "Feature",
      "geometry": {
        "type": "LineString",
        "coordinates": [
          [
            -58.1771194557913,
            -26.1731065965504
          ],
          [
            -58.1763714252204,
            -26.1728631610697
          ]
        ]
      },
      "properties": {
        "id": 1178,
        "kml_id": 34531,
        "tension": "13.2",
        "n_distribu": "010",
        "localidad": "FORMOSA",
        "material": "AL/AL",
        "seccion": "50",
        "depto": "FORMOSA",
        "length_km": 0.0794,
        "num_points": 2
      }
    },
    {
      "type": "Feature",
      "geometry": {
        "type": "LineString",
        "coordinates": [
          [
            -58.2297710483401,
            -26.1813256240516
          ],
          [
            -58.2310099957418,
            -26.1781609494084
          ],
          [
            -58.2314086881582,
            -26.178301563508
          ]
        ]
      },
      "properties": {
        "id": 1179,
        "kml_id": 34538,
        "tension": "33",
        "n_distribu": "ALIMENTADOR 332",
        "localidad": "FORMOSA",
        "material": "AL",
        "seccion": "95/15",
        "depto": "FORMOSA",
        "length_km": 0.4157,
        "num_points": 3
      }
    },
    {
      "type": "Feature",
      "geometry": {
        "type": "LineString",
        "coordinates": [
          [
            -58.2262033942653,
            -26.1904591100002
          ],
          [
            -58.2358500359371,
            -26.1936002060597
          ],
          [
            -58.2352141352071,
            -26.1951487778625
          ],
          [
            -58.2354948837498,
            -26.1954155236034
          ]
        ]
      },
      "properties": {
        "id": 1180,
        "kml_id": 34539,
        "tension": "33",
        "n_distribu": "ALIMENTADOR 332",
        "localidad": "FORMOSA",
        "material": "AL",
        "seccion": null,
        "depto": "FORMOSA",
        "length_km": 1.2482,
        "num_points": 4
      }
    },
    {
      "type": "Feature",
      "geometry": {
        "type": "LineString",
        "coordinates": [
          [
            -58.1680730396378,
            -26.1878904019232
          ],
          [
            -58.1678547170889,
            -26.1879773920203
          ]
        ]
      },
      "properties": {
        "id": 1181,
        "kml_id": 34547,
        "tension": "33",
        "n_distribu": "ALIMENTADOR 307",
        "localidad": "FORMOSA",
        "material": "AL",
        "seccion": "150",
        "depto": "FORMOSA",
        "length_km": 0.0238,
        "num_points": 2
      }
    },
    {
      "type": "Feature",
      "geometry": {
        "type": "LineString",
        "coordinates": [
          [
            -58.2702817435356,
            -26.2703977492866
          ],
          [
            -58.2703488571753,
            -26.2704419229931
          ],
          [
            -58.2704368715199,
            -26.2701959378366
          ],
          [
            -58.2704656907523,
            -26.2701929126133
          ]
        ]
      },
      "properties": {
        "id": 1182,
        "kml_id": 34570,
        "tension": "33",
        "n_distribu": "ALIMENTADOR 332",
        "localidad": "FORMOSA",
        "material": "AL/AC",
        "seccion": "95/15",
        "depto": "FORMOSA",
        "length_km": 0.0399,
        "num_points": 4
      }
    },
    {
      "type": "Feature",
      "geometry": {
        "type": "LineString",
        "coordinates": [
          [
            -58.2000812468991,
            -26.1688623452617
          ],
          [
            -58.2006104210557,
            -26.1674098882387
          ]
        ]
      },
      "properties": {
        "id": 1183,
        "kml_id": 34575,
        "tension": "13.2",
        "n_distribu": "109",
        "localidad": "FORMOSA",
        "material": "AL/AL",
        "seccion": "50",
        "depto": "FORMOSA",
        "length_km": 0.1699,
        "num_points": 2
      }
    },
    {
      "type": "Feature",
      "geometry": {
        "type": "LineString",
        "coordinates": [
          [
            -58.2009635264277,
            -26.1676266102989
          ],
          [
            -58.1929557625271,
            -26.1650011139381
          ]
        ]
      },
      "properties": {
        "id": 1184,
        "kml_id": 34576,
        "tension": "13.2",
        "n_distribu": "109",
        "localidad": "FORMOSA",
        "material": "AL/AL",
        "seccion": "70",
        "depto": "FORMOSA",
        "length_km": 0.8508,
        "num_points": 2
      }
    },
    {
      "type": "Feature",
      "geometry": {
        "type": "LineString",
        "coordinates": [
          [
            -58.2020584650739,
            -26.1293901354239
          ],
          [
            -58.2029048678334,
            -26.1271450242642
          ]
        ]
      },
      "properties": {
        "id": 1185,
        "kml_id": 34581,
        "tension": "13.2",
        "n_distribu": "22",
        "localidad": "FORMOSA",
        "material": "AL/AL",
        "seccion": "50",
        "depto": "FORMOSA",
        "length_km": 0.2636,
        "num_points": 2
      }
    },
    {
      "type": "Feature",
      "geometry": {
        "type": "LineString",
        "coordinates": [
          [
            -58.2354948837498,
            -26.1954155236034
          ],
          [
            -58.2354948837498,
            -26.1954155236034
          ],
          [
            -58.2354948837498,
            -26.1954155236034
          ],
          [
            -58.2354948837498,
            -26.1954155236034
          ],
          [
            -58.2160808989962,
            -26.18910830937
          ],
          [
            -58.2146814844178,
            -26.1862581978088
          ]
        ]
      },
      "properties": {
        "id": 1186,
        "kml_id": 34566,
        "tension": "33",
        "n_distribu": "ALIMENTADOR 330",
        "localidad": "FORMOSA",
        "material": "AL/AC",
        "seccion": "95/15",
        "depto": "FORMOSA",
        "length_km": 2.4064,
        "num_points": 6
      }
    },
    {
      "type": "Feature",
      "geometry": {
        "type": "LineString",
        "coordinates": [
          [
            -58.2543612030869,
            -26.2015703435461
          ],
          [
            -58.2406790231497,
            -26.1971869258767
          ]
        ]
      },
      "properties": {
        "id": 1187,
        "kml_id": 34567,
        "tension": "33",
        "n_distribu": "ALIMENTADOR 330",
        "localidad": "FORMOSA",
        "material": "AL/AC",
        "seccion": "95/15",
        "depto": "FORMOSA",
        "length_km": 1.4495,
        "num_points": 2
      }
    },
    {
      "type": "Feature",
      "geometry": {
        "type": "LineString",
        "coordinates": [
          [
            -58.2060820214196,
            -26.1284002265643
          ],
          [
            -58.1999817424315,
            -26.1263930176966
          ]
        ]
      },
      "properties": {
        "id": 1188,
        "kml_id": 34582,
        "tension": "13.2",
        "n_distribu": "22",
        "localidad": "FORMOSA",
        "material": "AL/AL",
        "seccion": "50",
        "depto": "FORMOSA",
        "length_km": 0.6486,
        "num_points": 2
      }
    },
    {
      "type": "Feature",
      "geometry": {
        "type": "LineString",
        "coordinates": [
          [
            -58.2388917766161,
            -26.1745009296708
          ],
          [
            -58.2409509627183,
            -26.1692556431567
          ]
        ]
      },
      "properties": {
        "id": 1189,
        "kml_id": 34584,
        "tension": "13.2",
        "n_distribu": "1102",
        "localidad": "FORMOSA",
        "material": "AL/AL",
        "seccion": null,
        "depto": "FORMOSA",
        "length_km": 0.6184,
        "num_points": 2
      }
    },
    {
      "type": "Feature",
      "geometry": {
        "type": "LineString",
        "coordinates": [
          [
            -58.2349320658764,
            -26.1733982994831
          ],
          [
            -58.2417915071513,
            -26.1756251504815
          ]
        ]
      },
      "properties": {
        "id": 1190,
        "kml_id": 34585,
        "tension": "13.2",
        "n_distribu": "1102",
        "localidad": "FORMOSA",
        "material": "AL/AL",
        "seccion": null,
        "depto": "FORMOSA",
        "length_km": 0.7279,
        "num_points": 2
      }
    },
    {
      "type": "Feature",
      "geometry": {
        "type": "LineString",
        "coordinates": [
          [
            -58.2380403849617,
            -26.1686555660077
          ],
          [
            -58.2426865219952,
            -26.1701638896144
          ]
        ]
      },
      "properties": {
        "id": 1191,
        "kml_id": 34586,
        "tension": "13.2",
        "n_distribu": "1102",
        "localidad": "FORMOSA",
        "material": "AL/AL",
        "seccion": null,
        "depto": "FORMOSA",
        "length_km": 0.4931,
        "num_points": 2
      }
    },
    {
      "type": "Feature",
      "geometry": {
        "type": "LineString",
        "coordinates": [
          [
            -58.1787823134943,
            -26.1776252905249
          ],
          [
            -58.1785568078657,
            -26.1781885018135
          ]
        ]
      },
      "properties": {
        "id": 1192,
        "kml_id": 34590,
        "tension": "13.2",
        "n_distribu": "004",
        "localidad": "FORMOSA",
        "material": "Cu",
        "seccion": "70",
        "depto": "FORMOSA",
        "length_km": 0.0665,
        "num_points": 2
      }
    },
    {
      "type": "Feature",
      "geometry": {
        "type": "LineString",
        "coordinates": [
          [
            -58.1785568078657,
            -26.1781885018135
          ],
          [
            -58.1783947104654,
            -26.178593347964
          ]
        ]
      },
      "properties": {
        "id": 1193,
        "kml_id": 34591,
        "tension": "13.2",
        "n_distribu": "004",
        "localidad": "FORMOSA",
        "material": "AL/AL",
        "seccion": "70",
        "depto": "FORMOSA",
        "length_km": 0.0478,
        "num_points": 2
      }
    },
    {
      "type": "Feature",
      "geometry": {
        "type": "LineString",
        "coordinates": [
          [
            -58.1974498756018,
            -26.1620886971429
          ],
          [
            -58.1974570280985,
            -26.1620966525202
          ],
          [
            -58.1980212141,
            -26.1627242031
          ],
          [
            -58.1984162216,
            -26.1630887594
          ],
          [
            -58.199386938,
            -26.1642891162
          ]
        ]
      },
      "properties": {
        "id": 1194,
        "kml_id": 34603,
        "tension": "13.2",
        "n_distribu": "105",
        "localidad": "FORMOSA",
        "material": null,
        "seccion": null,
        "depto": "FORMOSA",
        "length_km": 0.3123,
        "num_points": 5
      }
    },
    {
      "type": "Feature",
      "geometry": {
        "type": "LineString",
        "coordinates": [
          [
            -58.2488020038929,
            -26.195098262023
          ],
          [
            -58.2438046350759,
            -26.1934724971103
          ]
        ]
      },
      "properties": {
        "id": 1195,
        "kml_id": 34758,
        "tension": "13.2",
        "n_distribu": "601",
        "localidad": "FORMOSA",
        "material": "AL/AL",
        "seccion": "35",
        "depto": "FORMOSA",
        "length_km": 0.5304,
        "num_points": 2
      }
    },
    {
      "type": "Feature",
      "geometry": {
        "type": "LineString",
        "coordinates": [
          [
            -58.2441305504335,
            -26.1928359138972
          ],
          [
            -58.2430166067131,
            -26.1955944885476
          ]
        ]
      },
      "properties": {
        "id": 1196,
        "kml_id": 34759,
        "tension": "13.2",
        "n_distribu": "601",
        "localidad": "FORMOSA",
        "material": "AL/AL",
        "seccion": "35",
        "depto": "FORMOSA",
        "length_km": 0.3263,
        "num_points": 2
      }
    },
    {
      "type": "Feature",
      "geometry": {
        "type": "LineString",
        "coordinates": [
          [
            -58.29534009262,
            -26.2686921766883
          ],
          [
            -58.300756699,
            -26.2705254913
          ]
        ]
      },
      "properties": {
        "id": 1197,
        "kml_id": 35714,
        "tension": "7.62",
        "n_distribu": "SALIDA TRES MARIAS",
        "localidad": "FORMOSA",
        "material": "AL/AL",
        "seccion": "35",
        "depto": "FORMOSA",
        "length_km": 0.5773,
        "num_points": 2
      }
    },
    {
      "type": "Feature",
      "geometry": {
        "type": "LineString",
        "coordinates": [
          [
            -58.263687336333,
            -26.2050516984148
          ],
          [
            -58.2633840965446,
            -26.2058603378504
          ],
          [
            -58.2630777937281,
            -26.2066066957132
          ],
          [
            -58.2617566075796,
            -26.2099336548052
          ],
          [
            -58.2615677208427,
            -26.2100311612018
          ],
          [
            -58.2522714303616,
            -26.2070130574498
          ],
          [
            -58.2515710179211,
            -26.206799155983
          ],
          [
            -58.2500810879655,
            -26.2063240280516
          ]
        ]
      },
      "properties": {
        "id": 1198,
        "kml_id": 23674,
        "tension": "13.2",
        "n_distribu": "30",
        "localidad": "FORMOSA",
        "material": "AL/AL",
        "seccion": "70",
        "depto": "FORMOSA",
        "length_km": 1.8156,
        "num_points": 8
      }
    },
    {
      "type": "Feature",
      "geometry": {
        "type": "LineString",
        "coordinates": [
          [
            -58.1558763439535,
            -26.1499100410776
          ],
          [
            -58.1548050238308,
            -26.1526932309306
          ],
          [
            -58.1546538382091,
            -26.1527988438528
          ]
        ]
      },
      "properties": {
        "id": 1199,
        "kml_id": 23677,
        "tension": "13.2",
        "n_distribu": "90",
        "localidad": null,
        "material": null,
        "seccion": null,
        "depto": null,
        "length_km": 0.3466,
        "num_points": 3
      }
    },
    {
      "type": "Feature",
      "geometry": {
        "type": "LineString",
        "coordinates": [
          [
            -58.1567207047998,
            -26.1470725980112
          ],
          [
            -58.1455203097154,
            -26.1434394411467
          ]
        ]
      },
      "properties": {
        "id": 1200,
        "kml_id": 23680,
        "tension": "13.2",
        "n_distribu": "90",
        "localidad": null,
        "material": null,
        "seccion": null,
        "depto": null,
        "length_km": 1.1887,
        "num_points": 2
      }
    },
    {
      "type": "Feature",
      "geometry": {
        "type": "LineString",
        "coordinates": [
          [
            -58.1510556779368,
            -26.1488464927787
          ],
          [
            -58.1512762085113,
            -26.1482278669125
          ],
          [
            -58.1512767339069,
            -26.1482274906882
          ]
        ]
      },
      "properties": {
        "id": 1201,
        "kml_id": 23686,
        "tension": "13.2",
        "n_distribu": "90",
        "localidad": null,
        "material": null,
        "seccion": null,
        "depto": null,
        "length_km": 0.0723,
        "num_points": 3
      }
    },
    {
      "type": "Feature",
      "geometry": {
        "type": "LineString",
        "coordinates": [
          [
            -58.1540920536744,
            -26.1522715321844
          ],
          [
            -58.1535098497274,
            -26.1537034342044
          ]
        ]
      },
      "properties": {
        "id": 1202,
        "kml_id": 23678,
        "tension": "13.2",
        "n_distribu": "90",
        "localidad": null,
        "material": null,
        "seccion": null,
        "depto": null,
        "length_km": 0.1695,
        "num_points": 2
      }
    },
    {
      "type": "Feature",
      "geometry": {
        "type": "LineString",
        "coordinates": [
          [
            -58.1554115913521,
            -26.1500133358235
          ],
          [
            -58.1565096485556,
            -26.1472828060062
          ],
          [
            -58.1570640805458,
            -26.1458965677819
          ]
        ]
      },
      "properties": {
        "id": 1203,
        "kml_id": 23679,
        "tension": "13.2",
        "n_distribu": "90",
        "localidad": null,
        "material": null,
        "seccion": null,
        "depto": null,
        "length_km": 0.4866,
        "num_points": 3
      }
    },
    {
      "type": "Feature",
      "geometry": {
        "type": "LineString",
        "coordinates": [
          [
            -58.1515436264456,
            -26.145649211184
          ],
          [
            -58.152063778471,
            -26.1443303501373
          ]
        ]
      },
      "properties": {
        "id": 1204,
        "kml_id": 23681,
        "tension": "13.2",
        "n_distribu": "90",
        "localidad": null,
        "material": null,
        "seccion": null,
        "depto": null,
        "length_km": 0.1556,
        "num_points": 2
      }
    },
    {
      "type": "Feature",
      "geometry": {
        "type": "LineString",
        "coordinates": [
          [
            -58.146195144695,
            -26.1464590207185
          ],
          [
            -58.1488497261064,
            -26.1391078917386
          ]
        ]
      },
      "properties": {
        "id": 1205,
        "kml_id": 23682,
        "tension": "13.2",
        "n_distribu": "90",
        "localidad": null,
        "material": null,
        "seccion": null,
        "depto": null,
        "length_km": 0.8593,
        "num_points": 2
      }
    },
    {
      "type": "Feature",
      "geometry": {
        "type": "LineString",
        "coordinates": [
          [
            -58.1442369513351,
            -26.1494163326427
          ],
          [
            -58.1480946365571,
            -26.1388864111016
          ]
        ]
      },
      "properties": {
        "id": 1206,
        "kml_id": 23683,
        "tension": "13.2",
        "n_distribu": "90",
        "localidad": null,
        "material": null,
        "seccion": null,
        "depto": null,
        "length_km": 1.2326,
        "num_points": 2
      }
    },
    {
      "type": "Feature",
      "geometry": {
        "type": "LineString",
        "coordinates": [
          [
            -58.1445359967011,
            -26.1462017613925
          ],
          [
            -58.1476161639714,
            -26.1378796756381
          ]
        ]
      },
      "properties": {
        "id": 1207,
        "kml_id": 23684,
        "tension": "13.2",
        "n_distribu": "90",
        "localidad": null,
        "material": null,
        "seccion": null,
        "depto": null,
        "length_km": 0.9751,
        "num_points": 2
      }
    },
    {
      "type": "Feature",
      "geometry": {
        "type": "LineString",
        "coordinates": [
          [
            -58.1489818044764,
            -26.1393480150522
          ],
          [
            -58.147220759543,
            -26.1388289901271
          ]
        ]
      },
      "properties": {
        "id": 1208,
        "kml_id": 23685,
        "tension": "13.2",
        "n_distribu": "90",
        "localidad": null,
        "material": null,
        "seccion": null,
        "depto": null,
        "length_km": 0.185,
        "num_points": 2
      }
    },
    {
      "type": "Feature",
      "geometry": {
        "type": "LineString",
        "coordinates": [
          [
            -58.1561705928005,
            -26.1499533857447
          ],
          [
            -58.1595152799669,
            -26.1414877990031
          ],
          [
            -58.1616409839851,
            -26.1421757849398
          ]
        ]
      },
      "properties": {
        "id": 1209,
        "kml_id": 23688,
        "tension": "13.2",
        "n_distribu": "92",
        "localidad": "FORMOSA",
        "material": "AL/AL",
        "seccion": "50",
        "depto": "FORMOSA",
        "length_km": 1.2243,
        "num_points": 3
      }
    },
    {
      "type": "Feature",
      "geometry": {
        "type": "LineString",
        "coordinates": [
          [
            -58.1715490201,
            -26.1831090886
          ],
          [
            -58.1725485406384,
            -26.1834269045653
          ]
        ]
      },
      "properties": {
        "id": 1210,
        "kml_id": 23724,
        "tension": "13.2",
        "n_distribu": "002",
        "localidad": "FORMOSA",
        "material": null,
        "seccion": null,
        "depto": "FORMOSA",
        "length_km": 0.1058,
        "num_points": 2
      }
    },
    {
      "type": "Feature",
      "geometry": {
        "type": "LineString",
        "coordinates": [
          [
            -58.1762677704,
            -26.1822198058
          ],
          [
            -58.1759388624,
            -26.1821116544
          ],
          [
            -58.1753695012,
            -26.182062474
          ],
          [
            -58.1730179025,
            -26.1812933319
          ]
        ]
      },
      "properties": {
        "id": 1211,
        "kml_id": 23725,
        "tension": "13.2",
        "n_distribu": "002",
        "localidad": "FORMOSA",
        "material": null,
        "seccion": null,
        "depto": "FORMOSA",
        "length_km": 0.3418,
        "num_points": 4
      }
    },
    {
      "type": "Feature",
      "geometry": {
        "type": "LineString",
        "coordinates": [
          [
            -58.1720974437,
            -26.1842095648
          ],
          [
            -58.1737682586745,
            -26.1801366506225
          ]
        ]
      },
      "properties": {
        "id": 1212,
        "kml_id": 23726,
        "tension": "13.2",
        "n_distribu": "002",
        "localidad": "FORMOSA",
        "material": null,
        "seccion": null,
        "depto": "FORMOSA",
        "length_km": 0.4826,
        "num_points": 2
      }
    },
    {
      "type": "Feature",
      "geometry": {
        "type": "LineString",
        "coordinates": [
          [
            -58.1700475069769,
            -26.1791699103318
          ],
          [
            -58.1737656242623,
            -26.1803628318792
          ]
        ]
      },
      "properties": {
        "id": 1213,
        "kml_id": 23727,
        "tension": "13.2",
        "n_distribu": "002",
        "localidad": "FORMOSA",
        "material": null,
        "seccion": null,
        "depto": "FORMOSA",
        "length_km": 0.394,
        "num_points": 2
      }
    },
    {
      "type": "Feature",
      "geometry": {
        "type": "LineString",
        "coordinates": [
          [
            -58.171679185,
            -26.1750798209
          ],
          [
            -58.1726048963,
            -26.1753930655
          ]
        ]
      },
      "properties": {
        "id": 1214,
        "kml_id": 23728,
        "tension": "13.2",
        "n_distribu": "002",
        "localidad": "FORMOSA",
        "material": null,
        "seccion": null,
        "depto": "FORMOSA",
        "length_km": 0.0987,
        "num_points": 2
      }
    },
    {
      "type": "Feature",
      "geometry": {
        "type": "LineString",
        "coordinates": [
          [
            -58.1838584300079,
            -26.159222035172
          ],
          [
            -58.1823044359,
            -26.1633930641
          ],
          [
            -58.182021829,
            -26.164103763
          ],
          [
            -58.1814750905,
            -26.165467621
          ],
          [
            -58.1809069043,
            -26.1668006608
          ],
          [
            -58.1808999499,
            -26.1668185113
          ]
        ]
      },
      "properties": {
        "id": 1215,
        "kml_id": 23729,
        "tension": "13.2",
        "n_distribu": "003",
        "localidad": "FORMOSA",
        "material": "AL/AL",
        "seccion": "70",
        "depto": "FORMOSA",
        "length_km": 0.8949,
        "num_points": 6
      }
    },
    {
      "type": "Feature",
      "geometry": {
        "type": "LineString",
        "coordinates": [
          [
            -58.1767513213,
            -26.1665085298
          ],
          [
            -58.1765873214,
            -26.166917863
          ]
        ]
      },
      "properties": {
        "id": 1216,
        "kml_id": 23730,
        "tension": "13.2",
        "n_distribu": "003",
        "localidad": "FORMOSA",
        "material": "Cu",
        "seccion": "70",
        "depto": "FORMOSA",
        "length_km": 0.0484,
        "num_points": 2
      }
    },
    {
      "type": "Feature",
      "geometry": {
        "type": "LineString",
        "coordinates": [
          [
            -58.1805640034,
            -26.1659800034
          ],
          [
            -58.1801633867,
            -26.1669810132
          ]
        ]
      },
      "properties": {
        "id": 1217,
        "kml_id": 23731,
        "tension": "13.2",
        "n_distribu": "003",
        "localidad": "FORMOSA",
        "material": "AL/AL",
        "seccion": "70",
        "depto": "FORMOSA",
        "length_km": 0.1183,
        "num_points": 2
      }
    },
    {
      "type": "Feature",
      "geometry": {
        "type": "LineString",
        "coordinates": [
          [
            -58.1867061384,
            -26.1608432634
          ],
          [
            -58.1889407355,
            -26.1615693659
          ]
        ]
      },
      "properties": {
        "id": 1218,
        "kml_id": 23737,
        "tension": "13.2",
        "n_distribu": "003",
        "localidad": "FORMOSA",
        "material": "AL/AL",
        "seccion": "50",
        "depto": "FORMOSA",
        "length_km": 0.2372,
        "num_points": 2
      }
    },
    {
      "type": "Feature",
      "geometry": {
        "type": "LineString",
        "coordinates": [
          [
            -58.1767513213,
            -26.1665085298
          ],
          [
            -58.1783973587,
            -26.1670450004
          ]
        ]
      },
      "properties": {
        "id": 1219,
        "kml_id": 23738,
        "tension": "13.2",
        "n_distribu": "003",
        "localidad": "FORMOSA",
        "material": "AL/AL",
        "seccion": "70",
        "depto": "FORMOSA",
        "length_km": 0.1748,
        "num_points": 2
      }
    },
    {
      "type": "Feature",
      "geometry": {
        "type": "LineString",
        "coordinates": [
          [
            -58.1787736162,
            -26.1671676255
          ],
          [
            -58.1783973587,
            -26.1670450004
          ]
        ]
      },
      "properties": {
        "id": 1220,
        "kml_id": 23739,
        "tension": "13.2",
        "n_distribu": "003",
        "localidad": "FORMOSA",
        "material": "AL/AL",
        "seccion": "70",
        "depto": "FORMOSA",
        "length_km": 0.0399,
        "num_points": 2
      }
    },
    {
      "type": "Feature",
      "geometry": {
        "type": "LineString",
        "coordinates": [
          [
            -58.1779891680836,
            -26.1781848123661
          ],
          [
            -58.1783883716881,
            -26.1783145800568
          ]
        ]
      },
      "properties": {
        "id": 1221,
        "kml_id": 23753,
        "tension": "13.2",
        "n_distribu": "005",
        "localidad": "FORMOSA",
        "material": null,
        "seccion": null,
        "depto": "FORMOSA",
        "length_km": 0.0424,
        "num_points": 2
      }
    },
    {
      "type": "Feature",
      "geometry": {
        "type": "LineString",
        "coordinates": [
          [
            -58.1487685924,
            -26.1551687424
          ],
          [
            -58.1462292694,
            -26.1542854401
          ]
        ]
      },
      "properties": {
        "id": 1222,
        "kml_id": 23769,
        "tension": "13.2",
        "n_distribu": "007",
        "localidad": "FORMOSA",
        "material": null,
        "seccion": null,
        "depto": "FORMOSA",
        "length_km": 0.2718,
        "num_points": 2
      }
    },
    {
      "type": "Feature",
      "geometry": {
        "type": "LineString",
        "coordinates": [
          [
            -58.159864536597,
            -26.1581713419735
          ],
          [
            -58.1587521047,
            -26.1609133064
          ]
        ]
      },
      "properties": {
        "id": 1223,
        "kml_id": 23770,
        "tension": "13.2",
        "n_distribu": "007",
        "localidad": "FORMOSA",
        "material": null,
        "seccion": null,
        "depto": "FORMOSA",
        "length_km": 0.3245,
        "num_points": 2
      }
    },
    {
      "type": "Feature",
      "geometry": {
        "type": "LineString",
        "coordinates": [
          [
            -58.1625145293,
            -26.1611221351
          ],
          [
            -58.1618581264,
            -26.1628422065
          ],
          [
            -58.1615490277,
            -26.162898152
          ],
          [
            -58.1611253746571,
            -26.1623561279433
          ]
        ]
      },
      "properties": {
        "id": 1224,
        "kml_id": 23771,
        "tension": "13.2",
        "n_distribu": "007",
        "localidad": "FORMOSA",
        "material": null,
        "seccion": null,
        "depto": "FORMOSA",
        "length_km": 0.3073,
        "num_points": 4
      }
    },
    {
      "type": "Feature",
      "geometry": {
        "type": "LineString",
        "coordinates": [
          [
            -58.1668746489218,
            -26.1659586344952
          ],
          [
            -58.1665623322645,
            -26.1653423811152
          ],
          [
            -58.1662686703594,
            -26.1649902351431
          ],
          [
            -58.1652360395621,
            -26.1645559923268
          ],
          [
            -58.1658996109,
            -26.1629448833
          ]
        ]
      },
      "properties": {
        "id": 1225,
        "kml_id": 23772,
        "tension": "13.2",
        "n_distribu": "007",
        "localidad": "FORMOSA",
        "material": null,
        "seccion": null,
        "depto": "FORMOSA",
        "length_km": 0.429,
        "num_points": 5
      }
    },
    {
      "type": "Feature",
      "geometry": {
        "type": "LineString",
        "coordinates": [
          [
            -58.1646601974,
            -26.16287009
          ],
          [
            -58.1653244991933,
            -26.1609464213662
          ]
        ]
      },
      "properties": {
        "id": 1226,
        "kml_id": 23773,
        "tension": "13.2",
        "n_distribu": "007",
        "localidad": "FORMOSA",
        "material": null,
        "seccion": null,
        "depto": "FORMOSA",
        "length_km": 0.2239,
        "num_points": 2
      }
    },
    {
      "type": "Feature",
      "geometry": {
        "type": "LineString",
        "coordinates": [
          [
            -58.1705207029207,
            -26.1646285371768
          ],
          [
            -58.1766555599789,
            -26.1666565395892
          ]
        ]
      },
      "properties": {
        "id": 1227,
        "kml_id": 23774,
        "tension": "13.2",
        "n_distribu": "008",
        "localidad": "FORMOSA",
        "material": "AL/AL",
        "seccion": "95",
        "depto": "FORMOSA",
        "length_km": 0.6525,
        "num_points": 2
      }
    },
    {
      "type": "Feature",
      "geometry": {
        "type": "LineString",
        "coordinates": [
          [
            -58.1690004546756,
            -26.1719329680309
          ],
          [
            -58.1715246822551,
            -26.1654129138806
          ]
        ]
      },
      "properties": {
        "id": 1228,
        "kml_id": 23775,
        "tension": "13.2",
        "n_distribu": "008",
        "localidad": "FORMOSA",
        "material": "AL/AL",
        "seccion": "95",
        "depto": "FORMOSA",
        "length_km": 0.7675,
        "num_points": 2
      }
    },
    {
      "type": "Feature",
      "geometry": {
        "type": "LineString",
        "coordinates": [
          [
            -58.1700799568979,
            -26.1691446247761
          ],
          [
            -58.1698696392938,
            -26.1692440009084
          ],
          [
            -58.1675886382152,
            -26.169704686985
          ]
        ]
      },
      "properties": {
        "id": 1229,
        "kml_id": 23776,
        "tension": "13.2",
        "n_distribu": "008",
        "localidad": "FORMOSA",
        "material": "AL/AL",
        "seccion": "50",
        "depto": "FORMOSA",
        "length_km": 0.257,
        "num_points": 3
      }
    },
    {
      "type": "Feature",
      "geometry": {
        "type": "LineString",
        "coordinates": [
          [
            -58.1706898816851,
            -26.1721046648047
          ],
          [
            -58.1691192732496,
            -26.1716013776528
          ]
        ]
      },
      "properties": {
        "id": 1230,
        "kml_id": 23777,
        "tension": "13.2",
        "n_distribu": "008",
        "localidad": "FORMOSA",
        "material": "AL/AL",
        "seccion": "95",
        "depto": "FORMOSA",
        "length_km": 0.1664,
        "num_points": 2
      }
    },
    {
      "type": "Feature",
      "geometry": {
        "type": "LineString",
        "coordinates": [
          [
            -58.1706385772412,
            -26.1719564169945
          ],
          [
            -58.1700197832293,
            -26.1734878266588
          ]
        ]
      },
      "properties": {
        "id": 1231,
        "kml_id": 23778,
        "tension": "13.2",
        "n_distribu": "008",
        "localidad": "FORMOSA",
        "material": "AL/AL",
        "seccion": "95",
        "depto": "FORMOSA",
        "length_km": 0.1811,
        "num_points": 2
      }
    },
    {
      "type": "Feature",
      "geometry": {
        "type": "LineString",
        "coordinates": [
          [
            -58.1689276092043,
            -26.1764823137219
          ],
          [
            -58.1683453651086,
            -26.1762924247915
          ]
        ]
      },
      "properties": {
        "id": 1232,
        "kml_id": 23779,
        "tension": "13.2",
        "n_distribu": "008",
        "localidad": "FORMOSA",
        "material": null,
        "seccion": "50",
        "depto": "FORMOSA",
        "length_km": 0.0618,
        "num_points": 2
      }
    },
    {
      "type": "Feature",
      "geometry": {
        "type": "LineString",
        "coordinates": [
          [
            -58.1664520205666,
            -26.1757688210119
          ],
          [
            -58.1668358254994,
            -26.1748178075883
          ],
          [
            -58.1668681467921,
            -26.1747377200735
          ]
        ]
      },
      "properties": {
        "id": 1233,
        "kml_id": 23780,
        "tension": "13.2",
        "n_distribu": "008",
        "localidad": "FORMOSA",
        "material": "AL/AL",
        "seccion": "50",
        "depto": "FORMOSA",
        "length_km": 0.1219,
        "num_points": 3
      }
    },
    {
      "type": "Feature",
      "geometry": {
        "type": "LineString",
        "coordinates": [
          [
            -58.1932212475,
            -26.1661508664
          ],
          [
            -58.1971050132177,
            -26.1673922485072
          ]
        ]
      },
      "properties": {
        "id": 1234,
        "kml_id": 23801,
        "tension": "13.2",
        "n_distribu": "109",
        "localidad": "FORMOSA",
        "material": "AL/AL",
        "seccion": "70",
        "depto": "FORMOSA",
        "length_km": 0.4114,
        "num_points": 2
      }
    },
    {
      "type": "Feature",
      "geometry": {
        "type": "LineString",
        "coordinates": [
          [
            -58.1746574296402,
            -26.1772081045983
          ],
          [
            -58.1766995024583,
            -26.1778700465445
          ]
        ]
      },
      "properties": {
        "id": 1235,
        "kml_id": 23815,
        "tension": "13.2",
        "n_distribu": "010",
        "localidad": "FORMOSA",
        "material": "AL/AL",
        "seccion": "50",
        "depto": "FORMOSA",
        "length_km": 0.2167,
        "num_points": 2
      }
    },
    {
      "type": "Feature",
      "geometry": {
        "type": "LineString",
        "coordinates": [
          [
            -58.2117550452807,
            -26.1993135325857
          ],
          [
            -58.2125887326,
            -26.1972121757
          ]
        ]
      },
      "properties": {
        "id": 1236,
        "kml_id": 23859,
        "tension": "13.2",
        "n_distribu": "101",
        "localidad": "FORMOSA",
        "material": "AL/AL",
        "seccion": null,
        "depto": "FORMOSA",
        "length_km": 0.248,
        "num_points": 2
      }
    },
    {
      "type": "Feature",
      "geometry": {
        "type": "LineString",
        "coordinates": [
          [
            -58.2128726540387,
            -26.1965613792867
          ],
          [
            -58.2102296768,
            -26.1956924889
          ]
        ]
      },
      "properties": {
        "id": 1237,
        "kml_id": 23860,
        "tension": "13.2",
        "n_distribu": "101",
        "localidad": "FORMOSA",
        "material": "AL/AL",
        "seccion": null,
        "depto": "FORMOSA",
        "length_km": 0.2808,
        "num_points": 2
      }
    },
    {
      "type": "Feature",
      "geometry": {
        "type": "LineString",
        "coordinates": [
          [
            -58.2103586618,
            -26.1964139797
          ],
          [
            -58.2110951611,
            -26.1945863352
          ]
        ]
      },
      "properties": {
        "id": 1238,
        "kml_id": 23861,
        "tension": "13.2",
        "n_distribu": "101",
        "localidad": "FORMOSA",
        "material": "AL/AL",
        "seccion": null,
        "depto": "FORMOSA",
        "length_km": 0.2161,
        "num_points": 2
      }
    },
    {
      "type": "Feature",
      "geometry": {
        "type": "LineString",
        "coordinates": [
          [
            -58.2075629011,
            -26.176703297
          ],
          [
            -58.2004244428,
            -26.1743695616
          ],
          [
            -58.20000337,
            -26.1742774588
          ],
          [
            -58.190805298,
            -26.1712662665
          ],
          [
            -58.1906895485,
            -26.1713226135
          ],
          [
            -58.1889652816,
            -26.1755786621
          ]
        ]
      },
      "properties": {
        "id": 1239,
        "kml_id": 23906,
        "tension": "13.2",
        "n_distribu": "104",
        "localidad": "FORMOSA",
        "material": null,
        "seccion": null,
        "depto": "FORMOSA",
        "length_km": 2.2952,
        "num_points": 6
      }
    },
    {
      "type": "Feature",
      "geometry": {
        "type": "LineString",
        "coordinates": [
          [
            -58.1981005487,
            -26.1737418028
          ],
          [
            -58.2000674054,
            -26.1688973892
          ]
        ]
      },
      "properties": {
        "id": 1240,
        "kml_id": 23907,
        "tension": "13.2",
        "n_distribu": "104",
        "localidad": "FORMOSA",
        "material": null,
        "seccion": null,
        "depto": "FORMOSA",
        "length_km": 0.5733,
        "num_points": 2
      }
    },
    {
      "type": "Feature",
      "geometry": {
        "type": "LineString",
        "coordinates": [
          [
            -58.198898620079,
            -26.1717639361033
          ],
          [
            -58.198395703979,
            -26.1715980581033
          ],
          [
            -58.1983243445611,
            -26.1715994174567
          ],
          [
            -58.1978958349099,
            -26.1714476935917
          ],
          [
            -58.197658687103,
            -26.1713644561097
          ]
        ]
      },
      "properties": {
        "id": 1241,
        "kml_id": 23908,
        "tension": "13.2",
        "n_distribu": "104",
        "localidad": "FORMOSA",
        "material": "SUBTERRANEO",
        "seccion": null,
        "depto": "FORMOSA",
        "length_km": 0.132,
        "num_points": 5
      }
    },
    {
      "type": "Feature",
      "geometry": {
        "type": "LineString",
        "coordinates": [
          [
            -58.2167979988,
            -26.1871870696
          ],
          [
            -58.226027471408,
            -26.1902449866698
          ]
        ]
      },
      "properties": {
        "id": 1242,
        "kml_id": 23955,
        "tension": "13.2",
        "n_distribu": "106",
        "localidad": "FORMOSA",
        "material": null,
        "seccion": null,
        "depto": "FORMOSA",
        "length_km": 0.9817,
        "num_points": 2
      }
    },
    {
      "type": "Feature",
      "geometry": {
        "type": "LineString",
        "coordinates": [
          [
            -58.2278291863,
            -26.1867964166
          ],
          [
            -58.2295231520047,
            -26.1828569621894
          ]
        ]
      },
      "properties": {
        "id": 1243,
        "kml_id": 23956,
        "tension": "13.2",
        "n_distribu": "1103",
        "localidad": "FORMOSA",
        "material": null,
        "seccion": null,
        "depto": "FORMOSA",
        "length_km": 0.4695,
        "num_points": 2
      }
    },
    {
      "type": "Feature",
      "geometry": {
        "type": "LineString",
        "coordinates": [
          [
            -58.213745416,
            -26.1788807115
          ],
          [
            -58.2192090786,
            -26.1805913784
          ]
        ]
      },
      "properties": {
        "id": 1244,
        "kml_id": 23958,
        "tension": "13.2",
        "n_distribu": "106",
        "localidad": "FORMOSA",
        "material": null,
        "seccion": null,
        "depto": "FORMOSA",
        "length_km": 0.5774,
        "num_points": 2
      }
    },
    {
      "type": "Feature",
      "geometry": {
        "type": "LineString",
        "coordinates": [
          [
            -58.2024162003,
            -26.1692754156
          ],
          [
            -58.1969744605,
            -26.1828800437
          ],
          [
            -58.1966238996394,
            -26.1837549969032
          ],
          [
            -58.19259448,
            -26.1938114197
          ]
        ]
      },
      "properties": {
        "id": 1245,
        "kml_id": 24000,
        "tension": "13.2",
        "n_distribu": "112",
        "localidad": "FORMOSA",
        "material": null,
        "seccion": null,
        "depto": "FORMOSA",
        "length_km": 2.899,
        "num_points": 4
      }
    },
    {
      "type": "Feature",
      "geometry": {
        "type": "LineString",
        "coordinates": [
          [
            -58.2024162003,
            -26.1692754156
          ],
          [
            -58.2025148939,
            -26.1692457729
          ],
          [
            -58.2028772716,
            -26.1683407488
          ],
          [
            -58.2030270208,
            -26.1682618495
          ]
        ]
      },
      "properties": {
        "id": 1246,
        "kml_id": 24001,
        "tension": "13.2",
        "n_distribu": "112",
        "localidad": "FORMOSA",
        "material": null,
        "seccion": null,
        "depto": "FORMOSA",
        "length_km": 0.1347,
        "num_points": 4
      }
    },
    {
      "type": "Feature",
      "geometry": {
        "type": "LineString",
        "coordinates": [
          [
            -58.1482626380576,
            -26.1337886405429
          ],
          [
            -58.1481742958601,
            -26.1341130933484
          ]
        ]
      },
      "properties": {
        "id": 1247,
        "kml_id": 24054,
        "tension": "13.2",
        "n_distribu": "503",
        "localidad": null,
        "material": null,
        "seccion": null,
        "depto": null,
        "length_km": 0.0371,
        "num_points": 2
      }
    },
    {
      "type": "Feature",
      "geometry": {
        "type": "LineString",
        "coordinates": [
          [
            -58.1457487754971,
            -26.1350795180043
          ],
          [
            -58.1459927204289,
            -26.1344549507198
          ]
        ]
      },
      "properties": {
        "id": 1248,
        "kml_id": 24070,
        "tension": "13.2",
        "n_distribu": "503",
        "localidad": null,
        "material": null,
        "seccion": null,
        "depto": null,
        "length_km": 0.0736,
        "num_points": 2
      }
    },
    {
      "type": "Feature",
      "geometry": {
        "type": "LineString",
        "coordinates": [
          [
            -58.1478048648523,
            -26.1332623040745
          ],
          [
            -58.1475799938041,
            -26.1339112117087
          ]
        ]
      },
      "properties": {
        "id": 1249,
        "kml_id": 24055,
        "tension": "13.2",
        "n_distribu": "503",
        "localidad": null,
        "material": null,
        "seccion": null,
        "depto": null,
        "length_km": 0.0756,
        "num_points": 2
      }
    },
    {
      "type": "Feature",
      "geometry": {
        "type": "LineString",
        "coordinates": [
          [
            -58.1453512356083,
            -26.1333274766447
          ],
          [
            -58.1450259756993,
            -26.134284613608
          ]
        ]
      },
      "properties": {
        "id": 1250,
        "kml_id": 24071,
        "tension": "13.2",
        "n_distribu": "503",
        "localidad": null,
        "material": null,
        "seccion": null,
        "depto": null,
        "length_km": 0.1113,
        "num_points": 2
      }
    },
    {
      "type": "Feature",
      "geometry": {
        "type": "LineString",
        "coordinates": [
          [
            -58.1607268181348,
            -26.1338055339666
          ],
          [
            -58.1594407035068,
            -26.1333768290906
          ]
        ]
      },
      "properties": {
        "id": 1251,
        "kml_id": 24049,
        "tension": "13.2",
        "n_distribu": "504",
        "localidad": "FORMOSA",
        "material": "AL/AL",
        "seccion": "70",
        "depto": "FORMOSA",
        "length_km": 0.137,
        "num_points": 2
      }
    },
    {
      "type": "Feature",
      "geometry": {
        "type": "LineString",
        "coordinates": [
          [
            -58.1497398266814,
            -26.1315337888119
          ],
          [
            -58.1478059356669,
            -26.1369672778494
          ]
        ]
      },
      "properties": {
        "id": 1252,
        "kml_id": 24052,
        "tension": "13.2",
        "n_distribu": "503",
        "localidad": null,
        "material": "AL/AL",
        "seccion": null,
        "depto": null,
        "length_km": 0.6343,
        "num_points": 2
      }
    },
    {
      "type": "Feature",
      "geometry": {
        "type": "LineString",
        "coordinates": [
          [
            -58.1475275406245,
            -26.1360214321528
          ],
          [
            -58.1472259975839,
            -26.1368943942406
          ]
        ]
      },
      "properties": {
        "id": 1253,
        "kml_id": 24068,
        "tension": "13.2",
        "n_distribu": "503",
        "localidad": null,
        "material": null,
        "seccion": null,
        "depto": null,
        "length_km": 0.1016,
        "num_points": 2
      }
    },
    {
      "type": "Feature",
      "geometry": {
        "type": "LineString",
        "coordinates": [
          [
            -58.1488435549321,
            -26.1339544720895
          ],
          [
            -58.1438837187563,
            -26.1324783181024
          ]
        ]
      },
      "properties": {
        "id": 1254,
        "kml_id": 24053,
        "tension": "13.2",
        "n_distribu": "503",
        "localidad": null,
        "material": null,
        "seccion": null,
        "depto": null,
        "length_km": 0.5216,
        "num_points": 2
      }
    },
    {
      "type": "Feature",
      "geometry": {
        "type": "LineString",
        "coordinates": [
          [
            -58.1577893436062,
            -26.1345896126214
          ],
          [
            -58.1566167511575,
            -26.1375545863115
          ]
        ]
      },
      "properties": {
        "id": 1255,
        "kml_id": 24050,
        "tension": "13.2",
        "n_distribu": "504",
        "localidad": "FORMOSA",
        "material": "AL/AL",
        "seccion": null,
        "depto": "FORMOSA",
        "length_km": 0.3499,
        "num_points": 2
      }
    },
    {
      "type": "Feature",
      "geometry": {
        "type": "LineString",
        "coordinates": [
          [
            -58.1545204689267,
            -26.1319426420547
          ],
          [
            -58.1533654642469,
            -26.1348114036782
          ]
        ]
      },
      "properties": {
        "id": 1256,
        "kml_id": 24051,
        "tension": "13.2",
        "n_distribu": "504",
        "localidad": "FORMOSA",
        "material": "AL/AL",
        "seccion": null,
        "depto": "FORMOSA",
        "length_km": 0.3392,
        "num_points": 2
      }
    },
    {
      "type": "Feature",
      "geometry": {
        "type": "LineString",
        "coordinates": [
          [
            -58.146263770353,
            -26.135633108941
          ],
          [
            -58.1459475454415,
            -26.1366125326307
          ]
        ]
      },
      "properties": {
        "id": 1257,
        "kml_id": 24069,
        "tension": "13.2",
        "n_distribu": "503",
        "localidad": null,
        "material": null,
        "seccion": null,
        "depto": null,
        "length_km": 0.1134,
        "num_points": 2
      }
    },
    {
      "type": "Feature",
      "geometry": {
        "type": "LineString",
        "coordinates": [
          [
            -58.1482108213735,
            -26.1356681590007
          ],
          [
            -58.1432593513498,
            -26.1341956427856
          ]
        ]
      },
      "properties": {
        "id": 1258,
        "kml_id": 24066,
        "tension": "13.2",
        "n_distribu": "503",
        "localidad": null,
        "material": null,
        "seccion": null,
        "depto": null,
        "length_km": 0.5207,
        "num_points": 2
      }
    },
    {
      "type": "Feature",
      "geometry": {
        "type": "LineString",
        "coordinates": [
          [
            -58.1479324214487,
            -26.1361324538258
          ],
          [
            -58.1430636871858,
            -26.1346541839908
          ]
        ]
      },
      "properties": {
        "id": 1259,
        "kml_id": 24067,
        "tension": "13.2",
        "n_distribu": "503",
        "localidad": null,
        "material": null,
        "seccion": null,
        "depto": null,
        "length_km": 0.5131,
        "num_points": 2
      }
    },
    {
      "type": "Feature",
      "geometry": {
        "type": "LineString",
        "coordinates": [
          [
            -58.1468702445584,
            -26.1339941274244
          ],
          [
            -58.1467110027279,
            -26.1344017203991
          ]
        ]
      },
      "properties": {
        "id": 1260,
        "kml_id": 24064,
        "tension": "13.2",
        "n_distribu": "503",
        "localidad": null,
        "material": null,
        "seccion": null,
        "depto": null,
        "length_km": 0.048,
        "num_points": 2
      }
    },
    {
      "type": "Feature",
      "geometry": {
        "type": "LineString",
        "coordinates": [
          [
            -58.1475410931207,
            -26.1341340475612
          ],
          [
            -58.146519573719,
            -26.1370289879888
          ]
        ]
      },
      "properties": {
        "id": 1261,
        "kml_id": 24065,
        "tension": "13.2",
        "n_distribu": "503",
        "localidad": null,
        "material": null,
        "seccion": null,
        "depto": null,
        "length_km": 0.3377,
        "num_points": 2
      }
    },
    {
      "type": "Feature",
      "geometry": {
        "type": "LineString",
        "coordinates": [
          [
            -58.1478485653784,
            -26.1344830867368
          ],
          [
            -58.1437915691697,
            -26.1332296332823
          ]
        ]
      },
      "properties": {
        "id": 1262,
        "kml_id": 24063,
        "tension": "13.2",
        "n_distribu": "503",
        "localidad": null,
        "material": null,
        "seccion": null,
        "depto": null,
        "length_km": 0.4283,
        "num_points": 2
      }
    },
    {
      "type": "Feature",
      "geometry": {
        "type": "LineString",
        "coordinates": [
          [
            -58.1470820650546,
            -26.1333848757927
          ],
          [
            -58.1469696295305,
            -26.1337453801007
          ]
        ]
      },
      "properties": {
        "id": 1263,
        "kml_id": 24056,
        "tension": "13.2",
        "n_distribu": "504",
        "localidad": null,
        "material": null,
        "seccion": null,
        "depto": null,
        "length_km": 0.0416,
        "num_points": 2
      }
    },
    {
      "type": "Feature",
      "geometry": {
        "type": "LineString",
        "coordinates": [
          [
            -58.1451104278284,
            -26.1324673873086
          ],
          [
            -58.1444117213572,
            -26.1342627018385
          ]
        ]
      },
      "properties": {
        "id": 1264,
        "kml_id": 24058,
        "tension": "13.2",
        "n_distribu": "503",
        "localidad": null,
        "material": null,
        "seccion": null,
        "depto": null,
        "length_km": 0.2115,
        "num_points": 2
      }
    },
    {
      "type": "Feature",
      "geometry": {
        "type": "LineString",
        "coordinates": [
          [
            -58.1441627569824,
            -26.1329648868704
          ],
          [
            -58.1438174193012,
            -26.133959879636
          ]
        ]
      },
      "properties": {
        "id": 1265,
        "kml_id": 24059,
        "tension": "13.2",
        "n_distribu": "503",
        "localidad": null,
        "material": null,
        "seccion": null,
        "depto": null,
        "length_km": 0.1159,
        "num_points": 2
      }
    },
    {
      "type": "Feature",
      "geometry": {
        "type": "LineString",
        "coordinates": [
          [
            -58.1463647971012,
            -26.1328476296008
          ],
          [
            -58.1448289496289,
            -26.1369738244737
          ]
        ]
      },
      "properties": {
        "id": 1266,
        "kml_id": 24057,
        "tension": "13.2",
        "n_distribu": "503",
        "localidad": null,
        "material": null,
        "seccion": null,
        "depto": null,
        "length_km": 0.4838,
        "num_points": 2
      }
    },
    {
      "type": "Feature",
      "geometry": {
        "type": "LineString",
        "coordinates": [
          [
            -58.1430248702699,
            -26.1309405641709
          ],
          [
            -58.1439659948152,
            -26.1312236291324
          ],
          [
            -58.1431689072604,
            -26.1333794682196
          ],
          [
            -58.1388582844209,
            -26.1320804866745
          ]
        ]
      },
      "properties": {
        "id": 1267,
        "kml_id": 24060,
        "tension": "13.2",
        "n_distribu": "503",
        "localidad": "FORMOSA",
        "material": "AL/AL",
        "seccion": null,
        "depto": null,
        "length_km": 0.8056,
        "num_points": 4
      }
    },
    {
      "type": "Feature",
      "geometry": {
        "type": "LineString",
        "coordinates": [
          [
            -58.1396618224083,
            -26.1325773421044
          ],
          [
            -58.1403785988744,
            -26.1305413590579
          ]
        ]
      },
      "properties": {
        "id": 1268,
        "kml_id": 24061,
        "tension": "13.2",
        "n_distribu": "503",
        "localidad": "FORMOSA",
        "material": "AL/AL",
        "seccion": null,
        "depto": null,
        "length_km": 0.2374,
        "num_points": 2
      }
    },
    {
      "type": "Feature",
      "geometry": {
        "type": "LineString",
        "coordinates": [
          [
            -58.140197898925,
            -26.1312470623799
          ],
          [
            -58.1386314935563,
            -26.1307650996599
          ]
        ]
      },
      "properties": {
        "id": 1269,
        "kml_id": 24062,
        "tension": "13.2",
        "n_distribu": "503",
        "localidad": "FORMOSA",
        "material": "AL/AL",
        "seccion": null,
        "depto": null,
        "length_km": 0.1653,
        "num_points": 2
      }
    },
    {
      "type": "Feature",
      "geometry": {
        "type": "LineString",
        "coordinates": [
          [
            -58.1494486517316,
            -26.1308726937436
          ],
          [
            -58.1487514481523,
            -26.1327445789066
          ]
        ]
      },
      "properties": {
        "id": 1270,
        "kml_id": 24103,
        "tension": "13.2",
        "n_distribu": "503",
        "localidad": null,
        "material": null,
        "seccion": null,
        "depto": null,
        "length_km": 0.2195,
        "num_points": 2
      }
    },
    {
      "type": "Feature",
      "geometry": {
        "type": "LineString",
        "coordinates": [
          [
            -58.1482197950197,
            -26.1319966902838
          ],
          [
            -58.1477770095577,
            -26.1332331737919
          ]
        ]
      },
      "properties": {
        "id": 1271,
        "kml_id": 24105,
        "tension": "13.2",
        "n_distribu": "503",
        "localidad": null,
        "material": null,
        "seccion": null,
        "depto": null,
        "length_km": 0.1444,
        "num_points": 2
      }
    },
    {
      "type": "Feature",
      "geometry": {
        "type": "LineString",
        "coordinates": [
          [
            -58.1471855701528,
            -26.1314251164149
          ],
          [
            -58.1442921122124,
            -26.1305642807758
          ]
        ]
      },
      "properties": {
        "id": 1272,
        "kml_id": 24104,
        "tension": "13.2",
        "n_distribu": "503",
        "localidad": null,
        "material": null,
        "seccion": null,
        "depto": null,
        "length_km": 0.3043,
        "num_points": 2
      }
    },
    {
      "type": "Feature",
      "geometry": {
        "type": "LineString",
        "coordinates": [
          [
            -58.1439355121559,
            -26.1316821491478
          ],
          [
            -58.1488385511747,
            -26.1331758555423
          ]
        ]
      },
      "properties": {
        "id": 1273,
        "kml_id": 24106,
        "tension": "13.2",
        "n_distribu": "503",
        "localidad": null,
        "material": null,
        "seccion": null,
        "depto": null,
        "length_km": 0.5169,
        "num_points": 2
      }
    },
    {
      "type": "Feature",
      "geometry": {
        "type": "LineString",
        "coordinates": [
          [
            -58.1473443884678,
            -26.1327244376974
          ],
          [
            -58.1476779069291,
            -26.1318039163064
          ]
        ]
      },
      "properties": {
        "id": 1274,
        "kml_id": 24107,
        "tension": "13.2",
        "n_distribu": "503",
        "localidad": null,
        "material": null,
        "seccion": null,
        "depto": null,
        "length_km": 0.1076,
        "num_points": 2
      }
    },
    {
      "type": "Feature",
      "geometry": {
        "type": "LineString",
        "coordinates": [
          [
            -58.1465344150616,
            -26.1324079023499
          ],
          [
            -58.1463705145606,
            -26.132830519622
          ]
        ]
      },
      "properties": {
        "id": 1275,
        "kml_id": 24108,
        "tension": "13.2",
        "n_distribu": "503",
        "localidad": null,
        "material": null,
        "seccion": null,
        "depto": null,
        "length_km": 0.0498,
        "num_points": 2
      }
    },
    {
      "type": "Feature",
      "geometry": {
        "type": "LineString",
        "coordinates": [
          [
            -58.1458006744465,
            -26.1322487788511
          ],
          [
            -58.1461182316673,
            -26.1313363810557
          ]
        ]
      },
      "properties": {
        "id": 1276,
        "kml_id": 24109,
        "tension": "13.2",
        "n_distribu": "503",
        "localidad": null,
        "material": null,
        "seccion": null,
        "depto": null,
        "length_km": 0.1063,
        "num_points": 2
      }
    },
    {
      "type": "Feature",
      "geometry": {
        "type": "LineString",
        "coordinates": [
          [
            -58.1465775342341,
            -26.1300197438249
          ],
          [
            -58.146138242775,
            -26.1312799173855
          ]
        ]
      },
      "properties": {
        "id": 1277,
        "kml_id": 24110,
        "tension": "13.2",
        "n_distribu": "503",
        "localidad": null,
        "material": null,
        "seccion": null,
        "depto": null,
        "length_km": 0.1468,
        "num_points": 2
      }
    },
    {
      "type": "Feature",
      "geometry": {
        "type": "LineString",
        "coordinates": [
          [
            -58.1451241084249,
            -26.1324470415643
          ],
          [
            -58.145558873562,
            -26.131192655296
          ]
        ]
      },
      "properties": {
        "id": 1278,
        "kml_id": 24111,
        "tension": "13.2",
        "n_distribu": "503",
        "localidad": null,
        "material": null,
        "seccion": null,
        "depto": null,
        "length_km": 0.1461,
        "num_points": 2
      }
    },
    {
      "type": "Feature",
      "geometry": {
        "type": "LineString",
        "coordinates": [
          [
            -58.1454528623368,
            -26.1311103123332
          ],
          [
            -58.1459400375179,
            -26.1297682207941
          ]
        ]
      },
      "properties": {
        "id": 1279,
        "kml_id": 24112,
        "tension": "13.2",
        "n_distribu": "503",
        "localidad": null,
        "material": null,
        "seccion": null,
        "depto": null,
        "length_km": 0.157,
        "num_points": 2
      }
    },
    {
      "type": "Feature",
      "geometry": {
        "type": "LineString",
        "coordinates": [
          [
            -58.1444675684002,
            -26.1318461168315
          ],
          [
            -58.1447208339817,
            -26.1311495455541
          ]
        ]
      },
      "properties": {
        "id": 1280,
        "kml_id": 24113,
        "tension": "13.2",
        "n_distribu": "503",
        "localidad": null,
        "material": null,
        "seccion": null,
        "depto": null,
        "length_km": 0.0815,
        "num_points": 2
      }
    },
    {
      "type": "Feature",
      "geometry": {
        "type": "LineString",
        "coordinates": [
          [
            -58.1448025757832,
            -26.1308944959644
          ],
          [
            -58.1452019045838,
            -26.1298276728348
          ]
        ]
      },
      "properties": {
        "id": 1281,
        "kml_id": 24114,
        "tension": "13.2",
        "n_distribu": "503",
        "localidad": null,
        "material": null,
        "seccion": null,
        "depto": null,
        "length_km": 0.1251,
        "num_points": 2
      }
    },
    {
      "type": "Feature",
      "geometry": {
        "type": "LineString",
        "coordinates": [
          [
            -58.1435652260138,
            -26.1326202805528
          ],
          [
            -58.1437553367686,
            -26.1320877617117
          ]
        ]
      },
      "properties": {
        "id": 1282,
        "kml_id": 24115,
        "tension": "13.2",
        "n_distribu": "503",
        "localidad": "FORMOSA",
        "material": "AL/AL",
        "seccion": null,
        "depto": null,
        "length_km": 0.0622,
        "num_points": 2
      }
    },
    {
      "type": "Feature",
      "geometry": {
        "type": "LineString",
        "coordinates": [
          [
            -58.1437583698743,
            -26.1320766403245
          ],
          [
            -58.1446235143369,
            -26.1296657085616
          ]
        ]
      },
      "properties": {
        "id": 1283,
        "kml_id": 24116,
        "tension": "13.2",
        "n_distribu": "503",
        "localidad": null,
        "material": null,
        "seccion": null,
        "depto": null,
        "length_km": 0.2817,
        "num_points": 2
      }
    },
    {
      "type": "Feature",
      "geometry": {
        "type": "LineString",
        "coordinates": [
          [
            -58.0785617486827,
            -26.0629700668029
          ],
          [
            -58.0633876554827,
            -26.0459027683029
          ]
        ]
      },
      "properties": {
        "id": 1284,
        "kml_id": 24117,
        "tension": "13.2",
        "n_distribu": "SALIDA MOJON",
        "localidad": null,
        "material": "AL/AL",
        "seccion": null,
        "depto": null,
        "length_km": 2.4289,
        "num_points": 2
      }
    },
    {
      "type": "Feature",
      "geometry": {
        "type": "LineString",
        "coordinates": [
          [
            -58.2020584650739,
            -26.1293901354239
          ],
          [
            -58.2009180751429,
            -26.1322475285394
          ]
        ]
      },
      "properties": {
        "id": 1285,
        "kml_id": 24138,
        "tension": "13.2",
        "n_distribu": "22",
        "localidad": "FORMOSA",
        "material": "AL/AL",
        "seccion": "50",
        "depto": "FORMOSA",
        "length_km": 0.3375,
        "num_points": 2
      }
    },
    {
      "type": "Feature",
      "geometry": {
        "type": "LineString",
        "coordinates": [
          [
            -58.1664496442,
            -26.1823869646
          ],
          [
            -58.1662390535,
            -26.1824003569
          ]
        ]
      },
      "properties": {
        "id": 1286,
        "kml_id": 23128,
        "tension": "13.2",
        "n_distribu": "202",
        "localidad": null,
        "material": null,
        "seccion": null,
        "depto": null,
        "length_km": 0.0211,
        "num_points": 2
      }
    },
    {
      "type": "Feature",
      "geometry": {
        "type": "LineString",
        "coordinates": [
          [
            -58.1577852639452,
            -26.1504528990159
          ],
          [
            -58.1577556752694,
            -26.150514060188
          ],
          [
            -58.1462501325368,
            -26.1468002161928
          ],
          [
            -58.145983058116,
            -26.1467103348053
          ]
        ]
      },
      "properties": {
        "id": 1287,
        "kml_id": 23676,
        "tension": "13.2",
        "n_distribu": "90",
        "localidad": null,
        "material": null,
        "seccion": null,
        "depto": null,
        "length_km": 1.2563,
        "num_points": 4
      }
    },
    {
      "type": "Feature",
      "geometry": {
        "type": "LineString",
        "coordinates": [
          [
            -58.1776989262819,
            -26.173435758939
          ],
          [
            -58.1783995719375,
            -26.1716485156843
          ]
        ]
      },
      "properties": {
        "id": 1288,
        "kml_id": 23812,
        "tension": "13.2",
        "n_distribu": "010",
        "localidad": "FORMOSA",
        "material": "AL/AL",
        "seccion": "35",
        "depto": "FORMOSA",
        "length_km": 0.2107,
        "num_points": 2
      }
    },
    {
      "type": "Feature",
      "geometry": {
        "type": "LineString",
        "coordinates": [
          [
            -58.2211593527083,
            -26.1674796508897
          ],
          [
            -58.2231867211083,
            -26.1624138962897
          ],
          [
            -58.2234579891083,
            -26.1622646387897
          ],
          [
            -58.2165727578027,
            -26.1600079995054
          ]
        ]
      },
      "properties": {
        "id": 1289,
        "kml_id": 23992,
        "tension": "13.2",
        "n_distribu": "1101",
        "localidad": "FORMOSA",
        "material": null,
        "seccion": null,
        "depto": "FORMOSA",
        "length_km": 1.3618,
        "num_points": 4
      }
    },
    {
      "type": "Feature",
      "geometry": {
        "type": "LineString",
        "coordinates": [
          [
            -58.2224266193084,
            -26.1635159320897
          ],
          [
            -58.2245013719083,
            -26.1641920879897
          ]
        ]
      },
      "properties": {
        "id": 1290,
        "kml_id": 23993,
        "tension": "13.2",
        "n_distribu": "1101",
        "localidad": "FORMOSA",
        "material": null,
        "seccion": null,
        "depto": "FORMOSA",
        "length_km": 0.2203,
        "num_points": 2
      }
    },
    {
      "type": "Feature",
      "geometry": {
        "type": "LineString",
        "coordinates": [
          [
            -58.1501418286822,
            -26.1264678466168
          ],
          [
            -58.1501073301907,
            -26.1286466488961
          ]
        ]
      },
      "properties": {
        "id": 1291,
        "kml_id": 24092,
        "tension": "13.2",
        "n_distribu": "501",
        "localidad": "FORMOSA",
        "material": "AL/AL",
        "seccion": "35",
        "depto": "FORMOSA",
        "length_km": 0.2423,
        "num_points": 2
      }
    },
    {
      "type": "Feature",
      "geometry": {
        "type": "LineString",
        "coordinates": [
          [
            -58.2572770487224,
            -26.2521378799739
          ],
          [
            -58.2569450021,
            -26.2523099977
          ]
        ]
      },
      "properties": {
        "id": 1292,
        "kml_id": 34069,
        "tension": "13.2",
        "n_distribu": "SALIDA VILLA DEL CARMEN",
        "localidad": "FORMOSA",
        "material": "AL/AL",
        "seccion": "35",
        "depto": "FORMOSA",
        "length_km": 0.0382,
        "num_points": 2
      }
    },
    {
      "type": "Feature",
      "geometry": {
        "type": "LineString",
        "coordinates": [
          [
            -58.233349999825,
            -26.1458179216425
          ],
          [
            -58.2333849240936,
            -26.1457988758895
          ],
          [
            -58.2469820002217,
            -26.150135273842
          ]
        ]
      },
      "properties": {
        "id": 1293,
        "kml_id": 44256,
        "tension": "7.62",
        "n_distribu": "1101",
        "localidad": "FORMOSA",
        "material": "Al/Al",
        "seccion": "25",
        "depto": "FORMOSA",
        "length_km": 1.4444,
        "num_points": 3
      }
    },
    {
      "type": "Feature",
      "geometry": {
        "type": "LineString",
        "coordinates": [
          [
            -58.1884246011,
            -26.0313837995
          ],
          [
            -58.1874924608,
            -26.0316324492
          ]
        ]
      },
      "properties": {
        "id": 1294,
        "kml_id": 44264,
        "tension": "7.62",
        "n_distribu": "SALIDA MOJON",
        "localidad": null,
        "material": null,
        "seccion": null,
        "depto": null,
        "length_km": 0.0972,
        "num_points": 2
      }
    },
    {
      "type": "Feature",
      "geometry": {
        "type": "LineString",
        "coordinates": [
          [
            -58.0619921373115,
            -26.0446095340061
          ],
          [
            -58.0676418971,
            -26.035417297
          ]
        ]
      },
      "properties": {
        "id": 1295,
        "kml_id": 44270,
        "tension": "7.62",
        "n_distribu": "SALIDA MOJON",
        "localidad": "MOJON DE FIERRO",
        "material": "AL/AL",
        "seccion": "35",
        "depto": "FORMOSA",
        "length_km": 1.1676,
        "num_points": 2
      }
    },
    {
      "type": "Feature",
      "geometry": {
        "type": "LineString",
        "coordinates": [
          [
            -58.2988304917065,
            -26.282755447819
          ],
          [
            -58.2974954339876,
            -26.2841730315384
          ],
          [
            -58.2826147981273,
            -26.2793602349811
          ],
          [
            -58.280489173,
            -26.2800962553
          ]
        ]
      },
      "properties": {
        "id": 1296,
        "kml_id": 45702,
        "tension": "7,62 RURAL",
        "n_distribu": null,
        "localidad": null,
        "material": null,
        "seccion": null,
        "depto": null,
        "length_km": 2.0107,
        "num_points": 4
      }
    },
    {
      "type": "Feature",
      "geometry": {
        "type": "LineString",
        "coordinates": [
          [
            -58.2284895639213,
            -26.1540345121307
          ],
          [
            -58.2285018027844,
            -26.1540383508703
          ],
          [
            -58.228516022407,
            -26.1540428108785
          ],
          [
            -58.2298294472254,
            -26.1544547687446
          ],
          [
            -58.233349999825,
            -26.1458179216425
          ],
          [
            -58.2344154295204,
            -26.1430948241831
          ]
        ]
      },
      "properties": {
        "id": 1297,
        "kml_id": 45813,
        "tension": "7.62",
        "n_distribu": "1101",
        "localidad": "FORMOSA",
        "material": "Al/Al",
        "seccion": "25",
        "depto": "FORMOSA",
        "length_km": 1.4852,
        "num_points": 6
      }
    },
    {
      "type": "Feature",
      "geometry": {
        "type": "LineString",
        "coordinates": [
          [
            -58.1949698019934,
            -26.2992171721242
          ],
          [
            -58.1953762441107,
            -26.2988905668514
          ],
          [
            -58.1960258257089,
            -26.2964609865162
          ],
          [
            -58.1969693520527,
            -26.2949295706814
          ],
          [
            -58.1977532047075,
            -26.2933128745808
          ],
          [
            -58.1987166902624,
            -26.2933273903707
          ],
          [
            -58.2006757170748,
            -26.296783358017
          ],
          [
            -58.2029123583692,
            -26.2978926062955
          ],
          [
            -58.2045562715758,
            -26.2974196334744
          ],
          [
            -58.208598919064,
            -26.2970373843403
          ],
          [
            -58.2161971985,
            -26.2994470978
          ]
        ]
      },
      "properties": {
        "id": 1298,
        "kml_id": 45799,
        "tension": "7.62",
        "n_distribu": "SALIDA TRES MARIAS",
        "localidad": "FORMOSA",
        "material": "AL/AL",
        "seccion": "25",
        "depto": "FORMOSA",
        "length_km": 2.8855,
        "num_points": 11
      }
    },
    {
      "type": "Feature",
      "geometry": {
        "type": "LineString",
        "coordinates": [
          [
            -58.0676418971,
            -26.035417297
          ],
          [
            -58.0694278946252,
            -26.0323116497546
          ],
          [
            -58.0700777672272,
            -26.0315113763829
          ],
          [
            -58.0706534695867,
            -26.0307988122663
          ],
          [
            -58.0709430867245,
            -26.0298004572545
          ],
          [
            -58.0718242998451,
            -26.0283376552473
          ],
          [
            -58.074101208563,
            -26.0292029747445
          ],
          [
            -58.0763216066199,
            -26.0285001233977
          ]
        ]
      },
      "properties": {
        "id": 1299,
        "kml_id": 45811,
        "tension": "7.62",
        "n_distribu": "SALIDA MOJON",
        "localidad": "MOJON DE FIERRO",
        "material": "AL/AL",
        "seccion": "35",
        "depto": "FORMOSA",
        "length_km": 1.3787,
        "num_points": 8
      }
    },
    {
      "type": "Feature",
      "geometry": {
        "type": "LineString",
        "coordinates": [
          [
            -58.1790412047051,
            -26.1226216072546
          ],
          [
            -58.1807771381512,
            -26.1186744120262
          ]
        ]
      },
      "properties": {
        "id": 1300,
        "kml_id": 45815,
        "tension": "7.62",
        "n_distribu": "023",
        "localidad": "FORMOSA",
        "material": "AL/AL",
        "seccion": null,
        "depto": "FORMOSA",
        "length_km": 0.4719,
        "num_points": 2
      }
    },
    {
      "type": "Feature",
      "geometry": {
        "type": "LineString",
        "coordinates": [
          [
            -58.2944379712,
            -26.3030080504
          ],
          [
            -58.2982703232717,
            -26.3097337079893
          ],
          [
            -58.3004251361027,
            -26.3046817255548
          ]
        ]
      },
      "properties": {
        "id": 1301,
        "kml_id": 45816,
        "tension": "7.62",
        "n_distribu": "SALIDA TRES MARIAS",
        "localidad": "FORMOSA",
        "material": "AL/AL",
        "seccion": "25",
        "depto": "FORMOSA",
        "length_km": 1.4412,
        "num_points": 3
      }
    },
    {
      "type": "Feature",
      "geometry": {
        "type": "LineString",
        "coordinates": [
          [
            -58.1647847331237,
            -26.2079974971703
          ],
          [
            -58.1647622871567,
            -26.2084451895058
          ],
          [
            -58.1640820016956,
            -26.2095171655396
          ],
          [
            -58.1637470388036,
            -26.2102142544836
          ],
          [
            -58.1628319339956,
            -26.210954713278
          ],
          [
            -58.1624348130412,
            -26.2118438772369
          ],
          [
            -58.1623070436906,
            -26.2125223636324
          ],
          [
            -58.1620169727326,
            -26.2132411211612
          ],
          [
            -58.1614161114624,
            -26.2138731284238
          ],
          [
            -58.1604906469773,
            -26.214424582937
          ],
          [
            -58.158853818,
            -26.2152238775362
          ],
          [
            -58.1573654777273,
            -26.2156637970275
          ],
          [
            -58.1570236083839,
            -26.2159023442251
          ],
          [
            -58.1566955519433,
            -26.2166675507665
          ]
        ]
      },
      "properties": {
        "id": 1302,
        "kml_id": 45817,
        "tension": "7.62",
        "n_distribu": "209",
        "localidad": "FORMOSA",
        "material": "AL/AL",
        "seccion": "25",
        "depto": "FORMOSA",
        "length_km": 1.3422,
        "num_points": 14
      }
    },
    {
      "type": "Feature",
      "geometry": {
        "type": "LineString",
        "coordinates": [
          [
            -58.1807652904005,
            -26.1186663910343
          ],
          [
            -58.1782595435087,
            -26.1178815498369
          ],
          [
            -58.1815344964231,
            -26.109206087369
          ],
          [
            -58.185263980169,
            -26.1065530882113
          ]
        ]
      },
      "properties": {
        "id": 1303,
        "kml_id": 45818,
        "tension": "7.62",
        "n_distribu": null,
        "localidad": null,
        "material": null,
        "seccion": null,
        "depto": null,
        "length_km": 1.7586,
        "num_points": 4
      }
    },
    {
      "type": "Feature",
      "geometry": {
        "type": "LineString",
        "coordinates": [
          [
            -58.2183642075671,
            -26.2289505496889
          ],
          [
            -58.2120487092886,
            -26.2269865018564
          ],
          [
            -58.2119257332,
            -26.2268221146
          ]
        ]
      },
      "properties": {
        "id": 1304,
        "kml_id": 45819,
        "tension": "7.62",
        "n_distribu": "704",
        "localidad": "FORMOSA",
        "material": "AL/AL",
        "seccion": "35",
        "depto": "FORMOSA",
        "length_km": 0.6887,
        "num_points": 3
      }
    },
    {
      "type": "Feature",
      "geometry": {
        "type": "LineString",
        "coordinates": [
          [
            -58.3602806308066,
            -26.3948332012072
          ],
          [
            -58.3538774656422,
            -26.392228659921
          ]
        ]
      },
      "properties": {
        "id": 1305,
        "kml_id": 45848,
        "tension": "7.62",
        "n_distribu": "SALIDA RURAL C.D. HERRADURA",
        "localidad": "TATANE",
        "material": "AL/AL",
        "seccion": null,
        "depto": "LAISHI",
        "length_km": 0.7005,
        "num_points": 2
      }
    },
    {
      "type": "Feature",
      "geometry": {
        "type": "LineString",
        "coordinates": [
          [
            -58.2962394782029,
            -26.2053892643268
          ],
          [
            -58.3062626314508,
            -26.2084757591365
          ]
        ]
      },
      "properties": {
        "id": 1306,
        "kml_id": 45849,
        "tension": "7.62",
        "n_distribu": "SALIDA VILLA DEL CARMEN",
        "localidad": "FORMOSA",
        "material": "AL/AL",
        "seccion": "35",
        "depto": "FORMOSA",
        "length_km": 1.0572,
        "num_points": 2
      }
    },
    {
      "type": "Feature",
      "geometry": {
        "type": "LineString",
        "coordinates": [
          [
            -58.3061006410952,
            -26.2086059299579
          ],
          [
            -58.3095906654512,
            -26.1999727118141
          ]
        ]
      },
      "properties": {
        "id": 1307,
        "kml_id": 45850,
        "tension": "7.62",
        "n_distribu": "SALIDA VILLA DEL CARMEN",
        "localidad": "FORMOSA",
        "material": "AL/AL",
        "seccion": "35",
        "depto": "FORMOSA",
        "length_km": 1.0212,
        "num_points": 2
      }
    },
    {
      "type": "Feature",
      "geometry": {
        "type": "LineString",
        "coordinates": [
          [
            -58.2929343915968,
            -26.2138808696369
          ],
          [
            -58.2964014685584,
            -26.2052504154507
          ]
        ]
      },
      "properties": {
        "id": 1308,
        "kml_id": 45857,
        "tension": "7.62",
        "n_distribu": "SALIDA VILLA DEL CARMEN",
        "localidad": "FORMOSA",
        "material": "AL/AL",
        "seccion": "35",
        "depto": "FORMOSA",
        "length_km": 1.0201,
        "num_points": 2
      }
    },
    {
      "type": "Feature",
      "geometry": {
        "type": "LineString",
        "coordinates": [
          [
            -58.1761178185901,
            -26.1839324030009
          ],
          [
            -58.1762498645869,
            -26.1839760453219
          ],
          [
            -58.1761508300893,
            -26.1842082448502
          ],
          [
            -58.1762157340538,
            -26.184340290847
          ],
          [
            -58.1757815489118,
            -26.1853653258731
          ]
        ]
      },
      "properties": {
        "id": 1309,
        "kml_id": 45891,
        "tension": "13.2",
        "n_distribu": "83",
        "localidad": "FORMOSA",
        "material": "AL/AL",
        "seccion": "70",
        "depto": "FORMOSA",
        "length_km": 0.1797,
        "num_points": 5
      }
    },
    {
      "type": "Feature",
      "geometry": {
        "type": "LineString",
        "coordinates": [
          [
            -58.2149075541327,
            -26.1741031241974
          ],
          [
            -58.2153764293248,
            -26.1740292679618
          ],
          [
            -58.2199890869422,
            -26.172115720042
          ]
        ]
      },
      "properties": {
        "id": 1310,
        "kml_id": 45931,
        "tension": "13.2",
        "n_distribu": "1101",
        "localidad": "FORMOSA",
        "material": "Al/Al",
        "seccion": null,
        "depto": "FORMOSA",
        "length_km": 0.5546,
        "num_points": 3
      }
    },
    {
      "type": "Feature",
      "geometry": {
        "type": "LineString",
        "coordinates": [
          [
            -58.1999817424315,
            -26.1263930176966
          ],
          [
            -58.1989255104983,
            -26.1260499153086
          ]
        ]
      },
      "properties": {
        "id": 1311,
        "kml_id": 45973,
        "tension": "13.2",
        "n_distribu": "22",
        "localidad": "FORMOSA",
        "material": "Al/al",
        "seccion": "50",
        "depto": "FORMOSA",
        "length_km": 0.1121,
        "num_points": 2
      }
    },
    {
      "type": "Feature",
      "geometry": {
        "type": "LineString",
        "coordinates": [
          [
            -58.1802619415,
            -26.1866996956
          ],
          [
            -58.179992624325,
            -26.1874007550786
          ]
        ]
      },
      "properties": {
        "id": 1312,
        "kml_id": 46004,
        "tension": "13.2",
        "n_distribu": "80",
        "localidad": "FORMOSA",
        "material": "Al/al",
        "seccion": "50",
        "depto": "FORMOSA",
        "length_km": 0.0825,
        "num_points": 2
      }
    },
    {
      "type": "Feature",
      "geometry": {
        "type": "LineString",
        "coordinates": [
          [
            -58.1896843903457,
            -26.1830559684588
          ],
          [
            -58.1896844130537,
            -26.1830559593139
          ],
          [
            -58.1901202967,
            -26.1819638003
          ]
        ]
      },
      "properties": {
        "id": 1313,
        "kml_id": 46005,
        "tension": "33",
        "n_distribu": "ALIMENTADOR 304",
        "localidad": "FORMOSA",
        "material": "AL",
        "seccion": "150",
        "depto": "FORMOSA",
        "length_km": 0.129,
        "num_points": 3
      }
    },
    {
      "type": "Feature",
      "geometry": {
        "type": "LineString",
        "coordinates": [
          [
            -58.1997582318089,
            -26.1265198446392
          ],
          [
            -58.200180801353,
            -26.1253787424463
          ],
          [
            -58.2000854354637,
            -26.1247177581789
          ],
          [
            -58.2003781100896,
            -26.1239942928116
          ]
        ]
      },
      "properties": {
        "id": 1314,
        "kml_id": 45974,
        "tension": "13.2",
        "n_distribu": "22",
        "localidad": "FORMOSA",
        "material": "Al/al",
        "seccion": "50",
        "depto": "FORMOSA",
        "length_km": 0.2934,
        "num_points": 4
      }
    },
    {
      "type": "Feature",
      "geometry": {
        "type": "LineString",
        "coordinates": [
          [
            -58.1854113062347,
            -26.1936857429301
          ],
          [
            -58.1681581694269,
            -26.1880438502966
          ]
        ]
      },
      "properties": {
        "id": 1315,
        "kml_id": 46006,
        "tension": "33",
        "n_distribu": "ALIMENTADOR 305",
        "localidad": "FORMOSA",
        "material": "AL",
        "seccion": "150",
        "depto": "FORMOSA",
        "length_km": 1.8322,
        "num_points": 2
      }
    },
    {
      "type": "Feature",
      "geometry": {
        "type": "LineString",
        "coordinates": [
          [
            -58.1774980793341,
            -26.1910949215393
          ],
          [
            -58.1773159432148,
            -26.1910979171991
          ],
          [
            -58.1752195804472,
            -26.196343317608
          ],
          [
            -58.1750302547442,
            -26.1962714217715
          ]
        ]
      },
      "properties": {
        "id": 1316,
        "kml_id": 46007,
        "tension": "33",
        "n_distribu": "ALIMENTADOR 305",
        "localidad": "FORMOSA",
        "material": "AL",
        "seccion": "150",
        "depto": "FORMOSA",
        "length_km": 0.6583,
        "num_points": 4
      }
    },
    {
      "type": "Feature",
      "geometry": {
        "type": "LineString",
        "coordinates": [
          [
            -58.1705828688013,
            -26.1816587858025
          ],
          [
            -58.1705828688013,
            -26.1816587858025
          ],
          [
            -58.1764052190611,
            -26.1835029503523
          ],
          [
            -58.1762625936022,
            -26.1839166321361
          ],
          [
            -58.176131067107,
            -26.1838671020667
          ]
        ]
      },
      "properties": {
        "id": 1317,
        "kml_id": 46011,
        "tension": "33",
        "n_distribu": "ALIMENTADOR 301",
        "localidad": "FORMOSA",
        "material": "AL/Ac",
        "seccion": "120",
        "depto": "FORMOSA",
        "length_km": 0.6785,
        "num_points": 5
      }
    },
    {
      "type": "Feature",
      "geometry": {
        "type": "LineString",
        "coordinates": [
          [
            -58.1931800972936,
            -26.1372306689614
          ],
          [
            -58.1932588139451,
            -26.1372561047289
          ],
          [
            -58.1932934447253,
            -26.1372271115176
          ],
          [
            -58.1934529073877,
            -26.136811542155
          ],
          [
            -58.1941797510888,
            -26.137051944199
          ]
        ]
      },
      "properties": {
        "id": 1318,
        "kml_id": 46012,
        "tension": "33",
        "n_distribu": "ALIMENTADOR 322",
        "localidad": "FORMOSA",
        "material": "Cu",
        "seccion": "150",
        "depto": "FORMOSA",
        "length_km": 0.1393,
        "num_points": 5
      }
    },
    {
      "type": "Feature",
      "geometry": {
        "type": "LineString",
        "coordinates": [
          [
            -58.1932259125021,
            -26.1372508000875
          ],
          [
            -58.1932586126033,
            -26.1372614402852
          ],
          [
            -58.1932981762563,
            -26.1372288229224
          ],
          [
            -58.1934551221469,
            -26.1368197971665
          ],
          [
            -58.1941770329753,
            -26.1370586891475
          ]
        ]
      },
      "properties": {
        "id": 1319,
        "kml_id": 46013,
        "tension": "33",
        "n_distribu": "ALIMENTADOR 323",
        "localidad": "FORMOSA",
        "material": "Cu",
        "seccion": "150",
        "depto": "FORMOSA",
        "length_km": 0.1337,
        "num_points": 5
      }
    },
    {
      "type": "Feature",
      "geometry": {
        "type": "LineString",
        "coordinates": [
          [
            -58.1932218856672,
            -26.1372624779087
          ],
          [
            -58.1932545857684,
            -26.1372731181064
          ],
          [
            -58.1933040151669,
            -26.1372300309729
          ],
          [
            -58.193458242944,
            -26.1368276494946
          ],
          [
            -58.1941743148617,
            -26.1370670448299
          ]
        ]
      },
      "properties": {
        "id": 1320,
        "kml_id": 46014,
        "tension": "33",
        "n_distribu": "ALIMENTADOR 324",
        "localidad": "FORMOSA",
        "material": "Cu",
        "seccion": "150",
        "depto": "FORMOSA",
        "length_km": 0.1339,
        "num_points": 5
      }
    },
    {
      "type": "Feature",
      "geometry": {
        "type": "LineString",
        "coordinates": [
          [
            -58.1931708355733,
            -26.1372526152117
          ],
          [
            -58.1932549884519,
            -26.1372822791558
          ],
          [
            -58.1933095341325,
            -26.1372327181717
          ],
          [
            -58.1934534107421,
            -26.1368467769604
          ],
          [
            -58.194171377474,
            -26.1370814098499
          ]
        ]
      },
      "properties": {
        "id": 1321,
        "kml_id": 46015,
        "tension": "33",
        "n_distribu": "ALIMENTADOR 321",
        "localidad": "FORMOSA",
        "material": "Cu",
        "seccion": "150",
        "depto": "FORMOSA",
        "length_km": 0.1383,
        "num_points": 5
      }
    },
    {
      "type": "Feature",
      "geometry": {
        "type": "LineString",
        "coordinates": [
          [
            -58.1851653970643,
            -26.177879248892
          ],
          [
            -58.185194088263,
            -26.1780139465197
          ],
          [
            -58.2021225664908,
            -26.1835105525796
          ],
          [
            -58.2043470098073,
            -26.1779015109121
          ],
          [
            -58.2088840763548,
            -26.1793965908991
          ],
          [
            -58.2091864074899,
            -26.1786542347394
          ],
          [
            -58.209203203664,
            -26.1785261118781
          ],
          [
            -58.2087024677216,
            -26.1777046148911
          ],
          [
            -58.2095838816961,
            -26.1770906174675
          ],
          [
            -58.2089544103342,
            -26.1760540667444
          ],
          [
            -58.2090551873792,
            -26.1760013091122
          ]
        ]
      },
      "properties": {
        "id": 1322,
        "kml_id": 46009,
        "tension": "33",
        "n_distribu": "ALIMENTADOR 301-307",
        "localidad": "FORMOSA",
        "material": "AL",
        "seccion": "150",
        "depto": "FORMOSA",
        "length_km": 3.4166,
        "num_points": 11
      }
    },
    {
      "type": "Feature",
      "geometry": {
        "type": "LineString",
        "coordinates": [
          [
            -58.1591893751061,
            -26.1407637315184
          ],
          [
            -58.1590536588586,
            -26.1411086992036
          ],
          [
            -58.1590536588586,
            -26.1411086992036
          ],
          [
            -58.1584371427446,
            -26.1408990723662
          ]
        ]
      },
      "properties": {
        "id": 1323,
        "kml_id": 46073,
        "tension": "13.2",
        "n_distribu": "92",
        "localidad": "FORMOSA",
        "material": "AL",
        "seccion": null,
        "depto": "FORMOSA",
        "length_km": 0.1065,
        "num_points": 4
      }
    },
    {
      "type": "Feature",
      "geometry": {
        "type": "LineString",
        "coordinates": [
          [
            -58.1604421357661,
            -26.1357298475211
          ],
          [
            -58.1611869316983,
            -26.1359812582747
          ]
        ]
      },
      "properties": {
        "id": 1324,
        "kml_id": 46074,
        "tension": "13.2",
        "n_distribu": "504",
        "localidad": "FORMOSA",
        "material": "AL/AL",
        "seccion": null,
        "depto": "FORMOSA",
        "length_km": 0.0794,
        "num_points": 2
      }
    },
    {
      "type": "Feature",
      "geometry": {
        "type": "LineString",
        "coordinates": [
          [
            -58.1438675564616,
            -26.1324735078557
          ],
          [
            -58.1434573579205,
            -26.1323514239419
          ]
        ]
      },
      "properties": {
        "id": 1325,
        "kml_id": 46075,
        "tension": "13.2",
        "n_distribu": "503",
        "localidad": "FORMOSA",
        "material": "AL/AL",
        "seccion": null,
        "depto": null,
        "length_km": 0.0431,
        "num_points": 2
      }
    },
    {
      "type": "Feature",
      "geometry": {
        "type": "LineString",
        "coordinates": [
          [
            -58.1491448253206,
            -26.138042788756
          ],
          [
            -58.1498597231593,
            -26.1382693116177
          ]
        ]
      },
      "properties": {
        "id": 1326,
        "kml_id": 46077,
        "tension": "13.2",
        "n_distribu": "SALIDA 24",
        "localidad": "FORMOSA",
        "material": "AL/AL",
        "seccion": "70",
        "depto": "FORMOSA",
        "length_km": 0.0757,
        "num_points": 2
      }
    },
    {
      "type": "Feature",
      "geometry": {
        "type": "LineString",
        "coordinates": [
          [
            -58.1498680359249,
            -26.1382713898091
          ],
          [
            -58.1547808803751,
            -26.139867440798
          ]
        ]
      },
      "properties": {
        "id": 1327,
        "kml_id": 46078,
        "tension": "13.2",
        "n_distribu": "SALIDA 24",
        "localidad": "FORMOSA",
        "material": "CONDUCTOR PROTEGIDO",
        "seccion": "70",
        "depto": "FORMOSA",
        "length_km": 0.5215,
        "num_points": 2
      }
    },
    {
      "type": "Feature",
      "geometry": {
        "type": "LineString",
        "coordinates": [
          [
            -58.193826730617,
            -26.2012029405277
          ],
          [
            -58.1935481368,
            -26.201873524
          ],
          [
            -58.192975,
            -26.201822
          ]
        ]
      },
      "properties": {
        "id": 1328,
        "kml_id": 46079,
        "tension": "13.2",
        "n_distribu": "702",
        "localidad": "FORMOSA",
        "material": "AL/AL",
        "seccion": null,
        "depto": "FORMOSA",
        "length_km": 0.137,
        "num_points": 3
      }
    },
    {
      "type": "Feature",
      "geometry": {
        "type": "LineString",
        "coordinates": [
          [
            -58.1579277278194,
            -26.1501961136947
          ],
          [
            -58.1580146227885,
            -26.1502261319568
          ],
          [
            -58.1585028145244,
            -26.1489969631202
          ],
          [
            -58.1587500702095,
            -26.1489250772821
          ],
          [
            -58.1626492844624,
            -26.1502111228258
          ]
        ]
      },
      "properties": {
        "id": 1329,
        "kml_id": 46101,
        "tension": "13.2",
        "n_distribu": "93",
        "localidad": "FORMOSA",
        "material": "ALUMINIO",
        "seccion": "70",
        "depto": "FORMOSA",
        "length_km": 0.595,
        "num_points": 5
      }
    },
    {
      "type": "Feature",
      "geometry": {
        "type": "LineString",
        "coordinates": [
          [
            -58.2263587295452,
            -26.1937180904012
          ],
          [
            -58.2225460906476,
            -26.1924776298191
          ]
        ]
      },
      "properties": {
        "id": 1330,
        "kml_id": 46105,
        "tension": "13.2",
        "n_distribu": "30",
        "localidad": "FORMOSA",
        "material": "AL/AL",
        "seccion": "35",
        "depto": "FORMOSA",
        "length_km": 0.4046,
        "num_points": 2
      }
    },
    {
      "type": "Feature",
      "geometry": {
        "type": "LineString",
        "coordinates": [
          [
            -58.2225511825048,
            -26.1927315698559
          ],
          [
            -58.2227179936539,
            -26.1922993600349
          ]
        ]
      },
      "properties": {
        "id": 1331,
        "kml_id": 46106,
        "tension": "13.2",
        "n_distribu": "30",
        "localidad": "FORMOSA",
        "material": "AL/AL",
        "seccion": "35",
        "depto": "FORMOSA",
        "length_km": 0.0509,
        "num_points": 2
      }
    },
    {
      "type": "Feature",
      "geometry": {
        "type": "LineString",
        "coordinates": [
          [
            -58.1721935473327,
            -26.1748797622084
          ],
          [
            -58.1711684104197,
            -26.1745590691144
          ]
        ]
      },
      "properties": {
        "id": 1332,
        "kml_id": 46107,
        "tension": "13.2",
        "n_distribu": "002",
        "localidad": "FORMOSA",
        "material": "AL/AL",
        "seccion": "50",
        "depto": "FORMOSA",
        "length_km": 0.1083,
        "num_points": 2
      }
    },
    {
      "type": "Feature",
      "geometry": {
        "type": "LineString",
        "coordinates": [
          [
            -58.1958931103951,
            -26.2014875453606
          ],
          [
            -58.1957131163993,
            -26.201992469135
          ]
        ]
      },
      "properties": {
        "id": 1333,
        "kml_id": 46108,
        "tension": "13.2",
        "n_distribu": "702",
        "localidad": "FORMOSA",
        "material": "AL/AL",
        "seccion": "35",
        "depto": "FORMOSA",
        "length_km": 0.0589,
        "num_points": 2
      }
    },
    {
      "type": "Feature",
      "geometry": {
        "type": "LineString",
        "coordinates": [
          [
            -58.1497913849412,
            -26.132297419578
          ],
          [
            -58.1497862807981,
            -26.1322957267543
          ]
        ]
      },
      "properties": {
        "id": 1334,
        "kml_id": 46072,
        "tension": "13.2",
        "n_distribu": "504",
        "localidad": null,
        "material": "AL/AL",
        "seccion": null,
        "depto": null,
        "length_km": 0.0005,
        "num_points": 2
      }
    },
    {
      "type": "Feature",
      "geometry": {
        "type": "LineString",
        "coordinates": [
          [
            -58.2008318226519,
            -26.1986733467182
          ],
          [
            -58.2027183150782,
            -26.1993326146426
          ]
        ]
      },
      "properties": {
        "id": 1335,
        "kml_id": 46122,
        "tension": "13.2",
        "n_distribu": "703",
        "localidad": "FORMOSA",
        "material": "AL/AL",
        "seccion": null,
        "depto": "FORMOSA",
        "length_km": 0.202,
        "num_points": 2
      }
    },
    {
      "type": "Feature",
      "geometry": {
        "type": "LineString",
        "coordinates": [
          [
            -58.2785965570341,
            -26.0827960343438
          ],
          [
            -58.2793344539216,
            -26.1024172765777
          ],
          [
            -58.275729155206,
            -26.102517225453
          ]
        ]
      },
      "properties": {
        "id": 1336,
        "kml_id": 46153,
        "tension": "13.2",
        "n_distribu": "SAL POLO CIENTIFICO",
        "localidad": "FORMOSA",
        "material": "AL/AL",
        "seccion": "70",
        "depto": "FORMOSA",
        "length_km": 2.5432,
        "num_points": 3
      }
    },
    {
      "type": "Feature",
      "geometry": {
        "type": "LineString",
        "coordinates": [
          [
            -58.2093242122495,
            -26.2063114678993
          ],
          [
            -58.2092056315203,
            -26.206327264928
          ],
          [
            -58.209137060768,
            -26.2065413736037
          ],
          [
            -58.2093483706375,
            -26.2067827706401
          ],
          [
            -58.2092993915286,
            -26.2068982213966
          ]
        ]
      },
      "properties": {
        "id": 1337,
        "kml_id": 46155,
        "tension": "33",
        "n_distribu": "ALIMENTADOR 305",
        "localidad": "FORMOSA",
        "material": "AL",
        "seccion": "70",
        "depto": "FORMOSA",
        "length_km": 0.0846,
        "num_points": 5
      }
    },
    {
      "type": "Feature",
      "geometry": {
        "type": "LineString",
        "coordinates": [
          [
            -58.2395904339184,
            -26.1969176784213
          ],
          [
            -58.2405485974942,
            -26.1973559243807
          ]
        ]
      },
      "properties": {
        "id": 1338,
        "kml_id": 46159,
        "tension": "13.2",
        "n_distribu": "601",
        "localidad": "FORMOSA",
        "material": "AL/AL",
        "seccion": null,
        "depto": "FORMOSA",
        "length_km": 0.1073,
        "num_points": 2
      }
    },
    {
      "type": "Feature",
      "geometry": {
        "type": "LineString",
        "coordinates": [
          [
            -58.2311048562773,
            -26.1787281084824
          ],
          [
            -58.2311024708591,
            -26.1787343353484
          ]
        ]
      },
      "properties": {
        "id": 1339,
        "kml_id": 46161,
        "tension": "13.2",
        "n_distribu": "1103",
        "localidad": "FORMOSA",
        "material": null,
        "seccion": null,
        "depto": "FORMOSA",
        "length_km": 0.0007,
        "num_points": 2
      }
    },
    {
      "type": "Feature",
      "geometry": {
        "type": "LineString",
        "coordinates": [
          [
            -58.2311024708591,
            -26.1787343353484
          ],
          [
            -58.2300409353649,
            -26.1815053543174
          ]
        ]
      },
      "properties": {
        "id": 1340,
        "kml_id": 46162,
        "tension": "13.2",
        "n_distribu": "1103",
        "localidad": "FORMOSA",
        "material": null,
        "seccion": null,
        "depto": "FORMOSA",
        "length_km": 0.3258,
        "num_points": 2
      }
    },
    {
      "type": "Feature",
      "geometry": {
        "type": "LineString",
        "coordinates": [
          [
            -58.2314813646503,
            -26.178372341935
          ],
          [
            -58.2313377893326,
            -26.1787205120804
          ],
          [
            -58.2311432447771,
            -26.1786537495577
          ],
          [
            -58.2311080688243,
            -26.1787183584506
          ]
        ]
      },
      "properties": {
        "id": 1341,
        "kml_id": 46163,
        "tension": "13.2",
        "n_distribu": "1103",
        "localidad": "FORMOSA",
        "material": null,
        "seccion": null,
        "depto": "FORMOSA",
        "length_km": 0.0701,
        "num_points": 4
      }
    },
    {
      "type": "Feature",
      "geometry": {
        "type": "LineString",
        "coordinates": [
          [
            -58.2756963259348,
            -26.0799166110004
          ],
          [
            -58.2773159901194,
            -26.0791491784941
          ],
          [
            -58.2782403389506,
            -26.0786978879007
          ]
        ]
      },
      "properties": {
        "id": 1342,
        "kml_id": 46167,
        "tension": "33",
        "n_distribu": "ALIMENTADOR 320",
        "localidad": "FORMOSA",
        "material": "AL/AC",
        "seccion": "95/15",
        "depto": "FORMOSA",
        "length_km": 0.288,
        "num_points": 3
      }
    },
    {
      "type": "Feature",
      "geometry": {
        "type": "LineString",
        "coordinates": [
          [
            -58.2784868811861,
            -26.0788008772522
          ],
          [
            -58.2789120316776,
            -26.0783720546538
          ]
        ]
      },
      "properties": {
        "id": 1343,
        "kml_id": 46168,
        "tension": "13.2",
        "n_distribu": "SAL POLO CIENTIFICO",
        "localidad": "FORMOSA",
        "material": "AL/AL",
        "seccion": "70",
        "depto": "FORMOSA",
        "length_km": 0.0638,
        "num_points": 2
      }
    },
    {
      "type": "Feature",
      "geometry": {
        "type": "LineString",
        "coordinates": [
          [
            -58.162226525051,
            -26.1310161228444
          ],
          [
            -58.161015020961,
            -26.1306543092916
          ],
          [
            -58.1608947079844,
            -26.1306207870685
          ],
          [
            -58.1622534148747,
            -26.1271763273718
          ],
          [
            -58.154780526978,
            -26.1247998796393
          ]
        ]
      },
      "properties": {
        "id": 1344,
        "kml_id": 34225,
        "tension": "13.2",
        "n_distribu": "501",
        "localidad": "FORMOSA",
        "material": "AL/AL",
        "seccion": "70",
        "depto": "FORMOSA",
        "length_km": 1.3378,
        "num_points": 5
      }
    },
    {
      "type": "Feature",
      "geometry": {
        "type": "LineString",
        "coordinates": [
          [
            -58.154780526978,
            -26.1247998796393
          ],
          [
            -58.1539621913013,
            -26.1246713712917
          ],
          [
            -58.1531096286572,
            -26.1246713712917
          ],
          [
            -58.1507012947646,
            -26.1246462283376
          ]
        ]
      },
      "properties": {
        "id": 1345,
        "kml_id": 34226,
        "tension": "13.2",
        "n_distribu": "501",
        "localidad": "FORMOSA",
        "material": "AL/AL",
        "seccion": "70",
        "depto": "FORMOSA",
        "length_km": 0.4085,
        "num_points": 4
      }
    },
    {
      "type": "Feature",
      "geometry": {
        "type": "LineString",
        "coordinates": [
          [
            -58.2189282657389,
            -26.1994187497042
          ],
          [
            -58.218480093246,
            -26.1992760475789
          ],
          [
            -58.218305219257,
            -26.1997781857471
          ]
        ]
      },
      "properties": {
        "id": 1346,
        "kml_id": 34222,
        "tension": "13.2",
        "n_distribu": "601",
        "localidad": "FORMOSA",
        "material": "AL/AL",
        "seccion": "70",
        "depto": "FORMOSA",
        "length_km": 0.1059,
        "num_points": 3
      }
    },
    {
      "type": "Feature",
      "geometry": {
        "type": "LineString",
        "coordinates": [
          [
            -58.1982044247841,
            -26.1737506851131
          ],
          [
            -58.1982044247841,
            -26.1737506851131
          ],
          [
            -58.1982044247841,
            -26.1737506851131
          ],
          [
            -58.1967561732,
            -26.1773668706
          ],
          [
            -58.1965907199,
            -26.1773129227
          ]
        ]
      },
      "properties": {
        "id": 1347,
        "kml_id": 34223,
        "tension": "13.2",
        "n_distribu": "103",
        "localidad": "FORMOSA",
        "material": null,
        "seccion": null,
        "depto": "FORMOSA",
        "length_km": 0.4449,
        "num_points": 5
      }
    },
    {
      "type": "Feature",
      "geometry": {
        "type": "LineString",
        "coordinates": [
          [
            -58.1783947104654,
            -26.178593347964
          ],
          [
            -58.1779279592214,
            -26.1797360439958
          ]
        ]
      },
      "properties": {
        "id": 1348,
        "kml_id": 34375,
        "tension": "13.2",
        "n_distribu": "004",
        "localidad": "FORMOSA",
        "material": "AL/AL",
        "seccion": "70",
        "depto": "FORMOSA",
        "length_km": 0.1353,
        "num_points": 2
      }
    },
    {
      "type": "Feature",
      "geometry": {
        "type": "LineString",
        "coordinates": [
          [
            -58.1930079576102,
            -26.1420179181254
          ],
          [
            -58.1946273941958,
            -26.1402033979808
          ],
          [
            -58.2065867519244,
            -26.1312132801003
          ],
          [
            -58.2182163912438,
            -26.1226073214498
          ],
          [
            -58.2267953792904,
            -26.1163002088066
          ],
          [
            -58.2287887206642,
            -26.114678676901
          ],
          [
            -58.2372442342241,
            -26.1085003888526
          ]
        ]
      },
      "properties": {
        "id": 1349,
        "kml_id": 34333,
        "tension": "13.2",
        "n_distribu": "22",
        "localidad": "FORMOSA",
        "material": "AL/AL",
        "seccion": null,
        "depto": "FORMOSA",
        "length_km": 5.7842,
        "num_points": 7
      }
    },
    {
      "type": "Feature",
      "geometry": {
        "type": "LineString",
        "coordinates": [
          [
            -58.1802277738552,
            -26.1678386259808
          ],
          [
            -58.1800941829679,
            -26.1678337530627
          ]
        ]
      },
      "properties": {
        "id": 1350,
        "kml_id": 34342,
        "tension": "13.2",
        "n_distribu": "005",
        "localidad": "FORMOSA",
        "material": "AL/AL",
        "seccion": "35",
        "depto": "FORMOSA",
        "length_km": 0.0133,
        "num_points": 2
      }
    },
    {
      "type": "Feature",
      "geometry": {
        "type": "LineString",
        "coordinates": [
          [
            -58.1769102777264,
            -26.1667284219246
          ],
          [
            -58.1768285543984,
            -26.1669426841188
          ]
        ]
      },
      "properties": {
        "id": 1351,
        "kml_id": 34343,
        "tension": "13.2",
        "n_distribu": "009",
        "localidad": "FORMOSA",
        "material": "AL/AL",
        "seccion": "70",
        "depto": "FORMOSA",
        "length_km": 0.0252,
        "num_points": 2
      }
    },
    {
      "type": "Feature",
      "geometry": {
        "type": "LineString",
        "coordinates": [
          [
            -58.1805291581383,
            -26.1679301653887
          ],
          [
            -58.1802328493513,
            -26.16783163152
          ],
          [
            -58.1796427499408,
            -26.1676194650875
          ]
        ]
      },
      "properties": {
        "id": 1352,
        "kml_id": 34344,
        "tension": "13.2",
        "n_distribu": "009",
        "localidad": "FORMOSA",
        "material": "AL/AL",
        "seccion": "70",
        "depto": "FORMOSA",
        "length_km": 0.095,
        "num_points": 3
      }
    },
    {
      "type": "Feature",
      "geometry": {
        "type": "LineString",
        "coordinates": [
          [
            -58.1802277738552,
            -26.1678386259808
          ],
          [
            -58.1836840982871,
            -26.1689683805793
          ]
        ]
      },
      "properties": {
        "id": 1353,
        "kml_id": 34345,
        "tension": "13.2",
        "n_distribu": "005",
        "localidad": "FORMOSA",
        "material": "AL/AL",
        "seccion": "70",
        "depto": "FORMOSA",
        "length_km": 0.3671,
        "num_points": 2
      }
    },
    {
      "type": "Feature",
      "geometry": {
        "type": "LineString",
        "coordinates": [
          [
            -58.1836487334577,
            -26.1690563991742
          ],
          [
            -58.1813621667189,
            -26.1746814106824
          ]
        ]
      },
      "properties": {
        "id": 1354,
        "kml_id": 34380,
        "tension": "13.2",
        "n_distribu": "005",
        "localidad": "FORMOSA",
        "material": "AL/AL",
        "seccion": "70",
        "depto": "FORMOSA",
        "length_km": 0.6658,
        "num_points": 2
      }
    },
    {
      "type": "Feature",
      "geometry": {
        "type": "LineString",
        "coordinates": [
          [
            -58.1813621667189,
            -26.1746814106824
          ],
          [
            -58.1780100009,
            -26.1830239981
          ]
        ]
      },
      "properties": {
        "id": 1355,
        "kml_id": 34381,
        "tension": "13.2",
        "n_distribu": "005",
        "localidad": "FORMOSA",
        "material": "AL/AL",
        "seccion": "50",
        "depto": "FORMOSA",
        "length_km": 0.9861,
        "num_points": 2
      }
    },
    {
      "type": "Feature",
      "geometry": {
        "type": "LineString",
        "coordinates": [
          [
            -58.1783883716881,
            -26.1783145800568
          ],
          [
            -58.1798200593714,
            -26.1787922807386
          ]
        ]
      },
      "properties": {
        "id": 1356,
        "kml_id": 34382,
        "tension": "13.2",
        "n_distribu": "005",
        "localidad": "FORMOSA",
        "material": null,
        "seccion": null,
        "depto": "FORMOSA",
        "length_km": 0.1524,
        "num_points": 2
      }
    },
    {
      "type": "Feature",
      "geometry": {
        "type": "LineString",
        "coordinates": [
          [
            -58.1579325793672,
            -26.1501717171081
          ],
          [
            -58.1579943255754,
            -26.1501935098874
          ],
          [
            -58.1584810309806,
            -26.1489852213439
          ],
          [
            -58.1584531846515,
            -26.1488326718886
          ],
          [
            -58.1568828938289,
            -26.1482987487947
          ],
          [
            -58.1568606974796,
            -26.1482176312272
          ]
        ]
      },
      "properties": {
        "id": 1357,
        "kml_id": 34400,
        "tension": "13.2",
        "n_distribu": "92",
        "localidad": "FORMOSA",
        "material": "ALUMINIO",
        "seccion": "70",
        "depto": "FORMOSA",
        "length_km": 0.3436,
        "num_points": 6
      }
    },
    {
      "type": "Feature",
      "geometry": {
        "type": "LineString",
        "coordinates": [
          [
            -58.1604765225441,
            -26.1455307252375
          ],
          [
            -58.1614008093962,
            -26.1458358935806
          ]
        ]
      },
      "properties": {
        "id": 1358,
        "kml_id": 34403,
        "tension": "13.2",
        "n_distribu": "92",
        "localidad": "FORMOSA",
        "material": "AL/AL",
        "seccion": "35",
        "depto": "FORMOSA",
        "length_km": 0.0983,
        "num_points": 2
      }
    },
    {
      "type": "Feature",
      "geometry": {
        "type": "LineString",
        "coordinates": [
          [
            -58.1595880739035,
            -26.1452362894712
          ],
          [
            -58.1582143284326,
            -26.1447805787198
          ]
        ]
      },
      "properties": {
        "id": 1359,
        "kml_id": 34404,
        "tension": "13.2",
        "n_distribu": "92",
        "localidad": "FORMOSA",
        "material": "AL/AL",
        "seccion": "35",
        "depto": "FORMOSA",
        "length_km": 0.1462,
        "num_points": 2
      }
    },
    {
      "type": "Feature",
      "geometry": {
        "type": "LineString",
        "coordinates": [
          [
            -58.1579346981097,
            -26.1467357537609
          ],
          [
            -58.1575003719238,
            -26.1465876418183
          ]
        ]
      },
      "properties": {
        "id": 1360,
        "kml_id": 34405,
        "tension": "13.2",
        "n_distribu": "92",
        "localidad": "FORMOSA",
        "material": "AL/AL",
        "seccion": "35",
        "depto": "FORMOSA",
        "length_km": 0.0464,
        "num_points": 2
      }
    },
    {
      "type": "Feature",
      "geometry": {
        "type": "LineString",
        "coordinates": [
          [
            -58.2362875929335,
            -26.2737297244707
          ],
          [
            -58.2388053812,
            -26.267486464
          ]
        ]
      },
      "properties": {
        "id": 1361,
        "kml_id": 34429,
        "tension": "13.2",
        "n_distribu": "SALIDA TRES MARIAS",
        "localidad": "FORMOSA",
        "material": "AL/AL",
        "seccion": null,
        "depto": "FORMOSA",
        "length_km": 0.7382,
        "num_points": 2
      }
    },
    {
      "type": "Feature",
      "geometry": {
        "type": "LineString",
        "coordinates": [
          [
            -58.2508960003,
            -26.239058998
          ],
          [
            -58.2505857443013,
            -26.2394070193454
          ],
          [
            -58.2513068159187,
            -26.2396260618556
          ]
        ]
      },
      "properties": {
        "id": 1362,
        "kml_id": 34433,
        "tension": "13.2",
        "n_distribu": "SALIDA VILLA DEL CARMEN",
        "localidad": "FORMOSA",
        "material": "AL/AL",
        "seccion": "35",
        "depto": "FORMOSA",
        "length_km": 0.1255,
        "num_points": 3
      }
    }
  ]
}